0 0 0 |[0, 0, 0]| | Cactus Valley LE.SC2Replay|
1 0 0 |[0, 0, 0]| | Cactus Valley LE.SC2Replay|
2 0 0 |[0, 0, 0]| | Cactus Valley LE.SC2Replay|
3 0 0 |[0, 0, 0]| | Cactus Valley LE.SC2Replay|
4 0 0 |[0, 0, 0]| | Cactus Valley LE.SC2Replay|
5 0 0 |[0, 0, 0]| | Cactus Valley LE.SC2Replay|
6 0 0 |[0, 0, 0]| | Cactus Valley LE.SC2Replay|
7 0 0 |[0, 0, 0]| | Cactus Valley LE.SC2Replay|
8 0 0 |[0, 0, 0]| | Cactus Valley LE.SC2Replay|
9 0 0 |[0, 0, 0]| | Cactus Valley LE.SC2Replay|
10 0 0 |[0, 0, 0]| | Cactus Valley LE.SC2Replay|
11 0 0 |[0, 0, 0]| | Cactus Valley LE.SC2Replay|
12 0 0 |[0, 0, 0]| | Cactus Valley LE.SC2Replay|
13 0 0 |[0, 0, 0]| | Cactus Valley LE.SC2Replay|
14 0 0 |[0, 0, 0]| | Cactus Valley LE.SC2Replay|
15 0 0 |[0, 0, 0]| | Cactus Valley LE.SC2Replay|
16 0 0 |[0, 0, 0]| | Cactus Valley LE.SC2Replay|
17 0 0 |[0, 0, 0]| | Cactus Valley LE.SC2Replay|
18 0 0 |[0, 0, 0]| | Cactus Valley LE.SC2Replay|
19 0 0 |[0, 0, 0]| | Cactus Valley LE.SC2Replay|
20 0 0 |[0, 0, 0]| | Cactus Valley LE.SC2Replay|
21 0 0 |[0, 0, 0]| | Cactus Valley LE.SC2Replay|
22 0 0 |[0, 0, 0]| | Cactus Valley LE.SC2Replay|
23 0 0 |[0, 0, 0]| | Cactus Valley LE.SC2Replay|
24 0 0 |[0, 0, 0]| | Cactus Valley LE.SC2Replay|
25 0 0 |[0, 0, 0]| | Cactus Valley LE.SC2Replay|
26 0 0 |[0, 0, 0]| | Cactus Valley LE.SC2Replay|
27 0 0 |[0, 0, 0]| | Cactus Valley LE.SC2Replay|
28 0 0 |[0, 0, 0]| | Cactus Valley LE.SC2Replay|
29 0 0 |[0, 0, 0]| | Cactus Valley LE.SC2Replay|
30 0 0 |[0, 0, 0]| | Cactus Valley LE.SC2Replay|
31 0 0 |[0, 0, 0]| | Cactus Valley LE.SC2Replay|
32 0 0 |[0, 0, 0]| | Cactus Valley LE.SC2Replay|
33 0 0 |[0, 0, 0]| | Cactus Valley LE.SC2Replay|
34 0 0 |[0, 0, 0]| | Cactus Valley LE.SC2Replay|
35 0 0 |[0, 0, 0]| | Cactus Valley LE.SC2Replay|
36 0 0 |[0, 0, 0]| | Cactus Valley LE.SC2Replay|
37 0 0 |[0, 0, 0]| | Cactus Valley LE.SC2Replay|
38 0 0 |[0, 0, 0]| | Cactus Valley LE.SC2Replay|
39 0 0 |[0, 0, 0]| | Cactus Valley LE.SC2Replay|
40 0 0 |[0, 0, 0]| | Cactus Valley LE.SC2Replay|
41 0 0 |[0, 0, 0]| | Cactus Valley LE.SC2Replay|
42 0 0 |[0, 0, 0]| | Cactus Valley LE.SC2Replay|
43 0 0 |[0, 0, 0]| | Cactus Valley LE.SC2Replay|
44 0 0 |[0, 0, 0]| | Cactus Valley LE.SC2Replay|
45 0 0 |[0, 0, 0]| | Cactus Valley LE.SC2Replay|
46 0 0 |[0, 0, 0]| | Cactus Valley LE.SC2Replay|
47 0 0 |[0, 0, 0]| | Cactus Valley LE.SC2Replay|
48 0 0 |[0, 0, 0]| | Cactus Valley LE.SC2Replay|
49 0 0 |[0, 0, 0]| | Cactus Valley LE.SC2Replay|
50 0 0 |[0, 0, 0]| | Cactus Valley LE.SC2Replay|
51 0 0 |[0, 0, 0]| | Cactus Valley LE.SC2Replay|
52 0 0 |[0, 0, 0]| | Cactus Valley LE.SC2Replay|
53 0 0 |[0, 0, 0]| | Cactus Valley LE.SC2Replay|
54 0 0 |[0, 0, 0]| | Cactus Valley LE.SC2Replay|
55 0 0 |[0, 0, 0]| | Cactus Valley LE.SC2Replay|
56 0 0 |[0, 0, 0]| | Cactus Valley LE.SC2Replay|
57 0 0 |[0, 0, 0]| | Cactus Valley LE.SC2Replay|
58 0 0 |[0, 0, 0]| | Cactus Valley LE.SC2Replay|
59 0 0 |[0, 0, 0]| | Cactus Valley LE.SC2Replay|
60 0 0 |[0, 0, 0]| | Cactus Valley LE.SC2Replay|
61 0 0 |[0, 0, 0]| | Cactus Valley LE.SC2Replay|
62 0 0 |[0, 0, 0]| | Cactus Valley LE.SC2Replay|
63 0 0 |[0, 0, 0]| | Cactus Valley LE.SC2Replay|
64 0 0 |[0, 0, 0]| | Cactus Valley LE.SC2Replay|
65 0 0 |[0, 0, 0]| | Cactus Valley LE.SC2Replay|
66 0 0 |[0, 0, 0]| | Cactus Valley LE.SC2Replay|
67 0 0 |[0, 0, 0]| | Cactus Valley LE.SC2Replay|
68 0 0 |[0, 0, 0]| | Cactus Valley LE.SC2Replay|
69 0 0 |[0, 0, 0]| | Cactus Valley LE.SC2Replay|
70 0 0 |[0, 0, 0]| | Cactus Valley LE.SC2Replay|
71 0 0 |[0, 0, 0]| | Cactus Valley LE.SC2Replay|
72 0 0 |[0, 0, 0]| | Cactus Valley LE.SC2Replay|
73 0 0 |[0, 0, 0]| | Cactus Valley LE.SC2Replay|
74 0 0 |[0, 0, 0]| | Cactus Valley LE.SC2Replay|
75 0 0 |[0, 0, 0]| | Cactus Valley LE.SC2Replay|
76 0 0 |[0, 0, 0]| | Cactus Valley LE.SC2Replay|
77 0 0 |[0, 0, 0]| | Cactus Valley LE.SC2Replay|
78 0 0 |[0, 0, 0]| | Cactus Valley LE.SC2Replay|
79 0 0 |[0, 0, 0]| | Cactus Valley LE.SC2Replay|
80 0 0 |[0, 0, 0]| | Cactus Valley LE.SC2Replay|
81 0 0 |[0, 0, 0]| | Cactus Valley LE.SC2Replay|
82 0 0 |[0, 0, 0]| | Cactus Valley LE.SC2Replay|
83 0 0 |[0, 0, 0]| | Cactus Valley LE.SC2Replay|
84 0 0 |[0, 0, 0]| | Cactus Valley LE.SC2Replay|
85 0 0 |[0, 0, 0]| | Cactus Valley LE.SC2Replay|
86 0 0 |[0, 0, 0]| | Cactus Valley LE.SC2Replay|
87 0 0 |[0, 0, 0]| | Cactus Valley LE.SC2Replay|
88 0 0 |[0, 0, 0]| | Cactus Valley LE.SC2Replay|
89 0 0 |[0, 0, 0]| | Cactus Valley LE.SC2Replay|
90 0 0 |[0, 0, 0]| | Cactus Valley LE.SC2Replay|
91 0 0 |[0, 0, 0]| | Cactus Valley LE.SC2Replay|
92 0 0 |[0, 0, 0]| | Cactus Valley LE.SC2Replay|
93 0 0 |[0, 0, 0]| | Cactus Valley LE.SC2Replay|
94 0 0 |[0, 0, 0]| | Cactus Valley LE.SC2Replay|
95 0 0 |[0, 0, 0]| | Cactus Valley LE.SC2Replay|
96 0 0 |[0, 0, 0]| | Cactus Valley LE.SC2Replay|
97 0 0 |[0, 0, 0]| | Cactus Valley LE.SC2Replay|
98 0 0 |[0, 0, 0]| | Cactus Valley LE.SC2Replay|
99 0 0 |[0, 0, 0]| | Cactus Valley LE.SC2Replay|
100 0 0 |[0, 0, 0]| | Cactus Valley LE.SC2Replay|
101 0 0 |[0, 0, 0]| | Cactus Valley LE.SC2Replay|
102 0 0 |[0, 0, 0]| | Cactus Valley LE.SC2Replay|
103 0 0 |[0, 0, 0]| | Cactus Valley LE.SC2Replay|
104 0 0 |[0, 0, 0]| | Cactus Valley LE.SC2Replay|
105 0 0 |[0, 0, 0]| | Cactus Valley LE.SC2Replay|
106 0 0 |[0, 0, 0]| | Cactus Valley LE.SC2Replay|
107 0 0 |[0, 0, 0]| | Cactus Valley LE.SC2Replay|
108 0 0 |[0, 0, 0]| | Cactus Valley LE.SC2Replay|
109 0 0 |[0, 0, 0]| | Cactus Valley LE.SC2Replay|
110 0 0 |[0, 0, 0]| | Cactus Valley LE.SC2Replay|
111 0 0 |[0, 0, 0]| | Cactus Valley LE.SC2Replay|
112 0 0 |[0, 0, 0]| | Cactus Valley LE.SC2Replay|
113 0 0 |[0, 0, 0]| | Cactus Valley LE.SC2Replay|
114 0 0 |[0, 0, 0]| | Cactus Valley LE.SC2Replay|
115 0 0 |[0, 0, 0]| | Cactus Valley LE.SC2Replay|
116 0 0 |[0, 0, 0]| | Cactus Valley LE.SC2Replay|
117 0 0 |[0, 0, 0]| | Cactus Valley LE.SC2Replay|
118 0 0 |[0, 0, 0]| | Cactus Valley LE.SC2Replay|
119 0 0 |[0, 0, 0]| | Cactus Valley LE.SC2Replay|
120 0 0 |[0, 0, 0]| | Cactus Valley LE.SC2Replay|
121 0 0 |[0, 0, 0]| | Cactus Valley LE.SC2Replay|
122 0 0 |[0, 0, 0]| | Cactus Valley LE.SC2Replay|
123 0 0 |[0, 0, 0]| | Cactus Valley LE.SC2Replay|
124 0 0 |[0, 0, 0]| | Cactus Valley LE.SC2Replay|
125 0 0 |[0, 0, 0]| | Cactus Valley LE.SC2Replay|
126 0 0 |[0, 0, 0]| | Cactus Valley LE.SC2Replay|
127 0 0 |[0, 0, 0]| | Cactus Valley LE.SC2Replay|
128 0 0 |[0, 0, 0]| | Cactus Valley LE.SC2Replay|
129 0 0 |[0, 0, 0]| | Cactus Valley LE.SC2Replay|
130 0 0 |[0, 0, 0]| | Cactus Valley LE.SC2Replay|
131 0 0 |[0, 0, 0]| | Cactus Valley LE.SC2Replay|
132 0 0 |[0, 0, 0]| | Cactus Valley LE.SC2Replay|
133 0 0 |[0, 0, 0]| | Cactus Valley LE.SC2Replay|
134 0 0 |[0, 0, 0]| | Cactus Valley LE.SC2Replay|
135 0 0 |[0, 0, 0]| | Cactus Valley LE.SC2Replay|
136 0 0 |[0, 0, 0]| | Cactus Valley LE.SC2Replay|
137 0 0 |[0, 0, 0]| | Cactus Valley LE.SC2Replay|
138 0 0 |[0, 0, 0]| | Cactus Valley LE.SC2Replay|
139 0 0 |[0, 0, 0]| | Cactus Valley LE.SC2Replay|
140 0 0 |[0, 0, 0]| | Cactus Valley LE.SC2Replay|
141 0 0 |[0, 0, 0]| | Cactus Valley LE.SC2Replay|
142 0 0 |[0, 0, 0]| | Cactus Valley LE.SC2Replay|
143 0 0 |[0, 0, 0]| | Cactus Valley LE.SC2Replay|
144 0 0 |[0, 0, 0]| | Cactus Valley LE.SC2Replay|
145 0 0 |[0, 0, 0]| | Cactus Valley LE.SC2Replay|
146 0 0 |[0, 0, 0]| | Cactus Valley LE.SC2Replay|
147 0 0 |[0, 0, 0]| | Cactus Valley LE.SC2Replay|
148 0 0 |[0, 0, 0]| | Cactus Valley LE.SC2Replay|
149 0 0 |[0, 0, 0]| | Cactus Valley LE.SC2Replay|
150 0 0 |[0, 0, 0]| | Cactus Valley LE.SC2Replay|
151 0 0 |[0, 0, 0]| | Cactus Valley LE.SC2Replay|
152 0 0 |[0, 0, 0]| | Cactus Valley LE.SC2Replay|
153 0 0 |[0, 0, 0]| | Cactus Valley LE.SC2Replay|
154 0 0 |[0, 0, 0]| | Cactus Valley LE.SC2Replay|
155 0 0 |[0, 0, 0]| | Cactus Valley LE.SC2Replay|
156 0 0 |[0, 0, 0]| | Cactus Valley LE.SC2Replay|
157 0 0 |[0, 0, 0]| | Cactus Valley LE.SC2Replay|
158 0 0 |[0, 0, 0]| | Cactus Valley LE.SC2Replay|
159 0 0 |[0, 0, 0]| | Cactus Valley LE.SC2Replay|
160 0 0 |[0, 0, 0]| | Cactus Valley LE.SC2Replay|
161 0 0 |[0, 0, 0]| | Cactus Valley LE.SC2Replay|
162 0 0 |[0, 0, 0]| | Cactus Valley LE.SC2Replay|
163 0 0 |[0, 0, 0]| | Cactus Valley LE.SC2Replay|
164 0 0 |[0, 0, 0]| | Cactus Valley LE.SC2Replay|
165 0 0 |[0, 0, 0]| | Cactus Valley LE.SC2Replay|
166 0 0 |[0, 0, 0]| | Cactus Valley LE.SC2Replay|
167 0 0 |[0, 0, 0]| | Cactus Valley LE.SC2Replay|
168 0 0 |[0, 0, 0]| | Cactus Valley LE.SC2Replay|
169 0 0 |[0, 0, 0]| | Cactus Valley LE.SC2Replay|
170 0 0 |[0, 0, 0]| | Cactus Valley LE.SC2Replay|
171 0 0 |[0, 0, 0]| | Cactus Valley LE.SC2Replay|
172 0 0 |[0, 0, 0]| | Cactus Valley LE.SC2Replay|
173 0 0 |[0, 0, 0]| | Cactus Valley LE.SC2Replay|
174 0 0 |[0, 0, 0]| | Cactus Valley LE.SC2Replay|
175 0 0 |[0, 0, 0]| | Cactus Valley LE.SC2Replay|
176 0 0 |[0, 0, 0]| | Cactus Valley LE.SC2Replay|
177 0 0 |[0, 0, 0]| | Cactus Valley LE.SC2Replay|
178 0 0 |[0, 0, 0]| | Cactus Valley LE.SC2Replay|
179 0 0 |[0, 0, 0]| | Cactus Valley LE.SC2Replay|
180 0 0 |[0, 0, 0]| | Cactus Valley LE.SC2Replay|
181 0 0 |[0, 0, 0]| | Cactus Valley LE.SC2Replay|
182 0 0 |[0, 0, 0]| | Cactus Valley LE.SC2Replay|
183 0 0 |[0, 0, 0]| | Cactus Valley LE.SC2Replay|
184 0 0 |[0, 0, 0]| | Cactus Valley LE.SC2Replay|
185 0 0 |[0, 0, 0]| | Cactus Valley LE.SC2Replay|
186 0 0 |[0, 0, 0]| | Cactus Valley LE.SC2Replay|
187 0 0 |[0, 0, 0]| | Cactus Valley LE.SC2Replay|
188 0 0 |[0, 0, 0]| | Cactus Valley LE.SC2Replay|
189 0 0 |[0, 0, 0]| | Cactus Valley LE.SC2Replay|
190 0 0 |[0, 0, 0]| | Cactus Valley LE.SC2Replay|
191 0 0 |[0, 0, 0]| | Cactus Valley LE.SC2Replay|
192 0 0 |[0, 0, 0]| | Cactus Valley LE.SC2Replay|
193 0 0 |[0, 0, 0]| | Cactus Valley LE.SC2Replay|
194 0 0 |[0, 0, 0]| | Cactus Valley LE.SC2Replay|
195 0 0 |[0, 0, 0]| | Cactus Valley LE.SC2Replay|
196 0 0 |[0, 0, 0]| | Cactus Valley LE.SC2Replay|
197 0 0 |[0, 0, 0]| | Cactus Valley LE.SC2Replay|
198 0 0 |[0, 0, 0]| | Cactus Valley LE.SC2Replay|
199 0 0 |[0, 0, 0]| | Cactus Valley LE.SC2Replay|
200 0 0 |[0, 0, 0]| | Cactus Valley LE.SC2Replay|
201 0 0 |[0, 0, 0]| | Cactus Valley LE.SC2Replay|
202 0 0 |[0, 0, 0]| | Cactus Valley LE.SC2Replay|
203 0 0 |[0, 0, 0]| | Cactus Valley LE.SC2Replay|
204 0 0 |[0, 0, 0]| | Cactus Valley LE.SC2Replay|
205 0 0 |[0, 0, 0]| | Cactus Valley LE.SC2Replay|
206 0 0 |[0, 0, 0]| | Cactus Valley LE.SC2Replay|
207 0 0 |[0, 0, 0]| | Cactus Valley LE.SC2Replay|
208 0 0 |[0, 0, 0]| | Cactus Valley LE.SC2Replay|
209 0 0 |[0, 0, 0]| | Cactus Valley LE.SC2Replay|
210 0 0 |[0, 0, 0]| | Cactus Valley LE.SC2Replay|
211 0 0 |[0, 0, 0]| | Cactus Valley LE.SC2Replay|
212 0 0 |[0, 0, 0]| | Cactus Valley LE.SC2Replay|
213 0 0 |[0, 0, 0]| | Cactus Valley LE.SC2Replay|
214 0 0 |[0, 0, 0]| | Cactus Valley LE.SC2Replay|
215 0 0 |[0, 0, 0]| | Cactus Valley LE.SC2Replay|
216 0 0 |[0, 0, 0]| | Cactus Valley LE.SC2Replay|
217 0 0 |[0, 0, 0]| | Cactus Valley LE.SC2Replay|
218 0 0 |[0, 0, 0]| | Cactus Valley LE.SC2Replay|
219 0 0 |[0, 0, 0]| | Cactus Valley LE.SC2Replay|
220 0 0 |[0, 0, 0]| | Cactus Valley LE.SC2Replay|
221 0 0 |[0, 0, 0]| | Cactus Valley LE.SC2Replay|
222 0 0 |[0, 0, 0]| | Cactus Valley LE.SC2Replay|
223 0 0 |[0, 0, 0]| | Cactus Valley LE.SC2Replay|
224 0 0 |[0, 0, 0]| | Cactus Valley LE.SC2Replay|
225 0 0 |[0, 0, 0]| | Cactus Valley LE.SC2Replay|
226 0 0 |[0, 0, 0]| | Cactus Valley LE.SC2Replay|
227 0 0 |[0, 0, 0]| | Cactus Valley LE.SC2Replay|
228 0 0 |[0, 0, 0]| | Cactus Valley LE.SC2Replay|
229 0 0 |[0, 0, 0]| | Cactus Valley LE.SC2Replay|
230 0 0 |[0, 0, 0]| | Cactus Valley LE.SC2Replay|
231 0 0 |[0, 0, 0]| | Cactus Valley LE.SC2Replay|
232 0 0 |[0, 0, 0]| | Cactus Valley LE.SC2Replay|
233 0 0 |[0, 0, 0]| | Cactus Valley LE.SC2Replay|
234 0 0 |[0, 0, 0]| | Cactus Valley LE.SC2Replay|
235 0 0 |[0, 0, 0]| | Cactus Valley LE.SC2Replay|
236 0 0 |[0, 0, 0]| | Cactus Valley LE.SC2Replay|
237 0 0 |[0, 0, 0]| | Cactus Valley LE.SC2Replay|
238 0 0 |[0, 0, 0]| | Cactus Valley LE.SC2Replay|
239 0 0 |[0, 0, 0]| | Cactus Valley LE.SC2Replay|
240 0 0 |[0, 0, 0]| | Cactus Valley LE.SC2Replay|
241 0 0 |[0, 0, 0]| | Cactus Valley LE.SC2Replay|
242 0 0 |[0, 0, 0]| | Cactus Valley LE.SC2Replay|
243 0 0 |[0, 0, 0]| | Cactus Valley LE.SC2Replay|
244 0 0 |[0, 0, 0]| | Cactus Valley LE.SC2Replay|
245 0 0 |[0, 0, 0]| | Cactus Valley LE.SC2Replay|
246 0 0 |[0, 0, 0]| | Cactus Valley LE.SC2Replay|
247 0 0 |[0, 0, 0]| | Cactus Valley LE.SC2Replay|
248 0 0 |[0, 0, 0]| | Cactus Valley LE.SC2Replay|
249 0 0 |[0, 0, 0]| | Cactus Valley LE.SC2Replay|
250 0 0 |[0, 0, 0]| | Cactus Valley LE.SC2Replay|
251 0 0 |[0, 0, 0]| | Cactus Valley LE.SC2Replay|
252 0 0 |[0, 0, 0]| | Cactus Valley LE.SC2Replay|
253 0 0 |[0, 0, 0]| | Cactus Valley LE.SC2Replay|
254 0 0 |[0, 0, 0]| | Cactus Valley LE.SC2Replay|
255 0 0 |[0, 0, 0]| | Cactus Valley LE.SC2Replay|
256 0 0 |[0, 0, 0]| | Cactus Valley LE.SC2Replay|
257 0 0 |[0, 0, 0]| | Cactus Valley LE.SC2Replay|
258 0 0 |[0, 0, 0]| | Cactus Valley LE.SC2Replay|
259 0 0 |[0, 0, 0]| | Cactus Valley LE.SC2Replay|
260 0 0 |[0, 0, 0]| | Cactus Valley LE.SC2Replay|
261 0 0 |[0, 0, 0]| | Cactus Valley LE.SC2Replay|
262 0 0 |[0, 0, 0]| | Cactus Valley LE.SC2Replay|
263 0 0 |[0, 0, 0]| | Cactus Valley LE.SC2Replay|
264 0 0 |[0, 0, 0]| | Cactus Valley LE.SC2Replay|
265 0 0 |[0, 0, 0]| | Cactus Valley LE.SC2Replay|
266 0 0 |[0, 0, 0]| | Cactus Valley LE.SC2Replay|
267 0 0 |[0, 0, 0]| | Cactus Valley LE.SC2Replay|
268 0 0 |[0, 0, 0]| | Cactus Valley LE.SC2Replay|
269 0 0 |[0, 0, 0]| | Cactus Valley LE.SC2Replay|
270 0 0 |[0, 0, 0]| | Cactus Valley LE.SC2Replay|
271 0 0 |[0, 0, 0]| | Cactus Valley LE.SC2Replay|
272 0 0 |[0, 0, 0]| | Cactus Valley LE.SC2Replay|
273 0 0 |[0, 0, 0]| | Cactus Valley LE.SC2Replay|
274 0 0 |[0, 0, 0]| | Cactus Valley LE.SC2Replay|
275 0 0 |[0, 0, 0]| | Cactus Valley LE.SC2Replay|
276 0 0 |[0, 0, 0]| | Cactus Valley LE.SC2Replay|
277 0 0 |[0, 0, 0]| | Cactus Valley LE.SC2Replay|
278 0 0 |[0, 0, 0]| | Cactus Valley LE.SC2Replay|
279 0 0 |[0, 0, 0]| | Cactus Valley LE.SC2Replay|
280 0 0 |[0, 0, 0]| | Cactus Valley LE.SC2Replay|
281 0 0 |[0, 0, 0]| | Cactus Valley LE.SC2Replay|
282 0 0 |[0, 0, 0]| | Cactus Valley LE.SC2Replay|
283 0 0 |[0, 0, 0]| | Cactus Valley LE.SC2Replay|
284 0 0 |[0, 0, 0]| | Cactus Valley LE.SC2Replay|
285 0 0 |[0, 0, 0]| | Cactus Valley LE.SC2Replay|
286 0 0 |[0, 0, 0]| | Cactus Valley LE.SC2Replay|
287 0 0 |[0, 0, 0]| | Cactus Valley LE.SC2Replay|
288 0 0 |[0, 0, 0]| | Cactus Valley LE.SC2Replay|
289 0 0 |[0, 0, 0]| | Cactus Valley LE.SC2Replay|
290 0 0 |[0, 0, 0]| | Cactus Valley LE.SC2Replay|
291 0 0 |[0, 0, 0]| | Cactus Valley LE.SC2Replay|
292 0 0 |[0, 0, 0]| | Cactus Valley LE.SC2Replay|
293 0 0 |[0, 0, 0]| | Cactus Valley LE.SC2Replay|
294 0 0 |[0, 0, 0]| | Cactus Valley LE.SC2Replay|
295 0 0 |[0, 0, 0]| | Cactus Valley LE.SC2Replay|
296 0 0 |[0, 0, 0]| | Cactus Valley LE.SC2Replay|
297 0 0 |[0, 0, 0]| | Cactus Valley LE.SC2Replay|
298 0 0 |[0, 0, 0]| | Cactus Valley LE.SC2Replay|
299 0 0 |[0, 0, 0]| | Cactus Valley LE.SC2Replay|
300 0 0 |[0, 0, 0]| | Cactus Valley LE.SC2Replay|
301 0 0 |[0, 0, 0]| | Cactus Valley LE.SC2Replay|
302 0 0 |[0, 0, 0]| | Cactus Valley LE.SC2Replay|
303 0 0 |[0, 0, 0]| | Cactus Valley LE.SC2Replay|
304 0 0 |[0, 0, 0]| | Cactus Valley LE.SC2Replay|
305 0 0 |[0, 0, 0]| | Cactus Valley LE.SC2Replay|
306 0 0 |[0, 0, 0]| | Cactus Valley LE.SC2Replay|
307 0 0 |[0, 0, 0]| | Cactus Valley LE.SC2Replay|
308 0 0 |[0, 0, 0]| | Cactus Valley LE.SC2Replay|
309 0 0 |[0, 0, 0]| | Cactus Valley LE.SC2Replay|
310 0 0 |[0, 0, 0]| | Cactus Valley LE.SC2Replay|
311 0 0 |[0, 0, 0]| | Cactus Valley LE.SC2Replay|
312 0 0 |[0, 0, 0]| | Cactus Valley LE.SC2Replay|
313 0 0 |[0, 0, 0]| | Cactus Valley LE.SC2Replay|
314 0 0 |[0, 0, 0]| | Cactus Valley LE.SC2Replay|
315 0 0 |[0, 0, 0]| | Cactus Valley LE.SC2Replay|
316 0 0 |[0, 0, 0]| | Cactus Valley LE.SC2Replay|
317 0 0 |[0, 0, 0]| | Cactus Valley LE.SC2Replay|
318 0 0 |[0, 0, 0]| | Cactus Valley LE.SC2Replay|
319 0 0 |[0, 0, 0]| | Cactus Valley LE.SC2Replay|
320 0 0 |[0, 0, 0]| | Cactus Valley LE.SC2Replay|
321 0 0 |[0, 0, 0]| | Cactus Valley LE.SC2Replay|
322 0 0 |[0, 0, 0]| | Cactus Valley LE.SC2Replay|
323 0 0 |[0, 0, 0]| | Cactus Valley LE.SC2Replay|
324 0 0 |[0, 0, 0]| | Cactus Valley LE.SC2Replay|
325 0 0 |[0, 0, 0]| | Cactus Valley LE.SC2Replay|
326 0 0 |[0, 0, 0]| | Cactus Valley LE.SC2Replay|
327 0 0 |[0, 0, 0]| | Cactus Valley LE.SC2Replay|
328 0 0 |[0, 0, 0]| | Cactus Valley LE.SC2Replay|
329 0 0 |[0, 0, 0]| | Cactus Valley LE.SC2Replay|
330 0 0 |[0, 0, 0]| | Cactus Valley LE.SC2Replay|
331 0 0 |[0, 0, 0]| | Cactus Valley LE.SC2Replay|
332 0 0 |[0, 0, 0]| | Cactus Valley LE.SC2Replay|
333 0 0 |[0, 0, 0]| | Cactus Valley LE.SC2Replay|
334 0 0 |[0, 0, 0]| | Cactus Valley LE.SC2Replay|
335 0 0 |[0, 0, 0]| | Cactus Valley LE.SC2Replay|
336 0 0 |[0, 0, 0]| | Cactus Valley LE.SC2Replay|
337 0 0 |[0, 0, 0]| | Cactus Valley LE.SC2Replay|
338 0 0 |[0, 0, 0]| | Cactus Valley LE.SC2Replay|
339 0 0 |[0, 0, 0]| | Cactus Valley LE.SC2Replay|
340 0 0 |[0, 0, 0]| | Cactus Valley LE.SC2Replay|
341 0 0 |[0, 0, 0]| | Cactus Valley LE.SC2Replay|
342 0 0 |[0, 0, 0]| | Cactus Valley LE.SC2Replay|
343 0 0 |[0, 0, 0]| | Cactus Valley LE.SC2Replay|
344 0 0 |[0, 0, 0]| | Cactus Valley LE.SC2Replay|
345 0 0 |[0, 0, 0]| | Cactus Valley LE.SC2Replay|
346 0 0 |[0, 0, 0]| | Cactus Valley LE.SC2Replay|
347 0 0 |[0, 0, 0]| | Cactus Valley LE.SC2Replay|
348 0 0 |[0, 0, 0]| | Cactus Valley LE.SC2Replay|
349 0 0 |[0, 0, 0]| | Cactus Valley LE.SC2Replay|
350 0 0 |[0, 0, 0]| | Cactus Valley LE.SC2Replay|
351 0 0 |[0, 0, 0]| | Cactus Valley LE.SC2Replay|
352 0 0 |[0, 0, 0]| | Cactus Valley LE.SC2Replay|
353 0 0 |[0, 0, 0]| | Cactus Valley LE.SC2Replay|
354 0 0 |[0, 0, 0]| | Cactus Valley LE.SC2Replay|
355 0 0 |[0, 0, 0]| | Cactus Valley LE.SC2Replay|
356 0 0 |[0, 0, 0]| | Cactus Valley LE.SC2Replay|
357 0 0 |[0, 0, 0]| | Cactus Valley LE.SC2Replay|
358 0 0 |[0, 0, 0]| | Cactus Valley LE.SC2Replay|
359 0 0 |[0, 0, 0]| | Cactus Valley LE.SC2Replay|
360 0 0 |[0, 0, 0]| | Cactus Valley LE.SC2Replay|
361 0 0 |[0, 0, 0]| | Cactus Valley LE.SC2Replay|
362 0 0 |[0, 0, 0]| | Cactus Valley LE.SC2Replay|
363 0 0 |[0, 0, 0]| | Cactus Valley LE.SC2Replay|
364 0 0 |[0, 0, 0]| | Cactus Valley LE.SC2Replay|
365 0 0 |[0, 0, 0]| | Cactus Valley LE.SC2Replay|
366 0 0 |[0, 0, 0]| | Cactus Valley LE.SC2Replay|
367 0 0 |[0, 0, 0]| | Cactus Valley LE.SC2Replay|
368 0 0 |[0, 0, 0]| | Cactus Valley LE.SC2Replay|
369 0 0 |[0, 0, 0]| | Cactus Valley LE.SC2Replay|
370 0 0 |[0, 0, 0]| | Cactus Valley LE.SC2Replay|
371 0 0 |[0, 0, 0]| | Cactus Valley LE.SC2Replay|
372 0 0 |[0, 0, 0]| | Cactus Valley LE.SC2Replay|
373 0 0 |[0, 0, 0]| | Cactus Valley LE.SC2Replay|
374 0 0 |[0, 0, 0]| | Cactus Valley LE.SC2Replay|
375 0 0 |[0, 0, 0]| | Cactus Valley LE.SC2Replay|
376 0 0 |[0, 0, 0]| | Cactus Valley LE.SC2Replay|
377 0 0 |[0, 0, 0]| | Cactus Valley LE.SC2Replay|
378 0 0 |[0, 0, 0]| | Cactus Valley LE.SC2Replay|
379 0 0 |[0, 0, 0]| | Cactus Valley LE.SC2Replay|
380 0 0 |[0, 0, 0]| | Cactus Valley LE.SC2Replay|
381 0 0 |[0, 0, 0]| | Cactus Valley LE.SC2Replay|
382 0 0 |[0, 0, 0]| | Cactus Valley LE.SC2Replay|
383 0 0 |[0, 0, 0]| | Cactus Valley LE.SC2Replay|
384 0 0 |[0, 0, 0]| | Cactus Valley LE.SC2Replay|
385 0 0 |[0, 0, 0]| | Cactus Valley LE.SC2Replay|
386 0 0 |[0, 0, 0]| | Cactus Valley LE.SC2Replay|
387 0 0 |[0, 0, 0]| | Cactus Valley LE.SC2Replay|
388 0 0 |[0, 0, 0]| | Cactus Valley LE.SC2Replay|
389 0 0 |[0, 0, 0]| | Cactus Valley LE.SC2Replay|
390 0 0 |[0, 0, 0]| | Cactus Valley LE.SC2Replay|
391 0 0 |[0, 0, 0]| | Cactus Valley LE.SC2Replay|
392 0 0 |[0, 0, 0]| | Cactus Valley LE.SC2Replay|
393 0 0 |[0, 0, 0]| | Cactus Valley LE.SC2Replay|
394 0 0 |[0, 0, 0]| | Cactus Valley LE.SC2Replay|
395 0 0 |[0, 0, 0]| | Cactus Valley LE.SC2Replay|
396 0 0 |[0, 0, 0]| | Cactus Valley LE.SC2Replay|
397 0 0 |[0, 0, 0]| | Cactus Valley LE.SC2Replay|
398 0 0 |[0, 0, 0]| | Cactus Valley LE.SC2Replay|
399 0 0 |[0, 0, 0]| | Cactus Valley LE.SC2Replay|
400 0 0 |[0, 0, 0]| | Cactus Valley LE.SC2Replay|
401 0 0 |[0, 0, 0]| | Cactus Valley LE.SC2Replay|
402 0 0 |[0, 0, 0]| | Cactus Valley LE.SC2Replay|
403 0 0 |[0, 0, 0]| | Cactus Valley LE.SC2Replay|
404 0 0 |[0, 0, 0]| | Cactus Valley LE.SC2Replay|
405 0 0 |[0, 0, 0]| | Cactus Valley LE.SC2Replay|
406 0 0 |[0, 0, 0]| | Cactus Valley LE.SC2Replay|
407 0 0 |[0, 0, 0]| | Cactus Valley LE.SC2Replay|
408 0 0 |[0, 0, 0]| | Cactus Valley LE.SC2Replay|
409 0 0 |[0, 0, 0]| | Cactus Valley LE.SC2Replay|
410 0 0 |[0, 0, 0]| | Cactus Valley LE.SC2Replay|
411 0 0 |[0, 0, 0]| | Cactus Valley LE.SC2Replay|
412 0 0 |[0, 0, 0]| | Cactus Valley LE.SC2Replay|
413 0 0 |[0, 0, 0]| | Cactus Valley LE.SC2Replay|
414 0 0 |[0, 0, 0]| | Cactus Valley LE.SC2Replay|
415 0 0 |[0, 0, 0]| | Cactus Valley LE.SC2Replay|
416 0 0 |[0, 0, 0]| | Cactus Valley LE.SC2Replay|
417 0 0 |[0, 0, 0]| | Cactus Valley LE.SC2Replay|
418 0 0 |[0, 0, 0]| | Cactus Valley LE.SC2Replay|
419 0 0 |[0, 0, 0]| | Cactus Valley LE.SC2Replay|
420 0 0 |[0, 0, 0]| | Cactus Valley LE.SC2Replay|
421 0 0 |[0, 0, 0]| | Cactus Valley LE.SC2Replay|
422 0 0 |[0, 0, 0]| | Cactus Valley LE.SC2Replay|
423 0 0 |[0, 0, 0]| | Cactus Valley LE.SC2Replay|
424 0 0 |[0, 0, 0]| | Cactus Valley LE.SC2Replay|
425 0 0 |[0, 0, 0]| | Cactus Valley LE.SC2Replay|
426 0 0 |[0, 0, 0]| | Cactus Valley LE.SC2Replay|
427 0 0 |[0, 0, 0]| | Cactus Valley LE.SC2Replay|
428 0 0 |[0, 0, 0]| | Cactus Valley LE.SC2Replay|
429 0 0 |[0, 0, 0]| | Cactus Valley LE.SC2Replay|
430 0 0 |[0, 0, 0]| | Cactus Valley LE.SC2Replay|
431 0 0 |[0, 0, 0]| | Cactus Valley LE.SC2Replay|
432 0 0 |[0, 0, 0]| | Cactus Valley LE.SC2Replay|
433 0 0 |[0, 0, 0]| | Cactus Valley LE.SC2Replay|
434 0 0 |[0, 0, 0]| | Cactus Valley LE.SC2Replay|
435 0 0 |[0, 0, 0]| | Cactus Valley LE.SC2Replay|
436 0 0 |[0, 0, 0]| | Cactus Valley LE.SC2Replay|
437 0 0 |[0, 0, 0]| | Cactus Valley LE.SC2Replay|
438 0 0 |[0, 0, 0]| | Cactus Valley LE.SC2Replay|
439 0 0 |[0, 0, 0]| | Cactus Valley LE.SC2Replay|
440 0 0 |[0, 0, 0]| | Cactus Valley LE.SC2Replay|
441 0 0 |[0, 0, 0]| | Cactus Valley LE.SC2Replay|
442 0 0 |[0, 0, 0]| | Cactus Valley LE.SC2Replay|
443 0 0 |[0, 0, 0]| | Cactus Valley LE.SC2Replay|
444 0 0 |[0, 0, 0]| | Cactus Valley LE.SC2Replay|
445 0 0 |[0, 0, 0]| | Cactus Valley LE.SC2Replay|
446 0 0 |[0, 0, 0]| | Cactus Valley LE.SC2Replay|
447 0 0 |[0, 0, 0]| | Cactus Valley LE.SC2Replay|
448 0 0 |[0, 0, 0]| | Cactus Valley LE.SC2Replay|
449 0 0 |[0, 0, 0]| | Cactus Valley LE.SC2Replay|
450 0 0 |[0, 0, 0]| | Cactus Valley LE.SC2Replay|
451 0 0 |[0, 0, 0]| | Cactus Valley LE.SC2Replay|
452 0 0 |[0, 0, 0]| | Cactus Valley LE.SC2Replay|
453 0 0 |[0, 0, 0]| | Cactus Valley LE.SC2Replay|
454 0 0 |[0, 0, 0]| | Cactus Valley LE.SC2Replay|
455 0 0 |[0, 0, 0]| | Cactus Valley LE.SC2Replay|
456 0 0 |[0, 0, 0]| | Cactus Valley LE.SC2Replay|
457 0 0 |[0, 0, 0]| | Cactus Valley LE.SC2Replay|
458 0 0 |[0, 0, 0]| | Cactus Valley LE.SC2Replay|
459 0 0 |[0, 0, 0]| | Cactus Valley LE.SC2Replay|
460 0 0 |[0, 0, 0]| | Cactus Valley LE.SC2Replay|
461 0 0 |[0, 0, 0]| | Cactus Valley LE.SC2Replay|
462 0 0 |[0, 0, 0]| | Cactus Valley LE.SC2Replay|
463 0 0 |[0, 0, 0]| | Cactus Valley LE.SC2Replay|
464 0 0 |[0, 0, 0]| | Cactus Valley LE.SC2Replay|
465 0 0 |[0, 0, 0]| | Cactus Valley LE.SC2Replay|
466 0 0 |[0, 0, 0]| | Cactus Valley LE.SC2Replay|
467 0 0 |[0, 0, 0]| | Cactus Valley LE.SC2Replay|
468 0 0 |[0, 0, 0]| | Cactus Valley LE.SC2Replay|
469 0 0 |[0, 0, 0]| | Cactus Valley LE.SC2Replay|
470 0 0 |[0, 0, 0]| | Cactus Valley LE.SC2Replay|
471 0 0 |[0, 0, 0]| | Cactus Valley LE.SC2Replay|
472 0 0 |[0, 0, 0]| | Cactus Valley LE.SC2Replay|
473 0 0 |[0, 0, 0]| | Cactus Valley LE.SC2Replay|
474 0 0 |[0, 0, 0]| | Cactus Valley LE.SC2Replay|
475 0 0 |[0, 0, 0]| | Cactus Valley LE.SC2Replay|
476 0 0 |[0, 0, 0]| | Cactus Valley LE.SC2Replay|
477 0 0 |[0, 0, 0]| | Cactus Valley LE.SC2Replay|
478 0 0 |[0, 0, 0]| | Cactus Valley LE.SC2Replay|
479 0 0 |[0, 0, 0]| | Cactus Valley LE.SC2Replay|
480 0 0 |[0, 0, 0]| | Cactus Valley LE.SC2Replay|
481 0 0 |[0, 0, 0]| | Cactus Valley LE.SC2Replay|
482 0 0 |[0, 0, 0]| | Cactus Valley LE.SC2Replay|
483 0 0 |[0, 0, 0]| | Cactus Valley LE.SC2Replay|
484 0 0 |[0, 0, 0]| | Cactus Valley LE.SC2Replay|
485 0 0 |[0, 0, 0]| | Cactus Valley LE.SC2Replay|
486 0 0 |[0, 0, 0]| | Cactus Valley LE.SC2Replay|
487 0 0 |[0, 0, 0]| | Cactus Valley LE.SC2Replay|
488 0 0 |[0, 0, 0]| | Cactus Valley LE.SC2Replay|
489 0 0 |[0, 0, 0]| | Cactus Valley LE.SC2Replay|
490 0 0 |[0, 0, 0]| | Cactus Valley LE.SC2Replay|
491 0 0 |[0, 0, 0]| | Cactus Valley LE.SC2Replay|
492 0 0 |[0, 0, 0]| | Cactus Valley LE.SC2Replay|
493 0 0 |[0, 0, 0]| | Cactus Valley LE.SC2Replay|
494 0 0 |[0, 0, 0]| | Cactus Valley LE.SC2Replay|
495 0 0 |[0, 0, 0]| | Cactus Valley LE.SC2Replay|
496 0 0 |[0, 0, 0]| | Cactus Valley LE.SC2Replay|
497 0 0 |[0, 0, 0]| | Cactus Valley LE.SC2Replay|
498 0 0 |[0, 0, 0]| | Cactus Valley LE.SC2Replay|
499 0 0 |[0, 0, 0]| | Cactus Valley LE.SC2Replay|
500 0 0 |[0, 0, 0]| | Cactus Valley LE.SC2Replay|
501 0 0 |[0, 0, 0]| | Cactus Valley LE.SC2Replay|
502 0 0 |[0, 0, 0]| | Cactus Valley LE.SC2Replay|
503 0 0 |[0, 0, 0]| | Cactus Valley LE.SC2Replay|
504 0 0 |[0, 0, 0]| | Cactus Valley LE.SC2Replay|
505 0 0 |[0, 0, 0]| | Cactus Valley LE.SC2Replay|
506 0 0 |[0, 0, 0]| | Cactus Valley LE.SC2Replay|
507 0 0 |[0, 0, 0]| | Cactus Valley LE.SC2Replay|
508 0 0 |[0, 0, 0]| | Cactus Valley LE.SC2Replay|
509 0 0 |[0, 0, 0]| | Cactus Valley LE.SC2Replay|
510 0 0 |[0, 0, 0]| | Cactus Valley LE.SC2Replay|
511 0 0 |[0, 0, 0]| | Cactus Valley LE.SC2Replay|
512 0 0 |[0, 0, 0]| | Cactus Valley LE.SC2Replay|
513 0 0 |[0, 0, 0]| | Cactus Valley LE.SC2Replay|
514 0 0 |[0, 0, 0]| | Cactus Valley LE.SC2Replay|
515 0 0 |[0, 0, 0]| | Cactus Valley LE.SC2Replay|
516 0 0 |[0, 0, 0]| | Cactus Valley LE.SC2Replay|
517 0 0 |[0, 0, 0]| | Cactus Valley LE.SC2Replay|
518 0 0 |[0, 0, 0]| | Cactus Valley LE.SC2Replay|
519 0 0 |[0, 0, 0]| | Cactus Valley LE.SC2Replay|
520 0 0 |[0, 0, 0]| | Cactus Valley LE.SC2Replay|
521 0 0 |[0, 0, 0]| | Cactus Valley LE.SC2Replay|
522 0 0 |[0, 0, 0]| | Cactus Valley LE.SC2Replay|
523 0 0 |[0, 0, 0]| | Cactus Valley LE.SC2Replay|
524 0 0 |[0, 0, 0]| | Cactus Valley LE.SC2Replay|
525 0 0 |[0, 0, 0]| | Cactus Valley LE.SC2Replay|
526 0 0 |[0, 0, 0]| | Cactus Valley LE.SC2Replay|
527 0 0 |[0, 0, 0]| | Cactus Valley LE.SC2Replay|
528 0 0 |[0, 0, 0]| | Cactus Valley LE.SC2Replay|
529 0 0 |[0, 0, 0]| | Cactus Valley LE.SC2Replay|
530 0 0 |[0, 0, 0]| | Cactus Valley LE.SC2Replay|
531 0 0 |[0, 0, 0]| | Cactus Valley LE.SC2Replay|
532 0 0 |[0, 0, 0]| | Cactus Valley LE.SC2Replay|
533 0 0 |[0, 0, 0]| | Cactus Valley LE.SC2Replay|
534 0 0 |[0, 0, 0]| | Cactus Valley LE.SC2Replay|
535 0 0 |[0, 0, 0]| | Cactus Valley LE.SC2Replay|
536 0 0 |[0, 0, 0]| | Cactus Valley LE.SC2Replay|
537 0 0 |[0, 0, 0]| | Cactus Valley LE.SC2Replay|
538 0 0 |[0, 0, 0]| | Cactus Valley LE.SC2Replay|
539 0 0 |[0, 0, 0]| | Cactus Valley LE.SC2Replay|
540 0 0 |[0, 0, 0]| | Cactus Valley LE.SC2Replay|
541 0 0 |[0, 0, 0]| | Cactus Valley LE.SC2Replay|
542 0 0 |[0, 0, 0]| | Cactus Valley LE.SC2Replay|
543 0 0 |[0, 0, 0]| | Cactus Valley LE.SC2Replay|
544 0 0 |[0, 0, 0]| | Cactus Valley LE.SC2Replay|
545 0 0 |[0, 0, 0]| | Cactus Valley LE.SC2Replay|
546 0 0 |[0, 0, 0]| | Cactus Valley LE.SC2Replay|
547 0 0 |[0, 0, 0]| | Cactus Valley LE.SC2Replay|
548 0 0 |[0, 0, 0]| | Cactus Valley LE.SC2Replay|
549 0 0 |[0, 0, 0]| | Cactus Valley LE.SC2Replay|
550 0 0 |[0, 0, 0]| | Cactus Valley LE.SC2Replay|
551 0 0 |[0, 0, 0]| | Cactus Valley LE.SC2Replay|
552 0 0 |[0, 0, 0]| | Cactus Valley LE.SC2Replay|
553 0 0 |[0, 0, 0]| | Cactus Valley LE.SC2Replay|
554 0 0 |[0, 0, 0]| | Cactus Valley LE.SC2Replay|
555 0 0 |[0, 0, 0]| | Cactus Valley LE.SC2Replay|
556 0 0 |[0, 0, 0]| | Cactus Valley LE.SC2Replay|
557 0 0 |[0, 0, 0]| | Cactus Valley LE.SC2Replay|
558 0 0 |[0, 0, 0]| | Cactus Valley LE.SC2Replay|
559 0 0 |[0, 0, 0]| | Cactus Valley LE.SC2Replay|
560 0 0 |[0, 0, 0]| | Cactus Valley LE.SC2Replay|
561 0 0 |[0, 0, 0]| | Cactus Valley LE.SC2Replay|
562 0 0 |[0, 0, 0]| | Cactus Valley LE.SC2Replay|
563 0 0 |[0, 0, 0]| | Cactus Valley LE.SC2Replay|
564 0 0 |[0, 0, 0]| | Cactus Valley LE.SC2Replay|
565 0 0 |[0, 0, 0]| | Cactus Valley LE.SC2Replay|
566 0 0 |[0, 0, 0]| | Cactus Valley LE.SC2Replay|
567 0 0 |[0, 0, 0]| | Cactus Valley LE.SC2Replay|
568 0 0 |[0, 0, 0]| | Cactus Valley LE.SC2Replay|
569 0 0 |[0, 0, 0]| | Cactus Valley LE.SC2Replay|
570 0 0 |[0, 0, 0]| | Cactus Valley LE.SC2Replay|
571 0 0 |[0, 0, 0]| | Cactus Valley LE.SC2Replay|
572 0 0 |[0, 0, 0]| | Cactus Valley LE.SC2Replay|
573 0 0 |[0, 0, 0]| | Cactus Valley LE.SC2Replay|
574 0 0 |[0, 0, 0]| | Cactus Valley LE.SC2Replay|
575 0 0 |[0, 0, 0]| | Cactus Valley LE.SC2Replay|
576 0 0 |[0, 0, 0]| | Cactus Valley LE.SC2Replay|
577 0 0 |[0, 0, 0]| | Cactus Valley LE.SC2Replay|
578 0 0 |[0, 0, 0]| | Cactus Valley LE.SC2Replay|
579 0 0 |[0, 0, 0]| | Cactus Valley LE.SC2Replay|
580 0 0 |[0, 0, 0]| | Cactus Valley LE.SC2Replay|
581 0 0 |[0, 0, 0]| | Cactus Valley LE.SC2Replay|
582 0 0 |[0, 0, 0]| | Cactus Valley LE.SC2Replay|
583 0 0 |[0, 0, 0]| | Cactus Valley LE.SC2Replay|
584 0 0 |[0, 0, 0]| | Cactus Valley LE.SC2Replay|
585 0 0 |[0, 0, 0]| | Cactus Valley LE.SC2Replay|
586 0 0 |[0, 0, 0]| | Cactus Valley LE.SC2Replay|
587 0 0 |[0, 0, 0]| | Cactus Valley LE.SC2Replay|
588 0 0 |[0, 0, 0]| | Cactus Valley LE.SC2Replay|
589 0 0 |[0, 0, 0]| | Cactus Valley LE.SC2Replay|
590 0 0 |[0, 0, 0]| | Cactus Valley LE.SC2Replay|
591 0 0 |[0, 0, 0]| | Cactus Valley LE.SC2Replay|
592 0 0 |[0, 0, 0]| | Cactus Valley LE.SC2Replay|
593 0 0 |[0, 0, 0]| | Cactus Valley LE.SC2Replay|
594 0 0 |[0, 0, 0]| | Cactus Valley LE.SC2Replay|
595 0 0 |[0, 0, 0]| | Cactus Valley LE.SC2Replay|
596 0 0 |[0, 0, 0]| | Cactus Valley LE.SC2Replay|
597 0 0 |[0, 0, 0]| | Cactus Valley LE.SC2Replay|
598 0 0 |[0, 0, 0]| | Cactus Valley LE.SC2Replay|
599 0 0 |[0, 0, 0]| | Cactus Valley LE.SC2Replay|
600 0 0 |[0, 0, 0]| | Cactus Valley LE.SC2Replay|
601 0 0 |[0, 0, 0]| | Cactus Valley LE.SC2Replay|
602 0 0 |[0, 0, 0]| | Cactus Valley LE.SC2Replay|
603 0 0 |[0, 0, 0]| | Cactus Valley LE.SC2Replay|
604 0 0 |[0, 0, 0]| | Cactus Valley LE.SC2Replay|
605 0 0 |[0, 0, 0]| | Cactus Valley LE.SC2Replay|
606 0 0 |[0, 0, 0]| | Cactus Valley LE.SC2Replay|
607 0 0 |[0, 0, 0]| | Cactus Valley LE.SC2Replay|
608 0 0 |[0, 0, 0]| | Cactus Valley LE.SC2Replay|
609 0 0 |[0, 0, 0]| | Cactus Valley LE.SC2Replay|
610 0 0 |[0, 0, 0]| | Cactus Valley LE.SC2Replay|
611 0 0 |[0, 0, 0]| | Cactus Valley LE.SC2Replay|
612 0 0 |[0, 0, 0]| | Cactus Valley LE.SC2Replay|
613 0 0 |[0, 0, 0]| | Cactus Valley LE.SC2Replay|
614 0 0 |[0, 0, 0]| | Cactus Valley LE.SC2Replay|
615 0 0 |[0, 0, 0]| | Cactus Valley LE.SC2Replay|
616 0 0 |[0, 0, 0]| | Cactus Valley LE.SC2Replay|
617 0 0 |[0, 0, 0]| | Cactus Valley LE.SC2Replay|
618 0 0 |[0, 0, 0]| | Cactus Valley LE.SC2Replay|
619 0 0 |[0, 0, 0]| | Cactus Valley LE.SC2Replay|
620 0 0 |[0, 0, 0]| | Cactus Valley LE.SC2Replay|
621 0 0 |[0, 0, 0]| | Cactus Valley LE.SC2Replay|
622 0 0 |[0, 0, 0]| | Cactus Valley LE.SC2Replay|
623 0 0 |[0, 0, 0]| | Cactus Valley LE.SC2Replay|
624 0 0 |[0, 0, 0]| | Cactus Valley LE.SC2Replay|
625 0 0 |[0, 0, 0]| | Cactus Valley LE.SC2Replay|
626 0 0 |[0, 0, 0]| | Cactus Valley LE.SC2Replay|
627 0 0 |[0, 0, 0]| | Cactus Valley LE.SC2Replay|
628 0 0 |[0, 0, 0]| | Cactus Valley LE.SC2Replay|
629 0 0 |[0, 0, 0]| | Cactus Valley LE.SC2Replay|
630 0 0 |[0, 0, 0]| | Cactus Valley LE.SC2Replay|
631 0 0 |[0, 0, 0]| | Cactus Valley LE.SC2Replay|
632 0 0 |[0, 0, 0]| | Cactus Valley LE.SC2Replay|
633 0 0 |[0, 0, 0]| | Cactus Valley LE.SC2Replay|
634 0 0 |[0, 0, 0]| | Cactus Valley LE.SC2Replay|
635 0 0 |[0, 0, 0]| | Cactus Valley LE.SC2Replay|
636 0 0 |[0, 0, 0]| | Cactus Valley LE.SC2Replay|
637 0 0 |[0, 0, 0]| | Cactus Valley LE.SC2Replay|
638 0 0 |[0, 0, 0]| | Cactus Valley LE.SC2Replay|
639 0 0 |[0, 0, 0]| | Cactus Valley LE.SC2Replay|
640 0 0 |[0, 0, 0]| | Cactus Valley LE.SC2Replay|
641 0 0 |[0, 0, 0]| | Cactus Valley LE.SC2Replay|
642 0 0 |[0, 0, 0]| | Cactus Valley LE.SC2Replay|
643 0 0 |[0, 0, 0]| | Cactus Valley LE.SC2Replay|
644 0 0 |[0, 0, 0]| | Cactus Valley LE.SC2Replay|
645 0 0 |[0, 0, 0]| | Cactus Valley LE.SC2Replay|
646 0 0 |[0, 0, 0]| | Cactus Valley LE.SC2Replay|
647 0 0 |[0, 0, 0]| | Cactus Valley LE.SC2Replay|
648 0 0 |[0, 0, 0]| | Cactus Valley LE.SC2Replay|
649 0 0 |[0, 0, 0]| | Cactus Valley LE.SC2Replay|
650 0 0 |[0, 0, 0]| | Cactus Valley LE.SC2Replay|
651 0 0 |[0, 0, 0]| | Cactus Valley LE.SC2Replay|
652 0 0 |[0, 0, 0]| | Cactus Valley LE.SC2Replay|
653 0 0 |[0, 0, 0]| | Cactus Valley LE.SC2Replay|
654 0 0 |[0, 0, 0]| | Cactus Valley LE.SC2Replay|
655 0 0 |[0, 0, 0]| | Cactus Valley LE.SC2Replay|
656 0 0 |[0, 0, 0]| | Cactus Valley LE.SC2Replay|
657 0 0 |[0, 0, 0]| | Cactus Valley LE.SC2Replay|
658 0 0 |[0, 0, 0]| | Cactus Valley LE.SC2Replay|
659 0 0 |[0, 0, 0]| | Cactus Valley LE.SC2Replay|
660 0 0 |[0, 0, 0]| | Cactus Valley LE.SC2Replay|
661 0 0 |[0, 0, 0]| | Cactus Valley LE.SC2Replay|
662 0 0 |[0, 0, 0]| | Cactus Valley LE.SC2Replay|
663 0 0 |[0, 0, 0]| | Cactus Valley LE.SC2Replay|
664 0 0 |[0, 0, 0]| | Cactus Valley LE.SC2Replay|
665 0 0 |[0, 0, 0]| | Cactus Valley LE.SC2Replay|
666 0 0 |[0, 0, 0]| | Cactus Valley LE.SC2Replay|
667 0 0 |[0, 0, 0]| | Cactus Valley LE.SC2Replay|
668 0 0 |[0, 0, 0]| | Cactus Valley LE.SC2Replay|
669 0 0 |[0, 0, 0]| | Cactus Valley LE.SC2Replay|
670 0 0 |[0, 0, 0]| | Cactus Valley LE.SC2Replay|
671 0 0 |[0, 0, 0]| | Cactus Valley LE.SC2Replay|
672 0 0 |[0, 0, 0]| | Cactus Valley LE.SC2Replay|
673 0 0 |[0, 0, 0]| | Cactus Valley LE.SC2Replay|
674 0 0 |[0, 0, 0]| | Cactus Valley LE.SC2Replay|
675 0 0 |[0, 0, 0]| | Cactus Valley LE.SC2Replay|
676 0 0 |[0, 0, 0]| | Cactus Valley LE.SC2Replay|
677 0 0 |[0, 0, 0]| | Cactus Valley LE.SC2Replay|
678 0 0 |[0, 0, 0]| | Cactus Valley LE.SC2Replay|
679 0 0 |[0, 0, 0]| | Cactus Valley LE.SC2Replay|
680 0 0 |[0, 0, 0]| | Cactus Valley LE.SC2Replay|
681 0 0 |[0, 0, 0]| | Cactus Valley LE.SC2Replay|
682 0 0 |[0, 0, 0]| | Cactus Valley LE.SC2Replay|
683 0 0 |[0, 0, 0]| | Cactus Valley LE.SC2Replay|
684 0 0 |[0, 0, 0]| | Cactus Valley LE.SC2Replay|
685 0 0 |[0, 0, 0]| | Cactus Valley LE.SC2Replay|
686 0 0 |[0, 0, 0]| | Cactus Valley LE.SC2Replay|
687 0 0 |[0, 0, 0]| | Cactus Valley LE.SC2Replay|
688 0 0 |[0, 0, 0]| | Cactus Valley LE.SC2Replay|
689 0 0 |[0, 0, 0]| | Cactus Valley LE.SC2Replay|
690 0 0 |[0, 0, 0]| | Cactus Valley LE.SC2Replay|
691 0 0 |[0, 0, 0]| | Cactus Valley LE.SC2Replay|
692 0 0 |[0, 0, 0]| | Cactus Valley LE.SC2Replay|
693 0 0 |[0, 0, 0]| | Cactus Valley LE.SC2Replay|
694 0 0 |[0, 0, 0]| | Cactus Valley LE.SC2Replay|
695 0 0 |[0, 0, 0]| | Cactus Valley LE.SC2Replay|
696 0 0 |[0, 0, 0]| | Cactus Valley LE.SC2Replay|
697 0 0 |[0, 0, 0]| | Cactus Valley LE.SC2Replay|
698 0 0 |[0, 0, 0]| | Cactus Valley LE.SC2Replay|
699 0 0 |[0, 0, 0]| | Cactus Valley LE.SC2Replay|
700 0 0 |[0, 0, 0]| | Cactus Valley LE.SC2Replay|
701 0 0 |[0, 0, 0]| | Cactus Valley LE.SC2Replay|
702 0 0 |[0, 0, 0]| | Cactus Valley LE.SC2Replay|
703 0 0 |[0, 0, 0]| | Cactus Valley LE.SC2Replay|
