0 0 1 |[1, 0, 0]| | ZhuGeLiang vs LiquidRet |
1 0 1 |[1, 0, 0]| | ZhuGeLiang vs LiquidRet |
2 0 1 |[1, 0, 0]| | ZhuGeLiang vs LiquidRet |
3 0 1 |[1, 0, 0]| | ZhuGeLiang vs LiquidRet |
4 0 1 |[1, 0, 0]| | ZhuGeLiang vs LiquidRet |
5 0 1 |[1, 0, 0]| | ZhuGeLiang vs LiquidRet |
6 0 1 |[1, 0, 0]| | ZhuGeLiang vs LiquidRet |
7 0 1 |[1, 0, 0]| | ZhuGeLiang vs LiquidRet |
8 0 1 |[1, 0, 0]| | ZhuGeLiang vs LiquidRet |
9 0 1 |[1, 0, 0]| | ZhuGeLiang vs LiquidRet |
10 0 1 |[1, 0, 0]| | ZhuGeLiang vs LiquidRet |
11 0 1 |[1, 0, 0]| | ZhuGeLiang vs LiquidRet |
12 0 1 |[1, 0, 0]| | ZhuGeLiang vs LiquidRet |
13 0 1 |[1, 0, 0]| | ZhuGeLiang vs LiquidRet |
14 0 1 |[1, 0, 0]| | ZhuGeLiang vs LiquidRet |
15 0 1 |[1, 0, 0]| | ZhuGeLiang vs LiquidRet |
16 0 2 |[2, 0, 0]| | ZhuGeLiang vs LiquidRet |
17 0 2 |[2, 0, 0]| | ZhuGeLiang vs LiquidRet |
18 0 2 |[2, 0, 0]| | ZhuGeLiang vs LiquidRet |
19 0 2 |[2, 0, 0]| | ZhuGeLiang vs LiquidRet |
20 0 2 |[2, 0, 0]| | ZhuGeLiang vs LiquidRet |
21 0 2 |[2, 0, 0]| | ZhuGeLiang vs LiquidRet |
22 0 2 |[2, 0, 0]| | ZhuGeLiang vs LiquidRet |
23 0 2 |[2, 0, 0]| | ZhuGeLiang vs LiquidRet |
24 0 2 |[2, 0, 0]| | ZhuGeLiang vs LiquidRet |
25 0 2 |[2, 0, 0]| | ZhuGeLiang vs LiquidRet |
26 0 2 |[2, 0, 0]| | ZhuGeLiang vs LiquidRet |
27 0 2 |[2, 0, 0]| | ZhuGeLiang vs LiquidRet |
28 0 3 |[3, 0, 0]| | ZhuGeLiang vs LiquidRet |
29 0 3 |[3, 0, 0]| | ZhuGeLiang vs LiquidRet |
30 0 3 |[3, 0, 0]| | ZhuGeLiang vs LiquidRet |
31 0 3 |[3, 0, 0]| | ZhuGeLiang vs LiquidRet |
32 0 3 |[3, 0, 0]| | ZhuGeLiang vs LiquidRet |
33 0 3 |[3, 0, 0]| | ZhuGeLiang vs LiquidRet |
34 0 3 |[3, 0, 0]| | ZhuGeLiang vs LiquidRet |
35 0 3 |[3, 0, 0]| | ZhuGeLiang vs LiquidRet |
36 0 3 |[3, 0, 0]| | ZhuGeLiang vs LiquidRet |
37 0 3 |[3, 0, 0]| | ZhuGeLiang vs LiquidRet |
38 0 3 |[3, 0, 0]| | ZhuGeLiang vs LiquidRet |
39 0 3 |[3, 0, 0]| | ZhuGeLiang vs LiquidRet |
40 0 3 |[3, 0, 0]| | ZhuGeLiang vs LiquidRet |
41 0 3 |[3, 0, 0]| | ZhuGeLiang vs LiquidRet |
42 0 3 |[3, 0, 0]| | ZhuGeLiang vs LiquidRet |
43 0 3 |[3, 0, 0]| | ZhuGeLiang vs LiquidRet |
44 0 3 |[3, 0, 0]| | ZhuGeLiang vs LiquidRet |
45 0 3 |[3, 0, 0]| | ZhuGeLiang vs LiquidRet |
46 0 3 |[3, 0, 0]| | ZhuGeLiang vs LiquidRet |
47 0 3 |[3, 0, 0]| | ZhuGeLiang vs LiquidRet |
48 0 3 |[3, 0, 0]| | ZhuGeLiang vs LiquidRet |
49 0 3 |[3, 0, 0]| | ZhuGeLiang vs LiquidRet |
50 0 3 |[3, 0, 0]| | ZhuGeLiang vs LiquidRet |
51 0 3 |[3, 0, 0]| | ZhuGeLiang vs LiquidRet |
52 0 3 |[3, 0, 0]| | ZhuGeLiang vs LiquidRet |
53 0 3 |[3, 0, 0]| | ZhuGeLiang vs LiquidRet |
54 0 3 |[3, 0, 0]| | ZhuGeLiang vs LiquidRet |
55 0 4 |[4, 0, 0]| | ZhuGeLiang vs LiquidRet |
56 0 4 |[4, 0, 0]| | ZhuGeLiang vs LiquidRet |
57 0 4 |[4, 0, 0]| | ZhuGeLiang vs LiquidRet |
58 0 4 |[4, 0, 0]| | ZhuGeLiang vs LiquidRet |
59 0 4 |[4, 0, 0]| | ZhuGeLiang vs LiquidRet |
60 0 4 |[4, 0, 0]| | ZhuGeLiang vs LiquidRet |
61 0 4 |[4, 0, 0]| | ZhuGeLiang vs LiquidRet |
62 0 4 |[4, 0, 0]| | ZhuGeLiang vs LiquidRet |
63 0 4 |[4, 0, 0]| | ZhuGeLiang vs LiquidRet |
64 0 4 |[4, 0, 0]| | ZhuGeLiang vs LiquidRet |
65 0 4 |[4, 0, 0]| | ZhuGeLiang vs LiquidRet |
66 0 4 |[4, 0, 0]| | ZhuGeLiang vs LiquidRet |
67 0 4 |[4, 0, 0]| | ZhuGeLiang vs LiquidRet |
68 0 4 |[4, 0, 0]| | ZhuGeLiang vs LiquidRet |
69 0 4 |[4, 0, 0]| | ZhuGeLiang vs LiquidRet |
70 0 4 |[4, 0, 0]| | ZhuGeLiang vs LiquidRet |
71 0 4 |[4, 0, 0]| | ZhuGeLiang vs LiquidRet |
72 0 5 |[5, 0, 0]| | ZhuGeLiang vs LiquidRet |
73 0 6 |[6, 0, 0]| | ZhuGeLiang vs LiquidRet |
74 0 6 |[6, 0, 0]| | ZhuGeLiang vs LiquidRet |
75 0 6 |[6, 0, 0]| | ZhuGeLiang vs LiquidRet |
76 0 6 |[6, 0, 0]| | ZhuGeLiang vs LiquidRet |
77 0 6 |[6, 0, 0]| | ZhuGeLiang vs LiquidRet |
78 0 7 |[7, 0, 0]| | ZhuGeLiang vs LiquidRet |
79 0 7 |[7, 0, 0]| | ZhuGeLiang vs LiquidRet |
80 0 7 |[7, 0, 0]| | ZhuGeLiang vs LiquidRet |
81 0 7 |[7, 0, 0]| | ZhuGeLiang vs LiquidRet |
82 0 7 |[7, 0, 0]| | ZhuGeLiang vs LiquidRet |
83 0 7 |[7, 0, 0]| | ZhuGeLiang vs LiquidRet |
84 0 7 |[7, 0, 0]| | ZhuGeLiang vs LiquidRet |
85 0 7 |[7, 0, 0]| | ZhuGeLiang vs LiquidRet |
86 0 7 |[7, 0, 0]| | ZhuGeLiang vs LiquidRet |
87 0 7 |[7, 0, 0]| | ZhuGeLiang vs LiquidRet |
88 0 7 |[7, 0, 0]| | ZhuGeLiang vs LiquidRet |
89 0 7 |[7, 0, 0]| | ZhuGeLiang vs LiquidRet |
90 0 7 |[7, 0, 0]| | ZhuGeLiang vs LiquidRet |
91 0 7 |[7, 0, 0]| | ZhuGeLiang vs LiquidRet |
92 0 8 |[8, 0, 0]| | ZhuGeLiang vs LiquidRet |
93 0 8 |[8, 0, 0]| | ZhuGeLiang vs LiquidRet |
94 0 8 |[8, 0, 0]| | ZhuGeLiang vs LiquidRet |
95 0 8 |[8, 0, 0]| | ZhuGeLiang vs LiquidRet |
96 0 8 |[8, 0, 0]| | ZhuGeLiang vs LiquidRet |
97 0 8 |[8, 0, 0]| | ZhuGeLiang vs LiquidRet |
98 0 8 |[8, 0, 0]| | ZhuGeLiang vs LiquidRet |
99 0 8 |[8, 0, 0]| | ZhuGeLiang vs LiquidRet |
100 0 8 |[8, 0, 0]| | ZhuGeLiang vs LiquidRet |
101 0 8 |[8, 0, 0]| | ZhuGeLiang vs LiquidRet |
102 0 8 |[8, 0, 0]| | ZhuGeLiang vs LiquidRet |
103 0 8 |[8, 0, 0]| | ZhuGeLiang vs LiquidRet |
104 0 8 |[8, 0, 0]| | ZhuGeLiang vs LiquidRet |
105 0 8 |[8, 0, 0]| | ZhuGeLiang vs LiquidRet |
106 0 8 |[8, 0, 0]| | ZhuGeLiang vs LiquidRet |
107 0 9 |[9, 0, 0]| | ZhuGeLiang vs LiquidRet |
108 0 9 |[9, 0, 0]| | ZhuGeLiang vs LiquidRet |
109 0 9 |[9, 0, 0]| | ZhuGeLiang vs LiquidRet |
110 0 9 |[9, 0, 0]| | ZhuGeLiang vs LiquidRet |
111 0 9 |[9, 0, 0]| | ZhuGeLiang vs LiquidRet |
112 0 9 |[9, 0, 0]| | ZhuGeLiang vs LiquidRet |
113 0 9 |[9, 0, 0]| | ZhuGeLiang vs LiquidRet |
114 0 9 |[9, 0, 0]| | ZhuGeLiang vs LiquidRet |
115 0 9 |[9, 0, 0]| | ZhuGeLiang vs LiquidRet |
116 0 9 |[9, 0, 0]| | ZhuGeLiang vs LiquidRet |
117 0 9 |[9, 0, 0]| | ZhuGeLiang vs LiquidRet |
118 0 9 |[9, 0, 0]| | ZhuGeLiang vs LiquidRet |
119 0 9 |[9, 0, 0]| | ZhuGeLiang vs LiquidRet |
120 0 9 |[9, 0, 0]| | ZhuGeLiang vs LiquidRet |
121 0 9 |[9, 0, 0]| | ZhuGeLiang vs LiquidRet |
122 0 9 |[9, 0, 0]| | ZhuGeLiang vs LiquidRet |
123 0 9 |[9, 0, 0]| | ZhuGeLiang vs LiquidRet |
124 0 9 |[9, 0, 0]| | ZhuGeLiang vs LiquidRet |
125 0 9 |[9, 0, 0]| | ZhuGeLiang vs LiquidRet |
126 0 9 |[9, 0, 0]| | ZhuGeLiang vs LiquidRet |
127 0 9 |[9, 0, 0]| | ZhuGeLiang vs LiquidRet |
128 0 9 |[9, 0, 0]| | ZhuGeLiang vs LiquidRet |
129 0 9 |[9, 0, 1]| | ZhuGeLiang vs LiquidRet |
130 0 9 |[9, 0, 1]| | ZhuGeLiang vs LiquidRet |
131 0 9 |[9, 0, 1]| | ZhuGeLiang vs LiquidRet |
132 0 9 |[9, 0, 1]| | ZhuGeLiang vs LiquidRet |
133 0 10 |[10, 0, 1]| | ZhuGeLiang vs LiquidRet |
134 0 10 |[10, 0, 1]| | ZhuGeLiang vs LiquidRet |
135 0 10 |[10, 0, 1]| | ZhuGeLiang vs LiquidRet |
136 0 10 |[10, 0, 1]| | ZhuGeLiang vs LiquidRet |
137 0 10 |[10, 0, 1]| | ZhuGeLiang vs LiquidRet |
138 0 10 |[10, 0, 1]| | ZhuGeLiang vs LiquidRet |
139 0 11 |[11, 0, 1]| | ZhuGeLiang vs LiquidRet |
140 0 11 |[11, 0, 1]| | ZhuGeLiang vs LiquidRet |
141 0 11 |[11, 0, 1]| | ZhuGeLiang vs LiquidRet |
142 0 11 |[11, 0, 1]| | ZhuGeLiang vs LiquidRet |
143 0 11 |[11, 0, 1]| | ZhuGeLiang vs LiquidRet |
144 0 11 |[11, 0, 1]| | ZhuGeLiang vs LiquidRet |
145 0 11 |[11, 0, 1]| | ZhuGeLiang vs LiquidRet |
146 0 11 |[11, 0, 1]| | ZhuGeLiang vs LiquidRet |
147 0 11 |[11, 0, 1]| | ZhuGeLiang vs LiquidRet |
148 0 11 |[11, 0, 1]| | ZhuGeLiang vs LiquidRet |
149 0 11 |[11, 0, 1]| | ZhuGeLiang vs LiquidRet |
150 0 11 |[11, 0, 1]| | ZhuGeLiang vs LiquidRet |
151 0 11 |[11, 0, 1]| | ZhuGeLiang vs LiquidRet |
152 0 11 |[11, 0, 1]| | ZhuGeLiang vs LiquidRet |
153 0 11 |[11, 0, 1]| | ZhuGeLiang vs LiquidRet |
154 0 11 |[11, 0, 1]| | ZhuGeLiang vs LiquidRet |
155 0 11 |[11, 0, 1]| | ZhuGeLiang vs LiquidRet |
156 0 11 |[11, 0, 1]| | ZhuGeLiang vs LiquidRet |
157 0 11 |[11, 0, 1]| | ZhuGeLiang vs LiquidRet |
158 0 11 |[11, 0, 1]| | ZhuGeLiang vs LiquidRet |
159 0 11 |[11, 0, 1]| | ZhuGeLiang vs LiquidRet |
160 0 11 |[11, 0, 1]| | ZhuGeLiang vs LiquidRet |
161 0 11 |[11, 0, 1]| | ZhuGeLiang vs LiquidRet |
162 0 11 |[11, 0, 1]| | ZhuGeLiang vs LiquidRet |
163 0 11 |[11, 0, 1]| | ZhuGeLiang vs LiquidRet |
164 0 12 |[12, 0, 1]| | ZhuGeLiang vs LiquidRet |
165 0 12 |[12, 0, 1]| | ZhuGeLiang vs LiquidRet |
166 0 12 |[12, 0, 1]| | ZhuGeLiang vs LiquidRet |
167 0 12 |[12, 0, 1]| | ZhuGeLiang vs LiquidRet |
168 0 12 |[12, 0, 1]| | ZhuGeLiang vs LiquidRet |
169 0 12 |[12, 0, 1]| | ZhuGeLiang vs LiquidRet |
170 0 13 |[13, 0, 1]| | ZhuGeLiang vs LiquidRet |
171 0 13 |[13, 0, 1]| | ZhuGeLiang vs LiquidRet |
172 0 13 |[13, 0, 1]| | ZhuGeLiang vs LiquidRet |
173 0 13 |[13, 0, 1]| | ZhuGeLiang vs LiquidRet |
174 0 13 |[13, 0, 1]| | ZhuGeLiang vs LiquidRet |
175 0 13 |[13, 1, 1]| | ZhuGeLiang vs LiquidRet |
176 0 13 |[13, 1, 1]| | ZhuGeLiang vs LiquidRet |
177 0 13 |[13, 1, 1]| | ZhuGeLiang vs LiquidRet |
178 0 13 |[13, 1, 1]| | ZhuGeLiang vs LiquidRet |
179 0 13 |[13, 1, 1]| | ZhuGeLiang vs LiquidRet |
180 0 13 |[13, 1, 1]| | ZhuGeLiang vs LiquidRet |
181 0 13 |[13, 1, 1]| | ZhuGeLiang vs LiquidRet |
182 0 13 |[13, 1, 1]| | ZhuGeLiang vs LiquidRet |
183 0 13 |[13, 1, 1]| | ZhuGeLiang vs LiquidRet |
184 0 13 |[13, 1, 1]| | ZhuGeLiang vs LiquidRet |
185 0 13 |[13, 1, 1]| | ZhuGeLiang vs LiquidRet |
186 0 13 |[13, 1, 1]| | ZhuGeLiang vs LiquidRet |
187 0 13 |[13, 1, 1]| | ZhuGeLiang vs LiquidRet |
188 0 13 |[13, 1, 1]| | ZhuGeLiang vs LiquidRet |
189 0 13 |[13, 1, 1]| | ZhuGeLiang vs LiquidRet |
190 0 13 |[13, 1, 1]| | ZhuGeLiang vs LiquidRet |
191 0 13 |[13, 1, 1]| | ZhuGeLiang vs LiquidRet |
192 0 13 |[13, 1, 1]| | ZhuGeLiang vs LiquidRet |
193 0 13 |[13, 1, 1]| | ZhuGeLiang vs LiquidRet |
194 0 13 |[13, 1, 1]| | ZhuGeLiang vs LiquidRet |
195 0 13 |[13, 1, 1]| | ZhuGeLiang vs LiquidRet |
196 0 13 |[13, 1, 1]| | ZhuGeLiang vs LiquidRet |
197 0 13 |[13, 1, 1]| | ZhuGeLiang vs LiquidRet |
198 0 13 |[13, 1, 1]| | ZhuGeLiang vs LiquidRet |
199 0 13 |[13, 1, 1]| | ZhuGeLiang vs LiquidRet |
200 0 13 |[13, 1, 1]| | ZhuGeLiang vs LiquidRet |
201 0 13 |[13, 1, 1]| | ZhuGeLiang vs LiquidRet |
202 0 13 |[13, 1, 1]| | ZhuGeLiang vs LiquidRet |
203 0 13 |[13, 1, 1]| | ZhuGeLiang vs LiquidRet |
204 0 13 |[13, 1, 1]| | ZhuGeLiang vs LiquidRet |
205 0 13 |[13, 1, 1]| | ZhuGeLiang vs LiquidRet |
206 0 13 |[13, 1, 1]| | ZhuGeLiang vs LiquidRet |
207 0 13 |[13, 1, 1]| | ZhuGeLiang vs LiquidRet |
208 0 13 |[13, 1, 1]| | ZhuGeLiang vs LiquidRet |
209 0 13 |[13, 1, 1]| | ZhuGeLiang vs LiquidRet |
210 0 13 |[13, 1, 1]| | ZhuGeLiang vs LiquidRet |
211 0 13 |[13, 1, 1]| | ZhuGeLiang vs LiquidRet |
212 0 13 |[13, 1, 1]| | ZhuGeLiang vs LiquidRet |
213 0 13 |[13, 1, 1]| | ZhuGeLiang vs LiquidRet |
214 0 13 |[13, 1, 1]| | ZhuGeLiang vs LiquidRet |
215 0 13 |[13, 1, 1]| | ZhuGeLiang vs LiquidRet |
216 0 13 |[13, 1, 1]| | ZhuGeLiang vs LiquidRet |
217 0 13 |[13, 1, 1]| | ZhuGeLiang vs LiquidRet |
218 0 13 |[13, 1, 1]| | ZhuGeLiang vs LiquidRet |
219 0 13 |[13, 1, 1]| | ZhuGeLiang vs LiquidRet |
220 0 13 |[13, 1, 1]| | ZhuGeLiang vs LiquidRet |
221 0 13 |[13, 1, 1]| | ZhuGeLiang vs LiquidRet |
222 0 13 |[13, 1, 1]| | ZhuGeLiang vs LiquidRet |
223 0 13 |[13, 1, 1]| | ZhuGeLiang vs LiquidRet |
224 0 13 |[13, 1, 1]| | ZhuGeLiang vs LiquidRet |
225 0 13 |[13, 1, 1]| | ZhuGeLiang vs LiquidRet |
226 0 13 |[13, 1, 1]| | ZhuGeLiang vs LiquidRet |
227 50 13 |[13, 1, 1]| | ZhuGeLiang vs LiquidRet |
228 100 13 |[13, 1, 1]| | ZhuGeLiang vs LiquidRet |
229 150 13 |[13, 1, 1]| | ZhuGeLiang vs LiquidRet |
230 200 13 |[13, 1, 1]| | ZhuGeLiang vs LiquidRet |
231 250 13 |[13, 1, 1]| | ZhuGeLiang vs LiquidRet |
232 300 13 |[13, 1, 1]| | ZhuGeLiang vs LiquidRet |
233 350 13 |[13, 1, 1]| | ZhuGeLiang vs LiquidRet |
234 400 13 |[13, 1, 1]| | ZhuGeLiang vs LiquidRet |
235 400 13 |[13, 1, 1]| | ZhuGeLiang vs LiquidRet |
236 400 13 |[13, 1, 1]| | ZhuGeLiang vs LiquidRet |
237 400 13 |[13, 1, 1]| | ZhuGeLiang vs LiquidRet |
238 400 13 |[13, 1, 1]| | ZhuGeLiang vs LiquidRet |
239 400 13 |[13, 1, 1]| | ZhuGeLiang vs LiquidRet |
240 400 13 |[13, 1, 1]| | ZhuGeLiang vs LiquidRet |
241 400 13 |[13, 1, 1]| | ZhuGeLiang vs LiquidRet |
242 400 13 |[13, 1, 1]| | ZhuGeLiang vs LiquidRet |
243 400 13 |[13, 1, 1]| | ZhuGeLiang vs LiquidRet |
244 400 13 |[13, 1, 1]| | ZhuGeLiang vs LiquidRet |
245 400 13 |[13, 1, 1]| | ZhuGeLiang vs LiquidRet |
246 450 13 |[13, 1, 1]| | ZhuGeLiang vs LiquidRet |
247 500 13 |[13, 1, 1]| | ZhuGeLiang vs LiquidRet |
248 500 13 |[13, 1, 1]| | ZhuGeLiang vs LiquidRet |
249 500 13 |[13, 1, 1]| | ZhuGeLiang vs LiquidRet |
250 500 13 |[13, 1, 1]| | ZhuGeLiang vs LiquidRet |
251 500 13 |[13, 1, 1]| | ZhuGeLiang vs LiquidRet |
252 500 13 |[13, 1, 1]| | ZhuGeLiang vs LiquidRet |
253 500 13 |[13, 1, 1]| | ZhuGeLiang vs LiquidRet |
254 500 13 |[13, 1, 1]| | ZhuGeLiang vs LiquidRet |
255 500 13 |[13, 1, 1]| | ZhuGeLiang vs LiquidRet |
256 500 13 |[13, 1, 1]| | ZhuGeLiang vs LiquidRet |
257 500 13 |[13, 1, 1]| | ZhuGeLiang vs LiquidRet |
258 500 13 |[13, 1, 1]| | ZhuGeLiang vs LiquidRet |
259 500 13 |[13, 1, 1]| | ZhuGeLiang vs LiquidRet |
260 500 13 |[13, 1, 1]| | ZhuGeLiang vs LiquidRet |
261 500 13 |[13, 1, 1]| | ZhuGeLiang vs LiquidRet |
262 500 13 |[13, 1, 1]| | ZhuGeLiang vs LiquidRet |
263 500 13 |[13, 1, 1]| | ZhuGeLiang vs LiquidRet |
264 500 13 |[13, 1, 1]| | ZhuGeLiang vs LiquidRet |
265 500 13 |[13, 1, 1]| | ZhuGeLiang vs LiquidRet |
266 500 13 |[13, 1, 1]| | ZhuGeLiang vs LiquidRet |
267 500 13 |[13, 1, 1]| | ZhuGeLiang vs LiquidRet |
268 500 13 |[13, 1, 1]| | ZhuGeLiang vs LiquidRet |
269 500 13 |[13, 1, 1]| | ZhuGeLiang vs LiquidRet |
270 500 13 |[13, 1, 1]| | ZhuGeLiang vs LiquidRet |
271 500 13 |[13, 1, 1]| | ZhuGeLiang vs LiquidRet |
272 500 13 |[13, 1, 1]| | ZhuGeLiang vs LiquidRet |
273 550 13 |[13, 1, 1]| | ZhuGeLiang vs LiquidRet |
274 600 13 |[13, 1, 1]| | ZhuGeLiang vs LiquidRet |
275 600 13 |[13, 1, 1]| | ZhuGeLiang vs LiquidRet |
276 600 13 |[13, 1, 1]| | ZhuGeLiang vs LiquidRet |
277 600 13 |[13, 1, 1]| | ZhuGeLiang vs LiquidRet |
278 600 13 |[13, 1, 1]| | ZhuGeLiang vs LiquidRet |
279 600 13 |[13, 1, 1]| | ZhuGeLiang vs LiquidRet |
280 600 13 |[13, 1, 1]| | ZhuGeLiang vs LiquidRet |
281 600 13 |[13, 1, 1]| | ZhuGeLiang vs LiquidRet |
282 600 13 |[13, 1, 1]| | ZhuGeLiang vs LiquidRet |
283 600 13 |[13, 1, 1]| | ZhuGeLiang vs LiquidRet |
284 600 13 |[13, 1, 1]| | ZhuGeLiang vs LiquidRet |
285 600 13 |[13, 1, 1]| | ZhuGeLiang vs LiquidRet |
286 600 13 |[13, 1, 1]| | ZhuGeLiang vs LiquidRet |
287 600 13 |[13, 1, 1]| | ZhuGeLiang vs LiquidRet |
288 650 13 |[13, 1, 1]| | ZhuGeLiang vs LiquidRet |
289 700 13 |[13, 1, 1]| | ZhuGeLiang vs LiquidRet |
290 700 13 |[13, 1, 1]| | ZhuGeLiang vs LiquidRet |
291 700 13 |[13, 1, 1]| | ZhuGeLiang vs LiquidRet |
292 700 13 |[13, 1, 1]| | ZhuGeLiang vs LiquidRet |
293 700 13 |[13, 1, 1]| | ZhuGeLiang vs LiquidRet |
294 750 13 |[13, 1, 1]| | ZhuGeLiang vs LiquidRet |
295 800 13 |[13, 1, 1]| | ZhuGeLiang vs LiquidRet |
296 800 13 |[13, 1, 1]| | ZhuGeLiang vs LiquidRet |
297 800 13 |[13, 1, 1]| | ZhuGeLiang vs LiquidRet |
298 800 13 |[13, 1, 1]| | ZhuGeLiang vs LiquidRet |
299 800 13 |[13, 1, 1]| | ZhuGeLiang vs LiquidRet |
300 800 13 |[13, 1, 1]| | ZhuGeLiang vs LiquidRet |
301 800 13 |[13, 1, 1]| | ZhuGeLiang vs LiquidRet |
302 800 13 |[13, 1, 1]| | ZhuGeLiang vs LiquidRet |
303 800 13 |[13, 1, 1]| | ZhuGeLiang vs LiquidRet |
304 800 13 |[13, 1, 1]| | ZhuGeLiang vs LiquidRet |
305 800 13 |[13, 1, 1]| | ZhuGeLiang vs LiquidRet |
306 800 13 |[13, 1, 1]| | ZhuGeLiang vs LiquidRet |
307 800 13 |[13, 1, 1]| | ZhuGeLiang vs LiquidRet |
308 800 13 |[13, 1, 1]| | ZhuGeLiang vs LiquidRet |
309 800 13 |[13, 1, 1]| | ZhuGeLiang vs LiquidRet |
310 850 13 |[13, 1, 1]| | ZhuGeLiang vs LiquidRet |
311 900 13 |[13, 1, 1]| | ZhuGeLiang vs LiquidRet |
312 900 13 |[13, 1, 1]| | ZhuGeLiang vs LiquidRet |
313 900 13 |[13, 1, 1]| | ZhuGeLiang vs LiquidRet |
314 950 13 |[13, 1, 1]| | ZhuGeLiang vs LiquidRet |
315 1000 13 |[13, 1, 1]| | ZhuGeLiang vs LiquidRet |
316 1000 13 |[13, 1, 1]| | ZhuGeLiang vs LiquidRet |
317 1000 13 |[13, 1, 1]| | ZhuGeLiang vs LiquidRet |
318 1000 13 |[13, 1, 1]| | ZhuGeLiang vs LiquidRet |
319 1000 13 |[13, 1, 1]| | ZhuGeLiang vs LiquidRet |
320 1000 13 |[13, 1, 1]| | ZhuGeLiang vs LiquidRet |
321 1000 13 |[13, 1, 1]| | ZhuGeLiang vs LiquidRet |
322 1050 13 |[13, 1, 1]| | ZhuGeLiang vs LiquidRet |
323 1100 13 |[13, 1, 1]| | ZhuGeLiang vs LiquidRet |
324 1100 13 |[13, 1, 1]| | ZhuGeLiang vs LiquidRet |
325 1100 13 |[13, 1, 1]| | ZhuGeLiang vs LiquidRet |
326 1100 13 |[13, 1, 1]| | ZhuGeLiang vs LiquidRet |
327 1100 13 |[13, 1, 1]| | ZhuGeLiang vs LiquidRet |
328 1100 13 |[13, 1, 1]| | ZhuGeLiang vs LiquidRet |
329 1100 13 |[13, 1, 1]| | ZhuGeLiang vs LiquidRet |
330 1100 13 |[13, 1, 1]| | ZhuGeLiang vs LiquidRet |
331 1100 13 |[13, 1, 1]| | ZhuGeLiang vs LiquidRet |
332 1100 13 |[13, 1, 1]| | ZhuGeLiang vs LiquidRet |
333 1100 13 |[13, 1, 1]| | ZhuGeLiang vs LiquidRet |
334 1100 13 |[13, 1, 1]| | ZhuGeLiang vs LiquidRet |
335 1100 13 |[13, 1, 1]| | ZhuGeLiang vs LiquidRet |
336 1100 13 |[13, 1, 1]| | ZhuGeLiang vs LiquidRet |
337 1150 13 |[13, 1, 1]| | ZhuGeLiang vs LiquidRet |
338 1200 13 |[13, 1, 1]| | ZhuGeLiang vs LiquidRet |
339 1200 13 |[13, 1, 1]| | ZhuGeLiang vs LiquidRet |
340 1200 13 |[13, 1, 1]| | ZhuGeLiang vs LiquidRet |
341 1200 13 |[13, 1, 1]| | ZhuGeLiang vs LiquidRet |
342 1200 13 |[13, 1, 1]| | ZhuGeLiang vs LiquidRet |
343 1200 13 |[13, 1, 1]| | ZhuGeLiang vs LiquidRet |
344 1200 13 |[13, 1, 1]| | ZhuGeLiang vs LiquidRet |
345 1200 13 |[13, 1, 1]| | ZhuGeLiang vs LiquidRet |
346 1200 13 |[13, 1, 1]| | ZhuGeLiang vs LiquidRet |
347 1200 13 |[13, 1, 1]| | ZhuGeLiang vs LiquidRet |
348 1200 13 |[13, 1, 1]| | ZhuGeLiang vs LiquidRet |
349 1200 13 |[13, 1, 1]| | ZhuGeLiang vs LiquidRet |
350 1200 13 |[13, 1, 1]| | ZhuGeLiang vs LiquidRet |
351 1250 13 |[13, 1, 1]| | ZhuGeLiang vs LiquidRet |
352 1300 13 |[13, 1, 1]| | ZhuGeLiang vs LiquidRet |
353 1350 13 |[13, 1, 1]| | ZhuGeLiang vs LiquidRet |
354 1400 13 |[13, 1, 1]| | ZhuGeLiang vs LiquidRet |
355 1400 13 |[13, 1, 1]| | ZhuGeLiang vs LiquidRet |
356 1400 13 |[13, 1, 1]| | ZhuGeLiang vs LiquidRet |
357 1400 13 |[13, 1, 1]| | ZhuGeLiang vs LiquidRet |
358 1400 13 |[13, 1, 1]| | ZhuGeLiang vs LiquidRet |
359 1400 13 |[13, 1, 1]| | ZhuGeLiang vs LiquidRet |
360 1450 13 |[13, 1, 1]| | ZhuGeLiang vs LiquidRet |
361 1500 13 |[13, 1, 1]| | ZhuGeLiang vs LiquidRet |
362 1500 13 |[13, 1, 1]| | ZhuGeLiang vs LiquidRet |
363 1500 13 |[13, 1, 1]| | ZhuGeLiang vs LiquidRet |
364 1500 13 |[13, 1, 1]| | ZhuGeLiang vs LiquidRet |
365 1500 13 |[13, 1, 1]| | ZhuGeLiang vs LiquidRet |
366 1500 13 |[13, 1, 1]| | ZhuGeLiang vs LiquidRet |
367 1500 13 |[13, 1, 1]| | ZhuGeLiang vs LiquidRet |
368 1550 13 |[13, 1, 1]| | ZhuGeLiang vs LiquidRet |
369 1600 13 |[13, 1, 1]| | ZhuGeLiang vs LiquidRet |
370 1600 13 |[13, 1, 1]| | ZhuGeLiang vs LiquidRet |
371 1600 13 |[13, 1, 1]| | ZhuGeLiang vs LiquidRet |
372 1600 13 |[13, 1, 1]| | ZhuGeLiang vs LiquidRet |
373 1600 13 |[13, 1, 1]| | ZhuGeLiang vs LiquidRet |
374 1600 13 |[13, 1, 1]| | ZhuGeLiang vs LiquidRet |
375 1600 13 |[13, 1, 1]| | ZhuGeLiang vs LiquidRet |
376 1600 13 |[13, 1, 1]| | ZhuGeLiang vs LiquidRet |
377 1600 13 |[13, 1, 1]| | ZhuGeLiang vs LiquidRet |
378 1650 13 |[13, 1, 1]| | ZhuGeLiang vs LiquidRet |
379 1700 13 |[13, 1, 1]| | ZhuGeLiang vs LiquidRet |
380 1700 13 |[13, 1, 1]| | ZhuGeLiang vs LiquidRet |
381 1700 13 |[13, 1, 1]| | ZhuGeLiang vs LiquidRet |
382 1750 13 |[13, 1, 1]| | ZhuGeLiang vs LiquidRet |
383 1800 13 |[13, 1, 1]| | ZhuGeLiang vs LiquidRet |
384 1800 13 |[13, 1, 1]| | ZhuGeLiang vs LiquidRet |
385 1800 13 |[13, 1, 1]| | ZhuGeLiang vs LiquidRet |
386 1800 13 |[13, 1, 1]| | ZhuGeLiang vs LiquidRet |
387 1800 13 |[13, 1, 1]| | ZhuGeLiang vs LiquidRet |
388 1800 13 |[13, 1, 1]| | ZhuGeLiang vs LiquidRet |
389 1800 13 |[13, 1, 1]| | ZhuGeLiang vs LiquidRet |
390 1800 14 |[14, 1, 1]| | ZhuGeLiang vs LiquidRet |
391 1800 14 |[14, 1, 1]| | ZhuGeLiang vs LiquidRet |
392 1800 14 |[14, 1, 1]| | ZhuGeLiang vs LiquidRet |
393 1800 14 |[14, 1, 1]| | ZhuGeLiang vs LiquidRet |
394 1800 14 |[14, 1, 1]| | ZhuGeLiang vs LiquidRet |
395 1800 14 |[14, 1, 1]| | ZhuGeLiang vs LiquidRet |
396 1800 15 |[15, 1, 1]| | ZhuGeLiang vs LiquidRet |
397 1800 15 |[15, 1, 1]| | ZhuGeLiang vs LiquidRet |
398 1800 15 |[15, 1, 1]| | ZhuGeLiang vs LiquidRet |
399 1800 15 |[15, 1, 1]| | ZhuGeLiang vs LiquidRet |
400 1800 16 |[16, 1, 1]| | ZhuGeLiang vs LiquidRet |
401 1800 16 |[16, 1, 1]| | ZhuGeLiang vs LiquidRet |
402 1800 16 |[16, 1, 1]| | ZhuGeLiang vs LiquidRet |
403 1800 16 |[16, 1, 1]| | ZhuGeLiang vs LiquidRet |
404 1800 16 |[16, 1, 1]| | ZhuGeLiang vs LiquidRet |
405 1800 16 |[16, 1, 1]| | ZhuGeLiang vs LiquidRet |
406 1800 16 |[16, 1, 1]| | ZhuGeLiang vs LiquidRet |
407 1800 17 |[17, 1, 1]| | ZhuGeLiang vs LiquidRet |
408 1800 17 |[17, 1, 1]| | ZhuGeLiang vs LiquidRet |
409 1800 17 |[17, 1, 1]| | ZhuGeLiang vs LiquidRet |
410 1800 17 |[17, 1, 1]| | ZhuGeLiang vs LiquidRet |
411 1800 17 |[17, 1, 1]| | ZhuGeLiang vs LiquidRet |
412 1800 17 |[17, 1, 1]| | ZhuGeLiang vs LiquidRet |
413 1800 17 |[17, 1, 1]| | ZhuGeLiang vs LiquidRet |
414 1800 17 |[17, 1, 1]| | ZhuGeLiang vs LiquidRet |
415 1800 17 |[17, 1, 1]| | ZhuGeLiang vs LiquidRet |
416 1850 17 |[17, 1, 1]| | ZhuGeLiang vs LiquidRet |
417 1900 17 |[17, 1, 1]| | ZhuGeLiang vs LiquidRet |
418 1900 17 |[17, 1, 1]| | ZhuGeLiang vs LiquidRet |
419 1900 17 |[17, 1, 1]| | ZhuGeLiang vs LiquidRet |
420 1950 17 |[17, 1, 1]| | ZhuGeLiang vs LiquidRet |
421 2000 17 |[17, 1, 1]| | ZhuGeLiang vs LiquidRet |
422 2000 17 |[17, 1, 1]| | ZhuGeLiang vs LiquidRet |
423 2000 17 |[17, 1, 1]| | ZhuGeLiang vs LiquidRet |
424 2000 17 |[17, 1, 1]| | ZhuGeLiang vs LiquidRet |
425 2000 17 |[17, 1, 1]| | ZhuGeLiang vs LiquidRet |
426 2000 17 |[17, 1, 1]| | ZhuGeLiang vs LiquidRet |
427 2050 17 |[17, 1, 1]| | ZhuGeLiang vs LiquidRet |
428 2100 17 |[17, 1, 1]| | ZhuGeLiang vs LiquidRet |
429 2100 17 |[17, 1, 1]| | ZhuGeLiang vs LiquidRet |
430 2100 17 |[17, 1, 1]| | ZhuGeLiang vs LiquidRet |
431 2100 17 |[17, 1, 1]| | ZhuGeLiang vs LiquidRet |
432 2100 17 |[17, 1, 1]| | ZhuGeLiang vs LiquidRet |
433 2100 17 |[17, 1, 1]| | ZhuGeLiang vs LiquidRet |
434 2100 17 |[17, 1, 1]| | ZhuGeLiang vs LiquidRet |
435 2150 17 |[17, 1, 1]| | ZhuGeLiang vs LiquidRet |
436 2200 17 |[17, 1, 1]| | ZhuGeLiang vs LiquidRet |
437 2200 17 |[17, 1, 1]| | ZhuGeLiang vs LiquidRet |
438 2200 17 |[17, 1, 1]| | ZhuGeLiang vs LiquidRet |
439 2200 17 |[17, 1, 1]| | ZhuGeLiang vs LiquidRet |
440 2200 17 |[17, 1, 1]| | ZhuGeLiang vs LiquidRet |
441 2200 17 |[17, 1, 1]| | ZhuGeLiang vs LiquidRet |
442 2200 17 |[17, 1, 1]| | ZhuGeLiang vs LiquidRet |
443 2200 17 |[17, 1, 1]| | ZhuGeLiang vs LiquidRet |
444 2200 17 |[17, 1, 1]| | ZhuGeLiang vs LiquidRet |
445 2200 17 |[17, 1, 1]| | ZhuGeLiang vs LiquidRet |
446 2200 17 |[17, 1, 1]| | ZhuGeLiang vs LiquidRet |
447 2200 17 |[17, 1, 1]| | ZhuGeLiang vs LiquidRet |
448 2200 17 |[17, 1, 1]| | ZhuGeLiang vs LiquidRet |
449 2200 17 |[17, 1, 1]| | ZhuGeLiang vs LiquidRet |
450 2200 17 |[17, 1, 1]| | ZhuGeLiang vs LiquidRet |
451 2200 17 |[17, 1, 1]| | ZhuGeLiang vs LiquidRet |
452 2200 18 |[18, 1, 1]| | ZhuGeLiang vs LiquidRet |
453 2200 18 |[18, 1, 1]| | ZhuGeLiang vs LiquidRet |
454 2200 18 |[18, 1, 1]| | ZhuGeLiang vs LiquidRet |
455 2200 18 |[18, 1, 1]| | ZhuGeLiang vs LiquidRet |
456 2200 18 |[18, 1, 1]| | ZhuGeLiang vs LiquidRet |
457 2200 18 |[18, 1, 1]| | ZhuGeLiang vs LiquidRet |
458 2200 18 |[18, 1, 1]| | ZhuGeLiang vs LiquidRet |
459 2200 18 |[18, 1, 1]| | ZhuGeLiang vs LiquidRet |
460 2200 19 |[19, 1, 1]| | ZhuGeLiang vs LiquidRet |
461 2200 19 |[19, 1, 1]| | ZhuGeLiang vs LiquidRet |
462 2200 20 |[20, 1, 1]| | ZhuGeLiang vs LiquidRet |
463 2200 20 |[20, 1, 1]| | ZhuGeLiang vs LiquidRet |
464 2200 20 |[20, 1, 1]| | ZhuGeLiang vs LiquidRet |
465 2200 20 |[20, 1, 1]| | ZhuGeLiang vs LiquidRet |
466 2200 21 |[21, 1, 1]| | ZhuGeLiang vs LiquidRet |
467 2200 21 |[21, 1, 1]| | ZhuGeLiang vs LiquidRet |
468 2200 21 |[21, 1, 1]| | ZhuGeLiang vs LiquidRet |
469 2200 21 |[21, 1, 1]| | ZhuGeLiang vs LiquidRet |
470 2200 21 |[21, 1, 1]| | ZhuGeLiang vs LiquidRet |
471 2200 21 |[21, 1, 1]| | ZhuGeLiang vs LiquidRet |
472 2200 21 |[21, 1, 1]| | ZhuGeLiang vs LiquidRet |
473 2200 21 |[21, 1, 1]| | ZhuGeLiang vs LiquidRet |
474 2200 21 |[21, 1, 1]| | ZhuGeLiang vs LiquidRet |
475 2200 21 |[21, 1, 1]| | ZhuGeLiang vs LiquidRet |
476 2200 21 |[21, 1, 1]| | ZhuGeLiang vs LiquidRet |
477 2200 21 |[21, 1, 1]| | ZhuGeLiang vs LiquidRet |
478 2200 21 |[21, 1, 1]| | ZhuGeLiang vs LiquidRet |
479 2200 21 |[21, 1, 1]| | ZhuGeLiang vs LiquidRet |
480 2200 21 |[21, 1, 1]| | ZhuGeLiang vs LiquidRet |
481 2200 21 |[21, 1, 1]| | ZhuGeLiang vs LiquidRet |
482 2200 21 |[21, 1, 1]| | ZhuGeLiang vs LiquidRet |
483 2200 21 |[21, 1, 1]| | ZhuGeLiang vs LiquidRet |
484 2200 21 |[21, 1, 1]| | ZhuGeLiang vs LiquidRet |
485 2200 21 |[21, 1, 1]| | ZhuGeLiang vs LiquidRet |
486 2200 21 |[21, 1, 1]| | ZhuGeLiang vs LiquidRet |
487 2200 21 |[21, 1, 1]| | ZhuGeLiang vs LiquidRet |
488 2200 21 |[21, 1, 1]| | ZhuGeLiang vs LiquidRet |
489 2200 21 |[21, 1, 1]| | ZhuGeLiang vs LiquidRet |
490 2200 21 |[21, 1, 1]| | ZhuGeLiang vs LiquidRet |
491 2200 21 |[21, 1, 1]| | ZhuGeLiang vs LiquidRet |
492 2200 21 |[21, 1, 1]| | ZhuGeLiang vs LiquidRet |
493 2200 21 |[21, 1, 1]| | ZhuGeLiang vs LiquidRet |
494 2200 21 |[21, 1, 1]| | ZhuGeLiang vs LiquidRet |
495 2200 21 |[21, 1, 1]| | ZhuGeLiang vs LiquidRet |
496 2200 21 |[21, 1, 1]| | ZhuGeLiang vs LiquidRet |
497 2200 21 |[21, 1, 1]| | ZhuGeLiang vs LiquidRet |
498 2200 21 |[21, 1, 1]| | ZhuGeLiang vs LiquidRet |
499 2200 21 |[21, 1, 1]| | ZhuGeLiang vs LiquidRet |
500 2200 21 |[21, 1, 1]| | ZhuGeLiang vs LiquidRet |
501 2200 21 |[21, 1, 1]| | ZhuGeLiang vs LiquidRet |
502 2200 21 |[21, 1, 1]| | ZhuGeLiang vs LiquidRet |
503 2200 21 |[21, 1, 1]| | ZhuGeLiang vs LiquidRet |
