0 0 1 |[1, 0, 0]| | LiquidSnute vs BBoongBBoong |
1 0 1 |[1, 0, 0]| | LiquidSnute vs BBoongBBoong |
2 0 1 |[1, 0, 0]| | LiquidSnute vs BBoongBBoong |
3 0 1 |[1, 0, 0]| | LiquidSnute vs BBoongBBoong |
4 0 1 |[1, 0, 0]| | LiquidSnute vs BBoongBBoong |
5 0 1 |[1, 0, 0]| | LiquidSnute vs BBoongBBoong |
6 0 1 |[1, 0, 0]| | LiquidSnute vs BBoongBBoong |
7 0 1 |[1, 0, 0]| | LiquidSnute vs BBoongBBoong |
8 0 1 |[1, 0, 0]| | LiquidSnute vs BBoongBBoong |
9 0 1 |[1, 0, 0]| | LiquidSnute vs BBoongBBoong |
10 0 1 |[1, 0, 0]| | LiquidSnute vs BBoongBBoong |
11 0 1 |[1, 0, 0]| | LiquidSnute vs BBoongBBoong |
12 0 1 |[1, 0, 0]| | LiquidSnute vs BBoongBBoong |
13 0 1 |[1, 0, 0]| | LiquidSnute vs BBoongBBoong |
14 0 1 |[1, 0, 0]| | LiquidSnute vs BBoongBBoong |
15 0 2 |[2, 0, 0]| | LiquidSnute vs BBoongBBoong |
16 0 2 |[2, 0, 0]| | LiquidSnute vs BBoongBBoong |
17 0 2 |[2, 0, 0]| | LiquidSnute vs BBoongBBoong |
18 0 2 |[2, 0, 0]| | LiquidSnute vs BBoongBBoong |
19 0 2 |[2, 0, 0]| | LiquidSnute vs BBoongBBoong |
20 0 2 |[2, 0, 0]| | LiquidSnute vs BBoongBBoong |
21 0 2 |[2, 0, 0]| | LiquidSnute vs BBoongBBoong |
22 0 2 |[2, 0, 0]| | LiquidSnute vs BBoongBBoong |
23 0 2 |[2, 0, 0]| | LiquidSnute vs BBoongBBoong |
24 0 2 |[2, 0, 0]| | LiquidSnute vs BBoongBBoong |
25 0 2 |[2, 0, 0]| | LiquidSnute vs BBoongBBoong |
26 0 2 |[2, 0, 0]| | LiquidSnute vs BBoongBBoong |
27 0 2 |[2, 0, 0]| | LiquidSnute vs BBoongBBoong |
28 0 2 |[2, 0, 0]| | LiquidSnute vs BBoongBBoong |
29 0 3 |[3, 0, 0]| | LiquidSnute vs BBoongBBoong |
30 0 3 |[3, 0, 0]| | LiquidSnute vs BBoongBBoong |
31 0 3 |[3, 0, 0]| | LiquidSnute vs BBoongBBoong |
32 0 3 |[3, 0, 0]| | LiquidSnute vs BBoongBBoong |
33 0 3 |[3, 0, 0]| | LiquidSnute vs BBoongBBoong |
34 0 3 |[3, 0, 0]| | LiquidSnute vs BBoongBBoong |
35 0 3 |[3, 0, 0]| | LiquidSnute vs BBoongBBoong |
36 0 3 |[3, 0, 0]| | LiquidSnute vs BBoongBBoong |
37 0 4 |[4, 0, 0]| | LiquidSnute vs BBoongBBoong |
38 0 4 |[4, 0, 0]| | LiquidSnute vs BBoongBBoong |
39 0 4 |[4, 0, 0]| | LiquidSnute vs BBoongBBoong |
40 0 4 |[4, 0, 0]| | LiquidSnute vs BBoongBBoong |
41 0 4 |[4, 0, 0]| | LiquidSnute vs BBoongBBoong |
42 0 4 |[4, 0, 0]| | LiquidSnute vs BBoongBBoong |
43 0 4 |[4, 0, 0]| | LiquidSnute vs BBoongBBoong |
44 0 4 |[4, 0, 0]| | LiquidSnute vs BBoongBBoong |
45 0 4 |[4, 0, 0]| | LiquidSnute vs BBoongBBoong |
46 0 4 |[4, 0, 0]| | LiquidSnute vs BBoongBBoong |
47 0 4 |[4, 0, 0]| | LiquidSnute vs BBoongBBoong |
48 0 4 |[4, 0, 0]| | LiquidSnute vs BBoongBBoong |
49 0 4 |[4, 0, 0]| | LiquidSnute vs BBoongBBoong |
50 0 4 |[4, 0, 0]| | LiquidSnute vs BBoongBBoong |
51 0 4 |[4, 0, 0]| | LiquidSnute vs BBoongBBoong |
52 0 4 |[4, 0, 0]| | LiquidSnute vs BBoongBBoong |
53 0 4 |[4, 0, 0]| | LiquidSnute vs BBoongBBoong |
54 0 4 |[4, 0, 0]| | LiquidSnute vs BBoongBBoong |
55 0 4 |[4, 0, 0]| | LiquidSnute vs BBoongBBoong |
56 0 4 |[4, 0, 0]| | LiquidSnute vs BBoongBBoong |
57 0 4 |[4, 0, 0]| | LiquidSnute vs BBoongBBoong |
58 0 4 |[4, 0, 0]| | LiquidSnute vs BBoongBBoong |
59 0 4 |[4, 0, 0]| | LiquidSnute vs BBoongBBoong |
60 0 4 |[4, 0, 0]| | LiquidSnute vs BBoongBBoong |
61 0 4 |[4, 0, 0]| | LiquidSnute vs BBoongBBoong |
62 0 4 |[4, 0, 0]| | LiquidSnute vs BBoongBBoong |
63 0 4 |[4, 0, 0]| | LiquidSnute vs BBoongBBoong |
64 0 4 |[4, 0, 0]| | LiquidSnute vs BBoongBBoong |
65 0 4 |[4, 0, 0]| | LiquidSnute vs BBoongBBoong |
66 0 4 |[4, 0, 0]| | LiquidSnute vs BBoongBBoong |
67 0 4 |[4, 0, 0]| | LiquidSnute vs BBoongBBoong |
68 0 4 |[4, 0, 0]| | LiquidSnute vs BBoongBBoong |
69 0 4 |[4, 0, 0]| | LiquidSnute vs BBoongBBoong |
70 0 4 |[4, 0, 0]| | LiquidSnute vs BBoongBBoong |
71 0 4 |[4, 0, 0]| | LiquidSnute vs BBoongBBoong |
72 0 4 |[4, 0, 0]| | LiquidSnute vs BBoongBBoong |
73 0 4 |[4, 0, 0]| | LiquidSnute vs BBoongBBoong |
74 0 4 |[4, 0, 0]| | LiquidSnute vs BBoongBBoong |
75 0 4 |[4, 0, 0]| | LiquidSnute vs BBoongBBoong |
76 0 5 |[5, 0, 0]| | LiquidSnute vs BBoongBBoong |
77 0 5 |[5, 0, 0]| | LiquidSnute vs BBoongBBoong |
78 0 5 |[5, 0, 0]| | LiquidSnute vs BBoongBBoong |
79 0 5 |[5, 0, 0]| | LiquidSnute vs BBoongBBoong |
80 0 5 |[5, 0, 0]| | LiquidSnute vs BBoongBBoong |
81 0 5 |[5, 0, 0]| | LiquidSnute vs BBoongBBoong |
82 0 5 |[5, 0, 0]| | LiquidSnute vs BBoongBBoong |
83 0 5 |[5, 0, 0]| | LiquidSnute vs BBoongBBoong |
84 0 5 |[5, 0, 0]| | LiquidSnute vs BBoongBBoong |
85 0 5 |[5, 0, 0]| | LiquidSnute vs BBoongBBoong |
86 0 5 |[5, 0, 0]| | LiquidSnute vs BBoongBBoong |
87 0 5 |[5, 1, 0]| | LiquidSnute vs BBoongBBoong |
88 0 6 |[6, 1, 0]| | LiquidSnute vs BBoongBBoong |
89 0 6 |[6, 1, 0]| | LiquidSnute vs BBoongBBoong |
90 0 6 |[6, 1, 0]| | LiquidSnute vs BBoongBBoong |
91 0 6 |[6, 1, 0]| | LiquidSnute vs BBoongBBoong |
92 0 6 |[6, 1, 0]| | LiquidSnute vs BBoongBBoong |
93 0 6 |[6, 1, 0]| | LiquidSnute vs BBoongBBoong |
94 0 6 |[6, 1, 0]| | LiquidSnute vs BBoongBBoong |
95 0 6 |[6, 1, 0]| | LiquidSnute vs BBoongBBoong |
96 0 6 |[6, 1, 0]| | LiquidSnute vs BBoongBBoong |
97 0 6 |[6, 1, 0]| | LiquidSnute vs BBoongBBoong |
98 0 6 |[6, 1, 0]| | LiquidSnute vs BBoongBBoong |
99 0 6 |[6, 1, 0]| | LiquidSnute vs BBoongBBoong |
100 0 6 |[6, 1, 0]| | LiquidSnute vs BBoongBBoong |
101 0 6 |[6, 2, 0]| | LiquidSnute vs BBoongBBoong |
102 0 7 |[7, 2, 0]| | LiquidSnute vs BBoongBBoong |
103 0 7 |[7, 2, 0]| | LiquidSnute vs BBoongBBoong |
104 0 7 |[7, 2, 0]| | LiquidSnute vs BBoongBBoong |
105 0 7 |[7, 2, 0]| | LiquidSnute vs BBoongBBoong |
106 0 7 |[7, 2, 0]| | LiquidSnute vs BBoongBBoong |
107 0 7 |[7, 2, 0]| | LiquidSnute vs BBoongBBoong |
108 0 7 |[7, 2, 0]| | LiquidSnute vs BBoongBBoong |
109 0 7 |[7, 2, 0]| | LiquidSnute vs BBoongBBoong |
110 0 7 |[7, 2, 0]| | LiquidSnute vs BBoongBBoong |
111 0 7 |[7, 2, 0]| | LiquidSnute vs BBoongBBoong |
112 0 7 |[7, 2, 0]| | LiquidSnute vs BBoongBBoong |
113 0 7 |[7, 2, 0]| | LiquidSnute vs BBoongBBoong |
114 0 7 |[7, 2, 0]| | LiquidSnute vs BBoongBBoong |
115 0 7 |[7, 2, 0]| | LiquidSnute vs BBoongBBoong |
116 0 7 |[7, 2, 0]| | LiquidSnute vs BBoongBBoong |
117 0 7 |[7, 2, 0]| | LiquidSnute vs BBoongBBoong |
118 0 7 |[7, 2, 0]| | LiquidSnute vs BBoongBBoong |
119 0 7 |[7, 2, 0]| | LiquidSnute vs BBoongBBoong |
120 0 7 |[7, 2, 0]| | LiquidSnute vs BBoongBBoong |
121 0 7 |[7, 2, 0]| | LiquidSnute vs BBoongBBoong |
122 0 7 |[7, 2, 0]| | LiquidSnute vs BBoongBBoong |
123 0 7 |[7, 2, 0]| | LiquidSnute vs BBoongBBoong |
124 0 7 |[7, 2, 0]| | LiquidSnute vs BBoongBBoong |
125 0 7 |[7, 2, 0]| | LiquidSnute vs BBoongBBoong |
126 0 7 |[7, 2, 0]| | LiquidSnute vs BBoongBBoong |
127 0 7 |[7, 2, 0]| | LiquidSnute vs BBoongBBoong |
128 0 7 |[7, 2, 0]| | LiquidSnute vs BBoongBBoong |
129 0 7 |[7, 2, 0]| | LiquidSnute vs BBoongBBoong |
130 0 7 |[7, 2, 0]| | LiquidSnute vs BBoongBBoong |
131 0 7 |[7, 2, 0]| | LiquidSnute vs BBoongBBoong |
132 0 7 |[7, 2, 0]| | LiquidSnute vs BBoongBBoong |
133 0 7 |[7, 2, 0]| | LiquidSnute vs BBoongBBoong |
134 0 7 |[7, 2, 0]| | LiquidSnute vs BBoongBBoong |
135 0 7 |[7, 2, 0]| | LiquidSnute vs BBoongBBoong |
136 0 7 |[7, 2, 0]| | LiquidSnute vs BBoongBBoong |
137 0 7 |[7, 2, 0]| | LiquidSnute vs BBoongBBoong |
138 0 7 |[7, 2, 0]| | LiquidSnute vs BBoongBBoong |
139 0 7 |[7, 2, 0]| | LiquidSnute vs BBoongBBoong |
140 0 7 |[7, 2, 0]| | LiquidSnute vs BBoongBBoong |
141 0 7 |[7, 2, 0]| | LiquidSnute vs BBoongBBoong |
142 0 7 |[7, 2, 0]| | LiquidSnute vs BBoongBBoong |
143 0 7 |[7, 2, 0]| | LiquidSnute vs BBoongBBoong |
144 0 7 |[7, 2, 0]| | LiquidSnute vs BBoongBBoong |
145 0 7 |[7, 2, 0]| | LiquidSnute vs BBoongBBoong |
146 0 7 |[7, 2, 0]| | LiquidSnute vs BBoongBBoong |
147 0 7 |[7, 2, 0]| | LiquidSnute vs BBoongBBoong |
148 0 7 |[7, 2, 0]| | LiquidSnute vs BBoongBBoong |
149 0 7 |[7, 2, 0]| | LiquidSnute vs BBoongBBoong |
150 50 7 |[7, 2, 0]| | LiquidSnute vs BBoongBBoong |
151 100 7 |[7, 2, 0]| | LiquidSnute vs BBoongBBoong |
152 100 7 |[7, 2, 0]| | LiquidSnute vs BBoongBBoong |
153 100 7 |[7, 2, 0]| | LiquidSnute vs BBoongBBoong |
154 100 7 |[7, 2, 0]| | LiquidSnute vs BBoongBBoong |
155 100 7 |[7, 2, 0]| | LiquidSnute vs BBoongBBoong |
156 100 7 |[7, 2, 0]| | LiquidSnute vs BBoongBBoong |
157 100 7 |[7, 2, 0]| | LiquidSnute vs BBoongBBoong |
158 100 7 |[7, 2, 0]| | LiquidSnute vs BBoongBBoong |
159 100 7 |[7, 2, 0]| | LiquidSnute vs BBoongBBoong |
160 150 7 |[7, 2, 0]| | LiquidSnute vs BBoongBBoong |
161 200 7 |[7, 2, 0]| | LiquidSnute vs BBoongBBoong |
162 200 7 |[7, 2, 0]| | LiquidSnute vs BBoongBBoong |
163 200 7 |[7, 2, 0]| | LiquidSnute vs BBoongBBoong |
164 200 7 |[7, 2, 0]| | LiquidSnute vs BBoongBBoong |
165 200 7 |[7, 2, 0]| | LiquidSnute vs BBoongBBoong |
166 200 7 |[7, 2, 0]| | LiquidSnute vs BBoongBBoong |
167 200 7 |[7, 2, 0]| | LiquidSnute vs BBoongBBoong |
168 200 7 |[7, 2, 0]| | LiquidSnute vs BBoongBBoong |
169 200 7 |[7, 2, 0]| | LiquidSnute vs BBoongBBoong |
170 200 7 |[7, 2, 0]| | LiquidSnute vs BBoongBBoong |
171 200 7 |[7, 2, 0]| | LiquidSnute vs BBoongBBoong |
172 200 7 |[7, 2, 0]| | LiquidSnute vs BBoongBBoong |
173 200 7 |[7, 2, 0]| | LiquidSnute vs BBoongBBoong |
174 200 7 |[7, 2, 0]| | LiquidSnute vs BBoongBBoong |
175 200 7 |[7, 2, 0]| | LiquidSnute vs BBoongBBoong |
176 200 7 |[7, 2, 0]| | LiquidSnute vs BBoongBBoong |
177 200 7 |[7, 2, 0]| | LiquidSnute vs BBoongBBoong |
178 200 7 |[7, 2, 0]| | LiquidSnute vs BBoongBBoong |
179 200 7 |[7, 2, 0]| | LiquidSnute vs BBoongBBoong |
180 200 7 |[7, 2, 0]| | LiquidSnute vs BBoongBBoong |
181 200 7 |[7, 2, 0]| | LiquidSnute vs BBoongBBoong |
182 250 7 |[7, 2, 0]| | LiquidSnute vs BBoongBBoong |
183 300 7 |[7, 2, 0]| | LiquidSnute vs BBoongBBoong |
184 300 7 |[7, 2, 0]| | LiquidSnute vs BBoongBBoong |
185 300 7 |[7, 2, 0]| | LiquidSnute vs BBoongBBoong |
186 300 7 |[7, 2, 0]| | LiquidSnute vs BBoongBBoong |
187 300 7 |[7, 2, 0]| | LiquidSnute vs BBoongBBoong |
188 300 7 |[7, 2, 0]| | LiquidSnute vs BBoongBBoong |
189 300 7 |[7, 2, 0]| | LiquidSnute vs BBoongBBoong |
190 350 7 |[7, 2, 0]| | LiquidSnute vs BBoongBBoong |
191 400 7 |[7, 2, 0]| | LiquidSnute vs BBoongBBoong |
192 400 7 |[7, 2, 0]| | LiquidSnute vs BBoongBBoong |
193 400 7 |[7, 2, 0]| | LiquidSnute vs BBoongBBoong |
194 400 7 |[7, 2, 0]| | LiquidSnute vs BBoongBBoong |
195 400 7 |[7, 2, 0]| | LiquidSnute vs BBoongBBoong |
196 400 7 |[7, 2, 0]| | LiquidSnute vs BBoongBBoong |
197 450 7 |[7, 2, 0]| | LiquidSnute vs BBoongBBoong |
198 500 7 |[7, 2, 0]| | LiquidSnute vs BBoongBBoong |
199 500 7 |[7, 2, 0]| | LiquidSnute vs BBoongBBoong |
200 500 7 |[7, 2, 0]| | LiquidSnute vs BBoongBBoong |
201 500 7 |[7, 2, 0]| | LiquidSnute vs BBoongBBoong |
202 500 7 |[7, 2, 0]| | LiquidSnute vs BBoongBBoong |
203 500 7 |[7, 2, 0]| | LiquidSnute vs BBoongBBoong |
204 500 7 |[7, 2, 0]| | LiquidSnute vs BBoongBBoong |
205 500 7 |[7, 2, 0]| | LiquidSnute vs BBoongBBoong |
206 500 7 |[7, 2, 0]| | LiquidSnute vs BBoongBBoong |
207 500 7 |[7, 2, 0]| | LiquidSnute vs BBoongBBoong |
208 500 7 |[7, 2, 0]| | LiquidSnute vs BBoongBBoong |
209 500 7 |[7, 2, 0]| | LiquidSnute vs BBoongBBoong |
210 500 7 |[7, 2, 0]| | LiquidSnute vs BBoongBBoong |
211 500 7 |[7, 2, 0]| | LiquidSnute vs BBoongBBoong |
212 500 7 |[7, 2, 0]| | LiquidSnute vs BBoongBBoong |
213 500 7 |[7, 2, 0]| | LiquidSnute vs BBoongBBoong |
214 500 7 |[7, 2, 0]| | LiquidSnute vs BBoongBBoong |
215 500 7 |[7, 2, 0]| | LiquidSnute vs BBoongBBoong |
216 500 7 |[7, 2, 0]| | LiquidSnute vs BBoongBBoong |
217 500 7 |[7, 2, 0]| | LiquidSnute vs BBoongBBoong |
218 500 7 |[7, 2, 0]| | LiquidSnute vs BBoongBBoong |
219 500 7 |[7, 2, 0]| | LiquidSnute vs BBoongBBoong |
220 500 7 |[7, 2, 0]| | LiquidSnute vs BBoongBBoong |
221 500 7 |[7, 2, 0]| | LiquidSnute vs BBoongBBoong |
222 500 7 |[7, 2, 0]| | LiquidSnute vs BBoongBBoong |
223 500 7 |[7, 2, 0]| | LiquidSnute vs BBoongBBoong |
224 500 7 |[7, 2, 0]| | LiquidSnute vs BBoongBBoong |
225 500 7 |[7, 2, 0]| | LiquidSnute vs BBoongBBoong |
226 500 7 |[7, 2, 0]| | LiquidSnute vs BBoongBBoong |
227 500 7 |[7, 2, 0]| | LiquidSnute vs BBoongBBoong |
228 500 7 |[7, 2, 0]| | LiquidSnute vs BBoongBBoong |
229 500 7 |[7, 2, 0]| | LiquidSnute vs BBoongBBoong |
230 500 7 |[7, 2, 0]| | LiquidSnute vs BBoongBBoong |
231 500 7 |[7, 2, 0]| | LiquidSnute vs BBoongBBoong |
232 500 7 |[7, 2, 0]| | LiquidSnute vs BBoongBBoong |
233 500 7 |[7, 2, 0]| | LiquidSnute vs BBoongBBoong |
234 500 7 |[7, 2, 0]| | LiquidSnute vs BBoongBBoong |
235 550 7 |[7, 2, 0]| | LiquidSnute vs BBoongBBoong |
236 600 7 |[7, 2, 0]| | LiquidSnute vs BBoongBBoong |
237 650 7 |[7, 2, 0]| | LiquidSnute vs BBoongBBoong |
238 700 7 |[7, 2, 0]| | LiquidSnute vs BBoongBBoong |
239 750 7 |[7, 2, 0]| | LiquidSnute vs BBoongBBoong |
240 800 7 |[7, 2, 0]| | LiquidSnute vs BBoongBBoong |
241 850 7 |[7, 2, 0]| | LiquidSnute vs BBoongBBoong |
242 900 7 |[7, 2, 0]| | LiquidSnute vs BBoongBBoong |
243 950 7 |[7, 2, 0]| | LiquidSnute vs BBoongBBoong |
244 1000 7 |[7, 2, 0]| | LiquidSnute vs BBoongBBoong |
245 1000 7 |[7, 2, 0]| | LiquidSnute vs BBoongBBoong |
246 1000 7 |[7, 2, 0]| | LiquidSnute vs BBoongBBoong |
247 1000 7 |[7, 2, 0]| | LiquidSnute vs BBoongBBoong |
248 1000 7 |[7, 2, 0]| | LiquidSnute vs BBoongBBoong |
249 1000 7 |[7, 2, 0]| | LiquidSnute vs BBoongBBoong |
250 1000 7 |[7, 2, 0]| | LiquidSnute vs BBoongBBoong |
251 1050 7 |[7, 2, 0]| | LiquidSnute vs BBoongBBoong |
252 1100 7 |[7, 2, 0]| | LiquidSnute vs BBoongBBoong |
253 1150 7 |[7, 2, 0]| | LiquidSnute vs BBoongBBoong |
254 1200 7 |[7, 2, 0]| | LiquidSnute vs BBoongBBoong |
255 1200 7 |[7, 2, 0]| | LiquidSnute vs BBoongBBoong |
256 1200 7 |[7, 2, 0]| | LiquidSnute vs BBoongBBoong |
257 1200 7 |[7, 2, 0]| | LiquidSnute vs BBoongBBoong |
258 1200 7 |[7, 2, 0]| | LiquidSnute vs BBoongBBoong |
259 1200 7 |[7, 2, 0]| | LiquidSnute vs BBoongBBoong |
260 1200 7 |[7, 2, 0]| | LiquidSnute vs BBoongBBoong |
261 1200 7 |[7, 2, 0]| | LiquidSnute vs BBoongBBoong |
262 1200 7 |[7, 2, 0]| | LiquidSnute vs BBoongBBoong |
263 1200 7 |[7, 2, 0]| | LiquidSnute vs BBoongBBoong |
264 1200 7 |[7, 2, 0]| | LiquidSnute vs BBoongBBoong |
265 1200 7 |[7, 2, 0]| | LiquidSnute vs BBoongBBoong |
266 1200 8 |[8, 2, 0]| | LiquidSnute vs BBoongBBoong |
267 1200 8 |[8, 2, 0]| | LiquidSnute vs BBoongBBoong |
268 1200 8 |[8, 2, 0]| | LiquidSnute vs BBoongBBoong |
269 1200 8 |[8, 2, 0]| | LiquidSnute vs BBoongBBoong |
270 1200 8 |[8, 2, 0]| | LiquidSnute vs BBoongBBoong |
271 1200 8 |[8, 2, 0]| | LiquidSnute vs BBoongBBoong |
272 1200 8 |[8, 2, 0]| | LiquidSnute vs BBoongBBoong |
273 1200 8 |[8, 2, 0]| | LiquidSnute vs BBoongBBoong |
274 1200 8 |[8, 2, 0]| | LiquidSnute vs BBoongBBoong |
275 1200 8 |[8, 2, 0]| | LiquidSnute vs BBoongBBoong |
276 1200 8 |[8, 2, 0]| | LiquidSnute vs BBoongBBoong |
277 1200 8 |[8, 2, 0]| | LiquidSnute vs BBoongBBoong |
278 1200 8 |[8, 2, 0]| | LiquidSnute vs BBoongBBoong |
279 1200 8 |[8, 2, 0]| | LiquidSnute vs BBoongBBoong |
280 1200 8 |[8, 2, 0]| | LiquidSnute vs BBoongBBoong |
281 1200 8 |[8, 2, 0]| | LiquidSnute vs BBoongBBoong |
282 1200 8 |[8, 2, 0]| | LiquidSnute vs BBoongBBoong |
283 1200 8 |[8, 2, 0]| | LiquidSnute vs BBoongBBoong |
284 1200 8 |[8, 2, 0]| | LiquidSnute vs BBoongBBoong |
285 1200 8 |[8, 2, 0]| | LiquidSnute vs BBoongBBoong |
286 1200 8 |[8, 2, 0]| | LiquidSnute vs BBoongBBoong |
287 1200 8 |[8, 2, 0]| | LiquidSnute vs BBoongBBoong |
288 1200 8 |[8, 2, 0]| | LiquidSnute vs BBoongBBoong |
289 1200 8 |[8, 2, 0]| | LiquidSnute vs BBoongBBoong |
290 1200 8 |[8, 2, 0]| | LiquidSnute vs BBoongBBoong |
291 1200 8 |[8, 2, 0]| | LiquidSnute vs BBoongBBoong |
292 1200 8 |[8, 2, 0]| | LiquidSnute vs BBoongBBoong |
293 1200 8 |[8, 2, 0]| | LiquidSnute vs BBoongBBoong |
294 1200 8 |[8, 2, 0]| | LiquidSnute vs BBoongBBoong |
295 1200 8 |[8, 2, 0]| | LiquidSnute vs BBoongBBoong |
296 1200 8 |[8, 2, 0]| | LiquidSnute vs BBoongBBoong |
297 1200 8 |[8, 2, 0]| | LiquidSnute vs BBoongBBoong |
298 1200 8 |[8, 2, 0]| | LiquidSnute vs BBoongBBoong |
299 1200 9 |[9, 2, 0]| | LiquidSnute vs BBoongBBoong |
300 1200 9 |[9, 2, 0]| | LiquidSnute vs BBoongBBoong |
301 1200 9 |[9, 2, 0]| | LiquidSnute vs BBoongBBoong |
302 1200 9 |[9, 2, 0]| | LiquidSnute vs BBoongBBoong |
303 1200 9 |[9, 2, 0]| | LiquidSnute vs BBoongBBoong |
304 1200 9 |[9, 2, 0]| | LiquidSnute vs BBoongBBoong |
305 1200 9 |[9, 2, 0]| | LiquidSnute vs BBoongBBoong |
306 1200 9 |[9, 2, 0]| | LiquidSnute vs BBoongBBoong |
307 1200 10 |[10, 2, 0]| | LiquidSnute vs BBoongBBoong |
308 1200 11 |[11, 2, 0]| | LiquidSnute vs BBoongBBoong |
309 1200 12 |[12, 2, 0]| | LiquidSnute vs BBoongBBoong |
310 1200 12 |[12, 2, 0]| | LiquidSnute vs BBoongBBoong |
311 1200 12 |[12, 2, 0]| | LiquidSnute vs BBoongBBoong |
312 1200 12 |[12, 2, 0]| | LiquidSnute vs BBoongBBoong |
313 1200 12 |[12, 2, 0]| | LiquidSnute vs BBoongBBoong |
314 1200 12 |[12, 2, 0]| | LiquidSnute vs BBoongBBoong |
315 1200 12 |[12, 2, 0]| | LiquidSnute vs BBoongBBoong |
316 1200 12 |[12, 2, 0]| | LiquidSnute vs BBoongBBoong |
317 1200 12 |[12, 2, 0]| | LiquidSnute vs BBoongBBoong |
318 1200 12 |[12, 2, 0]| | LiquidSnute vs BBoongBBoong |
319 1200 12 |[12, 2, 0]| | LiquidSnute vs BBoongBBoong |
320 1200 12 |[12, 2, 0]| | LiquidSnute vs BBoongBBoong |
321 1200 12 |[12, 2, 0]| | LiquidSnute vs BBoongBBoong |
322 1200 12 |[12, 2, 0]| | LiquidSnute vs BBoongBBoong |
323 1200 13 |[13, 2, 0]| | LiquidSnute vs BBoongBBoong |
324 1200 13 |[13, 2, 0]| | LiquidSnute vs BBoongBBoong |
325 1200 13 |[13, 2, 0]| | LiquidSnute vs BBoongBBoong |
326 1200 13 |[13, 2, 0]| | LiquidSnute vs BBoongBBoong |
327 1200 13 |[13, 2, 0]| | LiquidSnute vs BBoongBBoong |
328 1200 13 |[13, 2, 0]| | LiquidSnute vs BBoongBBoong |
329 1200 13 |[13, 2, 0]| | LiquidSnute vs BBoongBBoong |
330 1200 13 |[13, 2, 0]| | LiquidSnute vs BBoongBBoong |
331 1200 13 |[13, 2, 0]| | LiquidSnute vs BBoongBBoong |
332 1200 13 |[13, 2, 0]| | LiquidSnute vs BBoongBBoong |
333 1200 13 |[13, 2, 0]| | LiquidSnute vs BBoongBBoong |
334 1250 13 |[13, 2, 0]| | LiquidSnute vs BBoongBBoong |
335 1300 13 |[13, 2, 0]| | LiquidSnute vs BBoongBBoong |
336 1350 13 |[13, 2, 0]| | LiquidSnute vs BBoongBBoong |
337 1400 13 |[13, 2, 0]| | LiquidSnute vs BBoongBBoong |
338 1450 13 |[13, 2, 0]| | LiquidSnute vs BBoongBBoong |
339 1500 13 |[13, 2, 0]| | LiquidSnute vs BBoongBBoong |
340 1550 13 |[13, 2, 0]| | LiquidSnute vs BBoongBBoong |
341 1600 13 |[13, 2, 0]| | LiquidSnute vs BBoongBBoong |
342 1600 13 |[13, 2, 0]| | LiquidSnute vs BBoongBBoong |
343 1600 13 |[13, 2, 0]| | LiquidSnute vs BBoongBBoong |
344 1600 13 |[13, 2, 0]| | LiquidSnute vs BBoongBBoong |
345 1600 13 |[13, 2, 0]| | LiquidSnute vs BBoongBBoong |
346 1600 13 |[13, 2, 0]| | LiquidSnute vs BBoongBBoong |
347 1600 13 |[13, 2, 0]| | LiquidSnute vs BBoongBBoong |
348 1600 13 |[13, 2, 0]| | LiquidSnute vs BBoongBBoong |
349 1600 13 |[13, 2, 0]| | LiquidSnute vs BBoongBBoong |
350 1600 14 |[14, 2, 0]| | LiquidSnute vs BBoongBBoong |
351 1600 14 |[14, 2, 0]| | LiquidSnute vs BBoongBBoong |
352 1600 14 |[14, 2, 0]| | LiquidSnute vs BBoongBBoong |
353 1600 14 |[14, 2, 0]| | LiquidSnute vs BBoongBBoong |
354 1600 14 |[14, 2, 0]| | LiquidSnute vs BBoongBBoong |
355 1600 14 |[14, 2, 0]| | LiquidSnute vs BBoongBBoong |
356 1600 14 |[14, 2, 0]| | LiquidSnute vs BBoongBBoong |
357 1600 14 |[14, 2, 0]| | LiquidSnute vs BBoongBBoong |
358 1600 14 |[14, 2, 0]| | LiquidSnute vs BBoongBBoong |
359 1600 14 |[14, 2, 0]| | LiquidSnute vs BBoongBBoong |
360 1600 14 |[14, 2, 0]| | LiquidSnute vs BBoongBBoong |
361 1600 14 |[14, 2, 0]| | LiquidSnute vs BBoongBBoong |
362 1600 14 |[14, 2, 0]| | LiquidSnute vs BBoongBBoong |
363 1600 14 |[14, 2, 0]| | LiquidSnute vs BBoongBBoong |
364 1600 14 |[14, 2, 0]| | LiquidSnute vs BBoongBBoong |
365 1600 14 |[14, 2, 0]| | LiquidSnute vs BBoongBBoong |
366 1600 14 |[14, 2, 0]| | LiquidSnute vs BBoongBBoong |
367 1600 14 |[14, 2, 0]| | LiquidSnute vs BBoongBBoong |
368 1600 14 |[14, 2, 0]| | LiquidSnute vs BBoongBBoong |
369 1600 14 |[14, 2, 0]| | LiquidSnute vs BBoongBBoong |
370 1600 14 |[14, 2, 0]| | LiquidSnute vs BBoongBBoong |
371 1600 14 |[14, 2, 0]| | LiquidSnute vs BBoongBBoong |
372 1600 14 |[14, 2, 0]| | LiquidSnute vs BBoongBBoong |
373 1600 15 |[15, 2, 0]| | LiquidSnute vs BBoongBBoong |
374 1600 15 |[15, 2, 0]| | LiquidSnute vs BBoongBBoong |
375 1600 15 |[15, 2, 0]| | LiquidSnute vs BBoongBBoong |
376 1600 15 |[15, 2, 0]| | LiquidSnute vs BBoongBBoong |
377 1600 15 |[15, 2, 0]| | LiquidSnute vs BBoongBBoong |
378 1600 16 |[16, 2, 0]| | LiquidSnute vs BBoongBBoong |
379 1600 16 |[16, 2, 0]| | LiquidSnute vs BBoongBBoong |
380 1600 16 |[16, 2, 0]| | LiquidSnute vs BBoongBBoong |
381 1600 16 |[16, 2, 0]| | LiquidSnute vs BBoongBBoong |
382 1650 16 |[16, 2, 0]| | LiquidSnute vs BBoongBBoong |
383 1700 16 |[16, 2, 0]| | LiquidSnute vs BBoongBBoong |
384 1700 16 |[16, 2, 0]| | LiquidSnute vs BBoongBBoong |
385 1700 16 |[16, 2, 0]| | LiquidSnute vs BBoongBBoong |
386 1700 16 |[16, 2, 0]| | LiquidSnute vs BBoongBBoong |
387 1700 16 |[16, 2, 0]| | LiquidSnute vs BBoongBBoong |
388 1700 16 |[16, 2, 0]| | LiquidSnute vs BBoongBBoong |
389 1700 16 |[16, 2, 0]| | LiquidSnute vs BBoongBBoong |
390 1700 16 |[16, 2, 0]| | LiquidSnute vs BBoongBBoong |
391 1700 16 |[16, 2, 0]| | LiquidSnute vs BBoongBBoong |
392 1700 16 |[16, 2, 0]| | LiquidSnute vs BBoongBBoong |
393 1700 17 |[17, 2, 0]| | LiquidSnute vs BBoongBBoong |
394 1700 17 |[17, 2, 0]| | LiquidSnute vs BBoongBBoong |
395 1700 17 |[17, 2, 0]| | LiquidSnute vs BBoongBBoong |
396 1700 17 |[17, 2, 0]| | LiquidSnute vs BBoongBBoong |
397 1700 17 |[17, 2, 0]| | LiquidSnute vs BBoongBBoong |
398 1700 17 |[17, 2, 0]| | LiquidSnute vs BBoongBBoong |
399 1700 17 |[17, 2, 0]| | LiquidSnute vs BBoongBBoong |
400 1700 17 |[17, 2, 0]| | LiquidSnute vs BBoongBBoong |
401 1700 17 |[17, 2, 0]| | LiquidSnute vs BBoongBBoong |
402 1700 17 |[17, 2, 0]| | LiquidSnute vs BBoongBBoong |
403 1700 17 |[17, 2, 0]| | LiquidSnute vs BBoongBBoong |
404 1700 17 |[17, 2, 0]| | LiquidSnute vs BBoongBBoong |
405 1700 17 |[17, 2, 0]| | LiquidSnute vs BBoongBBoong |
406 1700 17 |[17, 2, 0]| | LiquidSnute vs BBoongBBoong |
407 1700 17 |[17, 2, 0]| | LiquidSnute vs BBoongBBoong |
408 1700 17 |[17, 2, 0]| | LiquidSnute vs BBoongBBoong |
409 1700 17 |[17, 2, 0]| | LiquidSnute vs BBoongBBoong |
410 1700 17 |[17, 2, 0]| | LiquidSnute vs BBoongBBoong |
411 1700 17 |[17, 2, 0]| | LiquidSnute vs BBoongBBoong |
412 1700 17 |[17, 2, 0]| | LiquidSnute vs BBoongBBoong |
413 1700 17 |[17, 2, 0]| | LiquidSnute vs BBoongBBoong |
414 1700 17 |[17, 2, 0]| | LiquidSnute vs BBoongBBoong |
415 1700 17 |[17, 2, 0]| | LiquidSnute vs BBoongBBoong |
416 1700 17 |[17, 2, 0]| | LiquidSnute vs BBoongBBoong |
417 1700 17 |[17, 2, 0]| | LiquidSnute vs BBoongBBoong |
418 1700 17 |[17, 2, 0]| | LiquidSnute vs BBoongBBoong |
419 1700 17 |[17, 2, 0]| | LiquidSnute vs BBoongBBoong |
420 1700 17 |[17, 2, 0]| | LiquidSnute vs BBoongBBoong |
421 1700 17 |[17, 2, 0]| | LiquidSnute vs BBoongBBoong |
422 1700 17 |[17, 2, 0]| | LiquidSnute vs BBoongBBoong |
423 1700 17 |[17, 2, 1]| | LiquidSnute vs BBoongBBoong |
424 1700 17 |[17, 2, 1]| | LiquidSnute vs BBoongBBoong |
425 1700 17 |[17, 2, 1]| | LiquidSnute vs BBoongBBoong |
426 1700 17 |[17, 2, 1]| | LiquidSnute vs BBoongBBoong |
427 1700 17 |[17, 2, 1]| | LiquidSnute vs BBoongBBoong |
428 1700 17 |[17, 2, 1]| | LiquidSnute vs BBoongBBoong |
429 1700 17 |[17, 2, 1]| | LiquidSnute vs BBoongBBoong |
430 1700 17 |[17, 2, 1]| | LiquidSnute vs BBoongBBoong |
431 1700 18 |[18, 2, 1]| | LiquidSnute vs BBoongBBoong |
432 1750 18 |[18, 2, 1]| | LiquidSnute vs BBoongBBoong |
433 1800 18 |[18, 2, 1]| | LiquidSnute vs BBoongBBoong |
434 1800 18 |[18, 2, 1]| | LiquidSnute vs BBoongBBoong |
435 1800 18 |[18, 2, 1]| | LiquidSnute vs BBoongBBoong |
436 1800 18 |[18, 2, 1]| | LiquidSnute vs BBoongBBoong |
437 1800 18 |[18, 2, 1]| | LiquidSnute vs BBoongBBoong |
438 1800 18 |[18, 2, 1]| | LiquidSnute vs BBoongBBoong |
439 1800 18 |[18, 2, 1]| | LiquidSnute vs BBoongBBoong |
440 1800 18 |[18, 2, 1]| | LiquidSnute vs BBoongBBoong |
441 1800 18 |[18, 2, 1]| | LiquidSnute vs BBoongBBoong |
442 1800 18 |[18, 2, 1]| | LiquidSnute vs BBoongBBoong |
443 1800 18 |[18, 2, 1]| | LiquidSnute vs BBoongBBoong |
444 1850 18 |[18, 2, 1]| | LiquidSnute vs BBoongBBoong |
445 1900 18 |[18, 2, 1]| | LiquidSnute vs BBoongBBoong |
446 1950 18 |[18, 2, 1]| | LiquidSnute vs BBoongBBoong |
447 2000 18 |[18, 2, 1]| | LiquidSnute vs BBoongBBoong |
448 2050 18 |[18, 2, 1]| | LiquidSnute vs BBoongBBoong |
449 2100 18 |[18, 2, 1]| | LiquidSnute vs BBoongBBoong |
450 2100 18 |[18, 2, 1]| | LiquidSnute vs BBoongBBoong |
451 2150 18 |[18, 2, 1]| | LiquidSnute vs BBoongBBoong |
452 2200 18 |[18, 2, 1]| | LiquidSnute vs BBoongBBoong |
453 2200 18 |[18, 2, 1]| | LiquidSnute vs BBoongBBoong |
454 2200 18 |[18, 2, 1]| | LiquidSnute vs BBoongBBoong |
455 2200 18 |[18, 2, 1]| | LiquidSnute vs BBoongBBoong |
456 2200 18 |[18, 2, 1]| | LiquidSnute vs BBoongBBoong |
457 2200 18 |[18, 2, 1]| | LiquidSnute vs BBoongBBoong |
458 2200 18 |[18, 2, 1]| | LiquidSnute vs BBoongBBoong |
459 2200 18 |[18, 2, 1]| | LiquidSnute vs BBoongBBoong |
460 2200 18 |[18, 2, 1]| | LiquidSnute vs BBoongBBoong |
461 2200 18 |[18, 2, 1]| | LiquidSnute vs BBoongBBoong |
462 2200 18 |[18, 2, 1]| | LiquidSnute vs BBoongBBoong |
463 2200 18 |[18, 2, 1]| | LiquidSnute vs BBoongBBoong |
464 2200 18 |[18, 2, 1]| | LiquidSnute vs BBoongBBoong |
465 2200 18 |[18, 2, 1]| | LiquidSnute vs BBoongBBoong |
466 2200 18 |[18, 2, 1]| | LiquidSnute vs BBoongBBoong |
467 2200 18 |[18, 2, 1]| | LiquidSnute vs BBoongBBoong |
468 2200 18 |[18, 2, 1]| | LiquidSnute vs BBoongBBoong |
469 2200 18 |[18, 2, 1]| | LiquidSnute vs BBoongBBoong |
470 2200 18 |[18, 2, 1]| | LiquidSnute vs BBoongBBoong |
471 2200 18 |[18, 2, 1]| | LiquidSnute vs BBoongBBoong |
472 2200 18 |[18, 2, 1]| | LiquidSnute vs BBoongBBoong |
473 2200 18 |[18, 2, 1]| | LiquidSnute vs BBoongBBoong |
474 2200 18 |[18, 2, 1]| | LiquidSnute vs BBoongBBoong |
475 2200 18 |[18, 2, 1]| | LiquidSnute vs BBoongBBoong |
476 2200 18 |[18, 2, 1]| | LiquidSnute vs BBoongBBoong |
477 2200 18 |[18, 2, 1]| | LiquidSnute vs BBoongBBoong |
478 2200 18 |[18, 2, 1]| | LiquidSnute vs BBoongBBoong |
479 2200 18 |[18, 2, 1]| | LiquidSnute vs BBoongBBoong |
480 2200 18 |[18, 2, 1]| | LiquidSnute vs BBoongBBoong |
481 2200 18 |[18, 2, 1]| | LiquidSnute vs BBoongBBoong |
482 2200 18 |[18, 2, 1]| | LiquidSnute vs BBoongBBoong |
483 2200 18 |[18, 2, 1]| | LiquidSnute vs BBoongBBoong |
484 2200 18 |[18, 2, 1]| | LiquidSnute vs BBoongBBoong |
485 2200 18 |[18, 2, 1]| | LiquidSnute vs BBoongBBoong |
486 2200 18 |[18, 2, 1]| | LiquidSnute vs BBoongBBoong |
487 2200 18 |[18, 2, 1]| | LiquidSnute vs BBoongBBoong |
488 2200 18 |[18, 2, 1]| | LiquidSnute vs BBoongBBoong |
489 2200 18 |[18, 2, 1]| | LiquidSnute vs BBoongBBoong |
490 2200 18 |[18, 2, 1]| | LiquidSnute vs BBoongBBoong |
491 2200 18 |[18, 2, 1]| | LiquidSnute vs BBoongBBoong |
492 2200 18 |[18, 2, 1]| | LiquidSnute vs BBoongBBoong |
493 2200 18 |[18, 2, 1]| | LiquidSnute vs BBoongBBoong |
494 2200 18 |[18, 2, 1]| | LiquidSnute vs BBoongBBoong |
495 2200 18 |[18, 2, 1]| | LiquidSnute vs BBoongBBoong |
496 2200 18 |[18, 2, 1]| | LiquidSnute vs BBoongBBoong |
497 2200 18 |[18, 2, 1]| | LiquidSnute vs BBoongBBoong |
498 2200 18 |[18, 2, 1]| | LiquidSnute vs BBoongBBoong |
499 2200 18 |[18, 2, 1]| | LiquidSnute vs BBoongBBoong |
500 2200 18 |[18, 2, 1]| | LiquidSnute vs BBoongBBoong |
501 2250 18 |[18, 2, 1]| | LiquidSnute vs BBoongBBoong |
502 2300 18 |[18, 2, 1]| | LiquidSnute vs BBoongBBoong |
503 2300 19 |[19, 2, 1]| | LiquidSnute vs BBoongBBoong |
504 2300 19 |[19, 2, 1]| | LiquidSnute vs BBoongBBoong |
505 2300 19 |[19, 2, 1]| | LiquidSnute vs BBoongBBoong |
506 2300 19 |[19, 2, 1]| | LiquidSnute vs BBoongBBoong |
507 2300 19 |[19, 2, 1]| | LiquidSnute vs BBoongBBoong |
508 2300 19 |[19, 2, 1]| | LiquidSnute vs BBoongBBoong |
509 2300 19 |[19, 2, 1]| | LiquidSnute vs BBoongBBoong |
510 2300 19 |[19, 2, 1]| | LiquidSnute vs BBoongBBoong |
511 2300 19 |[19, 2, 1]| | LiquidSnute vs BBoongBBoong |
512 2300 19 |[19, 2, 1]| | LiquidSnute vs BBoongBBoong |
513 2300 19 |[19, 2, 1]| | LiquidSnute vs BBoongBBoong |
514 2350 19 |[19, 2, 1]| | LiquidSnute vs BBoongBBoong |
515 2400 19 |[19, 2, 1]| | LiquidSnute vs BBoongBBoong |
516 2450 19 |[19, 2, 1]| | LiquidSnute vs BBoongBBoong |
517 2500 19 |[19, 2, 1]| | LiquidSnute vs BBoongBBoong |
518 2550 19 |[19, 2, 1]| | LiquidSnute vs BBoongBBoong |
519 2600 19 |[19, 2, 1]| | LiquidSnute vs BBoongBBoong |
520 2650 19 |[19, 2, 1]| | LiquidSnute vs BBoongBBoong |
521 2700 19 |[19, 2, 1]| | LiquidSnute vs BBoongBBoong |
522 2750 19 |[19, 2, 1]| | LiquidSnute vs BBoongBBoong |
523 2800 19 |[19, 2, 1]| | LiquidSnute vs BBoongBBoong |
524 2850 19 |[19, 2, 1]| | LiquidSnute vs BBoongBBoong |
525 2900 19 |[19, 2, 1]| | LiquidSnute vs BBoongBBoong |
526 2950 19 |[19, 2, 1]| | LiquidSnute vs BBoongBBoong |
527 3000 19 |[19, 2, 1]| | LiquidSnute vs BBoongBBoong |
528 3050 19 |[19, 2, 1]| | LiquidSnute vs BBoongBBoong |
529 3100 19 |[19, 2, 1]| | LiquidSnute vs BBoongBBoong |
530 3150 19 |[19, 2, 1]| | LiquidSnute vs BBoongBBoong |
531 3200 19 |[19, 2, 1]| | LiquidSnute vs BBoongBBoong |
532 3200 19 |[19, 2, 1]| | LiquidSnute vs BBoongBBoong |
533 3200 19 |[19, 2, 1]| | LiquidSnute vs BBoongBBoong |
534 3200 19 |[19, 2, 1]| | LiquidSnute vs BBoongBBoong |
535 3200 19 |[19, 2, 1]| | LiquidSnute vs BBoongBBoong |
536 3200 19 |[19, 2, 1]| | LiquidSnute vs BBoongBBoong |
537 3200 19 |[19, 2, 1]| | LiquidSnute vs BBoongBBoong |
538 3200 19 |[19, 2, 1]| | LiquidSnute vs BBoongBBoong |
539 3200 19 |[19, 2, 1]| | LiquidSnute vs BBoongBBoong |
540 3200 19 |[19, 2, 1]| | LiquidSnute vs BBoongBBoong |
541 3200 19 |[19, 2, 1]| | LiquidSnute vs BBoongBBoong |
542 3250 19 |[19, 2, 1]| | LiquidSnute vs BBoongBBoong |
543 3300 19 |[19, 2, 1]| | LiquidSnute vs BBoongBBoong |
544 3300 20 |[20, 2, 1]| | LiquidSnute vs BBoongBBoong |
545 3300 20 |[20, 2, 1]| | LiquidSnute vs BBoongBBoong |
546 3300 20 |[20, 2, 1]| | LiquidSnute vs BBoongBBoong |
547 3300 20 |[20, 2, 1]| | LiquidSnute vs BBoongBBoong |
548 3300 20 |[20, 2, 1]| | LiquidSnute vs BBoongBBoong |
549 3300 20 |[20, 2, 1]| | LiquidSnute vs BBoongBBoong |
550 3300 20 |[20, 2, 1]| | LiquidSnute vs BBoongBBoong |
551 3300 20 |[20, 2, 1]| | LiquidSnute vs BBoongBBoong |
552 3300 20 |[20, 2, 1]| | LiquidSnute vs BBoongBBoong |
553 3300 20 |[20, 2, 1]| | LiquidSnute vs BBoongBBoong |
554 3300 21 |[21, 2, 1]| | LiquidSnute vs BBoongBBoong |
555 3300 21 |[21, 2, 1]| | LiquidSnute vs BBoongBBoong |
556 3300 21 |[21, 2, 1]| | LiquidSnute vs BBoongBBoong |
557 3300 21 |[21, 2, 1]| | LiquidSnute vs BBoongBBoong |
558 3300 21 |[21, 2, 1]| | LiquidSnute vs BBoongBBoong |
559 3300 21 |[21, 2, 1]| | LiquidSnute vs BBoongBBoong |
560 3300 21 |[21, 2, 1]| | LiquidSnute vs BBoongBBoong |
561 3300 22 |[22, 2, 1]| | LiquidSnute vs BBoongBBoong |
562 3300 23 |[23, 2, 1]| | LiquidSnute vs BBoongBBoong |
563 3300 24 |[24, 2, 1]| | LiquidSnute vs BBoongBBoong |
564 3300 25 |[25, 2, 1]| | LiquidSnute vs BBoongBBoong |
565 3300 26 |[26, 2, 1]| | LiquidSnute vs BBoongBBoong |
566 3300 26 |[26, 2, 1]| | LiquidSnute vs BBoongBBoong |
567 3300 26 |[26, 2, 1]| | LiquidSnute vs BBoongBBoong |
568 3300 26 |[26, 2, 1]| | LiquidSnute vs BBoongBBoong |
569 3300 26 |[26, 2, 1]| | LiquidSnute vs BBoongBBoong |
570 3300 26 |[26, 2, 1]| | LiquidSnute vs BBoongBBoong |
571 3300 27 |[27, 2, 1]| | LiquidSnute vs BBoongBBoong |
572 3300 27 |[27, 2, 1]| | LiquidSnute vs BBoongBBoong |
573 3300 27 |[27, 2, 1]| | LiquidSnute vs BBoongBBoong |
574 3300 27 |[27, 2, 1]| | LiquidSnute vs BBoongBBoong |
575 3300 27 |[27, 2, 1]| | LiquidSnute vs BBoongBBoong |
576 3300 27 |[27, 2, 1]| | LiquidSnute vs BBoongBBoong |
577 3300 27 |[27, 2, 1]| | LiquidSnute vs BBoongBBoong |
578 3300 27 |[27, 2, 1]| | LiquidSnute vs BBoongBBoong |
579 3300 27 |[27, 2, 1]| | LiquidSnute vs BBoongBBoong |
580 3300 27 |[27, 2, 1]| | LiquidSnute vs BBoongBBoong |
581 3300 27 |[27, 2, 1]| | LiquidSnute vs BBoongBBoong |
582 3300 27 |[27, 2, 1]| | LiquidSnute vs BBoongBBoong |
583 3300 27 |[27, 2, 1]| | LiquidSnute vs BBoongBBoong |
584 3300 27 |[27, 2, 1]| | LiquidSnute vs BBoongBBoong |
585 3300 27 |[27, 2, 1]| | LiquidSnute vs BBoongBBoong |
586 3300 27 |[27, 2, 1]| | LiquidSnute vs BBoongBBoong |
587 3300 27 |[27, 2, 1]| | LiquidSnute vs BBoongBBoong |
588 3300 27 |[27, 2, 1]| | LiquidSnute vs BBoongBBoong |
589 3300 27 |[27, 2, 1]| | LiquidSnute vs BBoongBBoong |
590 3300 27 |[27, 2, 1]| | LiquidSnute vs BBoongBBoong |
591 3300 27 |[27, 2, 1]| | LiquidSnute vs BBoongBBoong |
592 3300 27 |[27, 2, 1]| | LiquidSnute vs BBoongBBoong |
593 3300 27 |[27, 2, 1]| | LiquidSnute vs BBoongBBoong |
594 3300 27 |[27, 2, 1]| | LiquidSnute vs BBoongBBoong |
595 3300 27 |[27, 2, 1]| | LiquidSnute vs BBoongBBoong |
596 3300 27 |[27, 2, 1]| | LiquidSnute vs BBoongBBoong |
597 3300 27 |[27, 2, 1]| | LiquidSnute vs BBoongBBoong |
598 3300 27 |[27, 2, 1]| | LiquidSnute vs BBoongBBoong |
599 3300 27 |[27, 2, 1]| | LiquidSnute vs BBoongBBoong |
600 3300 27 |[27, 2, 1]| | LiquidSnute vs BBoongBBoong |
601 3300 27 |[27, 2, 1]| | LiquidSnute vs BBoongBBoong |
602 3300 27 |[27, 2, 1]| | LiquidSnute vs BBoongBBoong |
603 3300 27 |[27, 2, 1]| | LiquidSnute vs BBoongBBoong |
604 3300 27 |[27, 2, 1]| | LiquidSnute vs BBoongBBoong |
605 3300 27 |[27, 2, 1]| | LiquidSnute vs BBoongBBoong |
606 3300 27 |[27, 2, 1]| | LiquidSnute vs BBoongBBoong |
607 3300 27 |[27, 2, 1]| | LiquidSnute vs BBoongBBoong |
608 3300 27 |[27, 2, 1]| | LiquidSnute vs BBoongBBoong |
609 3300 27 |[27, 2, 1]| | LiquidSnute vs BBoongBBoong |
610 3300 27 |[27, 2, 1]| | LiquidSnute vs BBoongBBoong |
611 3300 27 |[27, 2, 1]| | LiquidSnute vs BBoongBBoong |
612 3300 27 |[27, 2, 1]| | LiquidSnute vs BBoongBBoong |
613 3300 28 |[28, 2, 1]| | LiquidSnute vs BBoongBBoong |
614 3300 29 |[29, 2, 1]| | LiquidSnute vs BBoongBBoong |
615 3300 30 |[30, 2, 1]| | LiquidSnute vs BBoongBBoong |
616 3300 31 |[31, 2, 1]| | LiquidSnute vs BBoongBBoong |
617 3300 32 |[32, 2, 1]| | LiquidSnute vs BBoongBBoong |
618 3300 33 |[33, 2, 1]| | LiquidSnute vs BBoongBBoong |
619 3300 34 |[34, 2, 1]| | LiquidSnute vs BBoongBBoong |
620 3300 35 |[35, 2, 1]| | LiquidSnute vs BBoongBBoong |
621 3300 35 |[35, 2, 1]| | LiquidSnute vs BBoongBBoong |
622 3300 36 |[36, 2, 1]| | LiquidSnute vs BBoongBBoong |
623 3300 36 |[36, 2, 1]| | LiquidSnute vs BBoongBBoong |
624 3300 36 |[36, 2, 1]| | LiquidSnute vs BBoongBBoong |
625 3300 36 |[36, 2, 1]| | LiquidSnute vs BBoongBBoong |
626 3300 36 |[36, 2, 1]| | LiquidSnute vs BBoongBBoong |
627 3300 36 |[36, 2, 1]| | LiquidSnute vs BBoongBBoong |
628 3300 36 |[36, 2, 1]| | LiquidSnute vs BBoongBBoong |
629 3300 36 |[36, 2, 1]| | LiquidSnute vs BBoongBBoong |
630 3300 36 |[36, 2, 1]| | LiquidSnute vs BBoongBBoong |
631 3300 36 |[36, 2, 1]| | LiquidSnute vs BBoongBBoong |
632 3300 36 |[36, 2, 1]| | LiquidSnute vs BBoongBBoong |
633 3300 36 |[36, 2, 1]| | LiquidSnute vs BBoongBBoong |
634 3300 36 |[36, 2, 1]| | LiquidSnute vs BBoongBBoong |
635 3300 36 |[36, 2, 1]| | LiquidSnute vs BBoongBBoong |
636 3300 36 |[36, 2, 1]| | LiquidSnute vs BBoongBBoong |
637 3300 36 |[36, 3, 1]| | LiquidSnute vs BBoongBBoong |
638 3300 36 |[36, 4, 1]| | LiquidSnute vs BBoongBBoong |
639 3300 36 |[36, 4, 1]| | LiquidSnute vs BBoongBBoong |
640 3300 36 |[36, 4, 1]| | LiquidSnute vs BBoongBBoong |
641 3300 36 |[36, 4, 1]| | LiquidSnute vs BBoongBBoong |
642 3300 36 |[36, 4, 1]| | LiquidSnute vs BBoongBBoong |
643 3300 36 |[36, 4, 1]| | LiquidSnute vs BBoongBBoong |
644 3300 36 |[36, 4, 1]| | LiquidSnute vs BBoongBBoong |
645 3300 36 |[36, 4, 1]| | LiquidSnute vs BBoongBBoong |
646 3300 36 |[36, 4, 1]| | LiquidSnute vs BBoongBBoong |
647 3300 36 |[36, 4, 1]| | LiquidSnute vs BBoongBBoong |
648 3300 36 |[36, 4, 1]| | LiquidSnute vs BBoongBBoong |
649 3300 36 |[36, 4, 1]| | LiquidSnute vs BBoongBBoong |
650 3300 36 |[36, 4, 1]| | LiquidSnute vs BBoongBBoong |
651 3300 36 |[36, 4, 1]| | LiquidSnute vs BBoongBBoong |
652 3300 36 |[36, 4, 1]| | LiquidSnute vs BBoongBBoong |
653 3300 36 |[36, 4, 1]| | LiquidSnute vs BBoongBBoong |
654 3300 36 |[36, 4, 1]| | LiquidSnute vs BBoongBBoong |
655 3300 36 |[36, 4, 1]| | LiquidSnute vs BBoongBBoong |
656 3300 37 |[37, 4, 1]| | LiquidSnute vs BBoongBBoong |
657 3300 38 |[38, 4, 1]| | LiquidSnute vs BBoongBBoong |
658 3300 39 |[39, 4, 1]| | LiquidSnute vs BBoongBBoong |
659 3300 40 |[40, 4, 1]| | LiquidSnute vs BBoongBBoong |
660 3300 41 |[41, 4, 1]| | LiquidSnute vs BBoongBBoong |
661 3300 41 |[41, 4, 1]| | LiquidSnute vs BBoongBBoong |
662 3300 41 |[41, 4, 1]| | LiquidSnute vs BBoongBBoong |
663 3300 42 |[42, 4, 1]| | LiquidSnute vs BBoongBBoong |
664 3300 43 |[43, 4, 1]| | LiquidSnute vs BBoongBBoong |
665 3300 44 |[44, 4, 1]| | LiquidSnute vs BBoongBBoong |
666 3300 45 |[45, 4, 1]| | LiquidSnute vs BBoongBBoong |
667 3300 45 |[45, 5, 1]| | LiquidSnute vs BBoongBBoong |
668 3300 46 |[46, 5, 1]| | LiquidSnute vs BBoongBBoong |
669 3300 46 |[46, 5, 1]| | LiquidSnute vs BBoongBBoong |
670 3300 46 |[46, 5, 1]| | LiquidSnute vs BBoongBBoong |
671 3300 46 |[46, 5, 1]| | LiquidSnute vs BBoongBBoong |
672 3300 46 |[46, 5, 1]| | LiquidSnute vs BBoongBBoong |
673 3300 46 |[46, 5, 1]| | LiquidSnute vs BBoongBBoong |
674 3300 47 |[47, 5, 1]| | LiquidSnute vs BBoongBBoong |
675 3300 48 |[48, 5, 1]| | LiquidSnute vs BBoongBBoong |
676 3300 49 |[49, 5, 1]| | LiquidSnute vs BBoongBBoong |
677 3300 50 |[50, 5, 1]| | LiquidSnute vs BBoongBBoong |
678 3300 50 |[50, 5, 1]| | LiquidSnute vs BBoongBBoong |
679 3300 50 |[50, 5, 1]| | LiquidSnute vs BBoongBBoong |
680 3300 50 |[50, 5, 1]| | LiquidSnute vs BBoongBBoong |
681 3300 50 |[50, 5, 1]| | LiquidSnute vs BBoongBBoong |
682 3300 50 |[50, 5, 1]| | LiquidSnute vs BBoongBBoong |
683 3300 50 |[50, 5, 1]| | LiquidSnute vs BBoongBBoong |
684 3300 50 |[50, 5, 1]| | LiquidSnute vs BBoongBBoong |
685 3300 50 |[50, 5, 1]| | LiquidSnute vs BBoongBBoong |
686 3300 50 |[50, 5, 1]| | LiquidSnute vs BBoongBBoong |
687 3300 50 |[50, 5, 1]| | LiquidSnute vs BBoongBBoong |
688 3300 50 |[50, 5, 1]| | LiquidSnute vs BBoongBBoong |
689 3300 50 |[50, 5, 1]| | LiquidSnute vs BBoongBBoong |
690 3300 50 |[50, 5, 1]| | LiquidSnute vs BBoongBBoong |
691 3300 50 |[50, 5, 1]| | LiquidSnute vs BBoongBBoong |
692 3300 50 |[50, 5, 1]| | LiquidSnute vs BBoongBBoong |
693 3300 50 |[50, 5, 1]| | LiquidSnute vs BBoongBBoong |
694 3300 50 |[50, 5, 1]| | LiquidSnute vs BBoongBBoong |
695 3300 50 |[50, 5, 1]| | LiquidSnute vs BBoongBBoong |
696 3300 50 |[50, 5, 1]| | LiquidSnute vs BBoongBBoong |
697 3300 51 |[51, 5, 1]| | LiquidSnute vs BBoongBBoong |
698 3300 51 |[51, 5, 1]| | LiquidSnute vs BBoongBBoong |
699 3300 51 |[51, 5, 1]| | LiquidSnute vs BBoongBBoong |
700 3300 51 |[51, 5, 1]| | LiquidSnute vs BBoongBBoong |
701 3300 51 |[51, 5, 1]| | LiquidSnute vs BBoongBBoong |
702 3300 51 |[51, 5, 1]| | LiquidSnute vs BBoongBBoong |
703 3300 51 |[51, 5, 1]| | LiquidSnute vs BBoongBBoong |
704 3300 51 |[51, 5, 1]| | LiquidSnute vs BBoongBBoong |
705 3300 51 |[51, 5, 1]| | LiquidSnute vs BBoongBBoong |
706 3350 51 |[51, 5, 1]| | LiquidSnute vs BBoongBBoong |
707 3400 51 |[51, 5, 1]| | LiquidSnute vs BBoongBBoong |
708 3450 51 |[51, 5, 1]| | LiquidSnute vs BBoongBBoong |
709 3500 51 |[51, 5, 1]| | LiquidSnute vs BBoongBBoong |
710 3550 51 |[51, 5, 1]| | LiquidSnute vs BBoongBBoong |
711 3600 51 |[51, 5, 1]| | LiquidSnute vs BBoongBBoong |
712 3600 51 |[51, 5, 1]| | LiquidSnute vs BBoongBBoong |
713 3600 51 |[51, 5, 1]| | LiquidSnute vs BBoongBBoong |
714 3600 51 |[51, 5, 1]| | LiquidSnute vs BBoongBBoong |
715 3600 51 |[51, 5, 1]| | LiquidSnute vs BBoongBBoong |
716 3600 51 |[51, 5, 1]| | LiquidSnute vs BBoongBBoong |
717 3650 51 |[51, 5, 1]| | LiquidSnute vs BBoongBBoong |
718 3700 51 |[51, 5, 1]| | LiquidSnute vs BBoongBBoong |
719 3750 51 |[51, 5, 1]| | LiquidSnute vs BBoongBBoong |
720 3800 51 |[51, 5, 1]| | LiquidSnute vs BBoongBBoong |
721 3850 51 |[51, 5, 1]| | LiquidSnute vs BBoongBBoong |
722 3900 51 |[51, 5, 1]| | LiquidSnute vs BBoongBBoong |
723 3950 51 |[51, 5, 1]| | LiquidSnute vs BBoongBBoong |
724 4000 51 |[51, 5, 1]| | LiquidSnute vs BBoongBBoong |
725 4000 51 |[51, 5, 1]| | LiquidSnute vs BBoongBBoong |
726 4000 51 |[51, 5, 1]| | LiquidSnute vs BBoongBBoong |
727 4000 51 |[51, 5, 1]| | LiquidSnute vs BBoongBBoong |
728 4000 51 |[51, 5, 1]| | LiquidSnute vs BBoongBBoong |
729 4000 51 |[51, 5, 1]| | LiquidSnute vs BBoongBBoong |
730 4000 51 |[51, 5, 1]| | LiquidSnute vs BBoongBBoong |
731 4000 51 |[51, 5, 1]| | LiquidSnute vs BBoongBBoong |
732 4000 51 |[51, 5, 1]| | LiquidSnute vs BBoongBBoong |
733 4000 51 |[51, 5, 1]| | LiquidSnute vs BBoongBBoong |
734 4000 51 |[51, 5, 1]| | LiquidSnute vs BBoongBBoong |
735 4000 51 |[51, 5, 1]| | LiquidSnute vs BBoongBBoong |
736 4000 51 |[51, 5, 1]| | LiquidSnute vs BBoongBBoong |
737 4000 51 |[51, 5, 1]| | LiquidSnute vs BBoongBBoong |
738 4000 51 |[51, 5, 1]| | LiquidSnute vs BBoongBBoong |
739 4000 51 |[51, 5, 1]| | LiquidSnute vs BBoongBBoong |
740 4000 51 |[51, 5, 1]| | LiquidSnute vs BBoongBBoong |
741 4000 51 |[51, 5, 1]| | LiquidSnute vs BBoongBBoong |
742 4000 51 |[51, 5, 1]| | LiquidSnute vs BBoongBBoong |
743 4000 51 |[51, 5, 1]| | LiquidSnute vs BBoongBBoong |
744 4000 51 |[51, 5, 1]| | LiquidSnute vs BBoongBBoong |
745 4000 51 |[51, 5, 1]| | LiquidSnute vs BBoongBBoong |
746 4000 51 |[51, 5, 1]| | LiquidSnute vs BBoongBBoong |
747 4000 51 |[51, 5, 1]| | LiquidSnute vs BBoongBBoong |
748 4000 51 |[51, 5, 1]| | LiquidSnute vs BBoongBBoong |
749 4000 51 |[51, 5, 1]| | LiquidSnute vs BBoongBBoong |
750 4000 51 |[51, 5, 1]| | LiquidSnute vs BBoongBBoong |
751 4000 51 |[51, 5, 1]| | LiquidSnute vs BBoongBBoong |
752 4000 51 |[51, 5, 1]| | LiquidSnute vs BBoongBBoong |
753 4000 51 |[51, 5, 1]| | LiquidSnute vs BBoongBBoong |
754 4000 51 |[51, 5, 1]| | LiquidSnute vs BBoongBBoong |
755 4000 51 |[51, 5, 1]| | LiquidSnute vs BBoongBBoong |
756 4000 51 |[51, 5, 1]| | LiquidSnute vs BBoongBBoong |
757 4050 51 |[51, 5, 1]| | LiquidSnute vs BBoongBBoong |
758 4100 51 |[51, 5, 1]| | LiquidSnute vs BBoongBBoong |
759 4150 51 |[51, 5, 1]| | LiquidSnute vs BBoongBBoong |
760 4200 51 |[51, 5, 1]| | LiquidSnute vs BBoongBBoong |
761 4250 51 |[51, 5, 1]| | LiquidSnute vs BBoongBBoong |
762 4300 51 |[51, 5, 1]| | LiquidSnute vs BBoongBBoong |
763 4350 51 |[51, 5, 1]| | LiquidSnute vs BBoongBBoong |
764 4400 51 |[51, 5, 1]| | LiquidSnute vs BBoongBBoong |
765 4450 51 |[51, 5, 1]| | LiquidSnute vs BBoongBBoong |
766 4500 51 |[51, 5, 1]| | LiquidSnute vs BBoongBBoong |
767 4550 51 |[51, 5, 1]| | LiquidSnute vs BBoongBBoong |
768 4600 51 |[51, 5, 1]| | LiquidSnute vs BBoongBBoong |
769 4650 51 |[51, 5, 1]| | LiquidSnute vs BBoongBBoong |
770 4700 51 |[51, 5, 1]| | LiquidSnute vs BBoongBBoong |
771 4700 51 |[51, 5, 2]| | LiquidSnute vs BBoongBBoong |
772 4700 51 |[51, 5, 2]| | LiquidSnute vs BBoongBBoong |
773 4700 51 |[51, 5, 2]| | LiquidSnute vs BBoongBBoong |
774 4700 51 |[51, 5, 2]| | LiquidSnute vs BBoongBBoong |
775 4750 51 |[51, 5, 2]| | LiquidSnute vs BBoongBBoong |
776 4800 51 |[51, 5, 2]| | LiquidSnute vs BBoongBBoong |
777 4850 51 |[51, 5, 2]| | LiquidSnute vs BBoongBBoong |
778 4900 51 |[51, 5, 2]| | LiquidSnute vs BBoongBBoong |
779 4950 51 |[51, 5, 2]| | LiquidSnute vs BBoongBBoong |
780 5000 51 |[51, 5, 2]| | LiquidSnute vs BBoongBBoong |
781 5050 51 |[51, 5, 2]| | LiquidSnute vs BBoongBBoong |
782 5100 51 |[51, 5, 2]| | LiquidSnute vs BBoongBBoong |
783 5150 51 |[51, 5, 2]| | LiquidSnute vs BBoongBBoong |
784 5200 51 |[51, 5, 2]| | LiquidSnute vs BBoongBBoong |
785 5250 51 |[51, 5, 2]| | LiquidSnute vs BBoongBBoong |
786 5300 51 |[51, 5, 2]| | LiquidSnute vs BBoongBBoong |
787 5300 51 |[51, 5, 2]| | LiquidSnute vs BBoongBBoong |
788 5300 51 |[51, 5, 2]| | LiquidSnute vs BBoongBBoong |
789 5300 52 |[52, 5, 2]| | LiquidSnute vs BBoongBBoong |
790 5300 53 |[53, 5, 2]| | LiquidSnute vs BBoongBBoong |
791 5300 54 |[54, 5, 2]| | LiquidSnute vs BBoongBBoong |
792 5300 55 |[55, 5, 2]| | LiquidSnute vs BBoongBBoong |
793 5300 56 |[56, 5, 2]| | LiquidSnute vs BBoongBBoong |
794 5300 56 |[56, 5, 2]| | LiquidSnute vs BBoongBBoong |
795 5300 56 |[56, 5, 2]| | LiquidSnute vs BBoongBBoong |
796 5300 56 |[56, 5, 2]| | LiquidSnute vs BBoongBBoong |
797 5300 56 |[56, 5, 2]| | LiquidSnute vs BBoongBBoong |
798 5300 56 |[56, 5, 2]| | LiquidSnute vs BBoongBBoong |
799 5300 56 |[56, 5, 2]| | LiquidSnute vs BBoongBBoong |
800 5300 56 |[56, 5, 2]| | LiquidSnute vs BBoongBBoong |
801 5300 56 |[56, 5, 2]| | LiquidSnute vs BBoongBBoong |
802 5300 56 |[56, 5, 2]| | LiquidSnute vs BBoongBBoong |
803 5300 56 |[56, 5, 2]| | LiquidSnute vs BBoongBBoong |
804 5300 56 |[56, 5, 2]| | LiquidSnute vs BBoongBBoong |
805 5300 56 |[56, 5, 2]| | LiquidSnute vs BBoongBBoong |
806 5300 56 |[56, 5, 2]| | LiquidSnute vs BBoongBBoong |
807 5300 56 |[56, 5, 2]| | LiquidSnute vs BBoongBBoong |
808 5300 56 |[56, 5, 2]| | LiquidSnute vs BBoongBBoong |
809 5300 56 |[56, 5, 2]| | LiquidSnute vs BBoongBBoong |
810 5300 56 |[56, 5, 2]| | LiquidSnute vs BBoongBBoong |
811 5300 56 |[56, 5, 2]| | LiquidSnute vs BBoongBBoong |
812 5300 56 |[56, 5, 2]| | LiquidSnute vs BBoongBBoong |
813 5300 56 |[56, 5, 2]| | LiquidSnute vs BBoongBBoong |
814 5300 56 |[56, 5, 2]| | LiquidSnute vs BBoongBBoong |
815 5300 56 |[56, 5, 2]| | LiquidSnute vs BBoongBBoong |
816 5300 56 |[56, 5, 2]| | LiquidSnute vs BBoongBBoong |
817 5300 56 |[56, 5, 2]| | LiquidSnute vs BBoongBBoong |
818 5300 56 |[56, 5, 2]| | LiquidSnute vs BBoongBBoong |
819 5300 56 |[56, 5, 2]| | LiquidSnute vs BBoongBBoong |
820 5300 56 |[56, 5, 2]| | LiquidSnute vs BBoongBBoong |
821 5300 56 |[56, 5, 2]| | LiquidSnute vs BBoongBBoong |
822 5300 56 |[56, 5, 2]| | LiquidSnute vs BBoongBBoong |
823 5300 56 |[56, 5, 2]| | LiquidSnute vs BBoongBBoong |
824 5300 56 |[56, 5, 2]| | LiquidSnute vs BBoongBBoong |
825 5300 56 |[56, 5, 2]| | LiquidSnute vs BBoongBBoong |
826 5300 56 |[56, 5, 2]| | LiquidSnute vs BBoongBBoong |
827 5300 56 |[56, 5, 2]| | LiquidSnute vs BBoongBBoong |
828 5300 56 |[56, 5, 2]| | LiquidSnute vs BBoongBBoong |
829 5300 56 |[56, 5, 2]| | LiquidSnute vs BBoongBBoong |
830 5300 56 |[56, 5, 2]| | LiquidSnute vs BBoongBBoong |
831 5300 56 |[56, 5, 2]| | LiquidSnute vs BBoongBBoong |
832 5300 56 |[56, 5, 2]| | LiquidSnute vs BBoongBBoong |
833 5300 56 |[56, 5, 2]| | LiquidSnute vs BBoongBBoong |
834 5300 56 |[56, 5, 2]| | LiquidSnute vs BBoongBBoong |
835 5300 56 |[56, 5, 2]| | LiquidSnute vs BBoongBBoong |
836 5300 56 |[56, 5, 2]| | LiquidSnute vs BBoongBBoong |
837 5300 56 |[56, 5, 2]| | LiquidSnute vs BBoongBBoong |
838 5300 56 |[56, 5, 2]| | LiquidSnute vs BBoongBBoong |
839 5300 56 |[56, 5, 2]| | LiquidSnute vs BBoongBBoong |
840 5300 56 |[56, 5, 2]| | LiquidSnute vs BBoongBBoong |
841 5300 56 |[56, 5, 2]| | LiquidSnute vs BBoongBBoong |
842 5300 56 |[56, 5, 2]| | LiquidSnute vs BBoongBBoong |
843 5300 56 |[56, 5, 2]| | LiquidSnute vs BBoongBBoong |
844 5300 56 |[56, 5, 2]| | LiquidSnute vs BBoongBBoong |
845 5300 56 |[56, 5, 2]| | LiquidSnute vs BBoongBBoong |
846 5300 56 |[56, 5, 2]| | LiquidSnute vs BBoongBBoong |
847 5300 56 |[56, 5, 2]| | LiquidSnute vs BBoongBBoong |
848 5300 56 |[56, 5, 2]| | LiquidSnute vs BBoongBBoong |
849 5300 56 |[56, 5, 2]| | LiquidSnute vs BBoongBBoong |
850 5300 56 |[56, 5, 2]| | LiquidSnute vs BBoongBBoong |
851 5300 56 |[56, 5, 2]| | LiquidSnute vs BBoongBBoong |
852 5300 56 |[56, 5, 2]| | LiquidSnute vs BBoongBBoong |
853 5300 56 |[56, 5, 2]| | LiquidSnute vs BBoongBBoong |
854 5300 57 |[57, 5, 2]| | LiquidSnute vs BBoongBBoong |
855 5300 58 |[58, 5, 2]| | LiquidSnute vs BBoongBBoong |
856 5300 59 |[59, 5, 2]| | LiquidSnute vs BBoongBBoong |
857 5300 59 |[59, 5, 2]| | LiquidSnute vs BBoongBBoong |
858 5300 59 |[59, 5, 2]| | LiquidSnute vs BBoongBBoong |
859 5300 59 |[59, 5, 2]| | LiquidSnute vs BBoongBBoong |
860 5300 59 |[59, 5, 2]| | LiquidSnute vs BBoongBBoong |
861 5350 59 |[59, 5, 2]| | LiquidSnute vs BBoongBBoong |
862 5400 59 |[59, 5, 2]| | LiquidSnute vs BBoongBBoong |
863 5400 59 |[59, 5, 2]| | LiquidSnute vs BBoongBBoong |
864 5400 59 |[59, 5, 2]| | LiquidSnute vs BBoongBBoong |
865 5400 59 |[59, 5, 2]| | LiquidSnute vs BBoongBBoong |
866 5400 59 |[59, 5, 2]| | LiquidSnute vs BBoongBBoong |
867 5400 59 |[59, 5, 2]| | LiquidSnute vs BBoongBBoong |
868 5400 59 |[59, 5, 2]| | LiquidSnute vs BBoongBBoong |
869 5400 59 |[59, 5, 2]| | LiquidSnute vs BBoongBBoong |
870 5400 59 |[59, 5, 2]| | LiquidSnute vs BBoongBBoong |
871 5400 59 |[59, 5, 2]| | LiquidSnute vs BBoongBBoong |
872 5400 59 |[59, 5, 2]| | LiquidSnute vs BBoongBBoong |
873 5450 59 |[59, 5, 2]| | LiquidSnute vs BBoongBBoong |
874 5500 59 |[59, 5, 2]| | LiquidSnute vs BBoongBBoong |
875 5500 59 |[59, 5, 2]| | LiquidSnute vs BBoongBBoong |
876 5500 59 |[59, 5, 2]| | LiquidSnute vs BBoongBBoong |
877 5500 59 |[59, 5, 2]| | LiquidSnute vs BBoongBBoong |
878 5500 59 |[59, 5, 2]| | LiquidSnute vs BBoongBBoong |
879 5500 59 |[59, 5, 2]| | LiquidSnute vs BBoongBBoong |
880 5500 59 |[59, 5, 2]| | LiquidSnute vs BBoongBBoong |
881 5500 59 |[59, 5, 2]| | LiquidSnute vs BBoongBBoong |
882 5500 59 |[59, 5, 2]| | LiquidSnute vs BBoongBBoong |
883 5500 59 |[59, 5, 2]| | LiquidSnute vs BBoongBBoong |
884 5500 59 |[59, 5, 2]| | LiquidSnute vs BBoongBBoong |
885 5500 59 |[59, 5, 2]| | LiquidSnute vs BBoongBBoong |
886 5500 59 |[59, 5, 2]| | LiquidSnute vs BBoongBBoong |
887 5500 59 |[59, 5, 2]| | LiquidSnute vs BBoongBBoong |
888 5500 59 |[59, 5, 2]| | LiquidSnute vs BBoongBBoong |
889 5500 59 |[59, 5, 2]| | LiquidSnute vs BBoongBBoong |
890 5500 59 |[59, 5, 2]| | LiquidSnute vs BBoongBBoong |
891 5500 60 |[60, 5, 2]| | LiquidSnute vs BBoongBBoong |
892 5500 61 |[61, 5, 2]| | LiquidSnute vs BBoongBBoong |
893 5500 62 |[62, 5, 2]| | LiquidSnute vs BBoongBBoong |
894 5500 63 |[63, 5, 2]| | LiquidSnute vs BBoongBBoong |
895 5500 64 |[64, 5, 2]| | LiquidSnute vs BBoongBBoong |
896 5500 64 |[64, 5, 2]| | LiquidSnute vs BBoongBBoong |
897 5500 65 |[65, 5, 2]| | LiquidSnute vs BBoongBBoong |
898 5500 66 |[66, 5, 2]| | LiquidSnute vs BBoongBBoong |
899 5500 66 |[66, 5, 2]| | LiquidSnute vs BBoongBBoong |
900 5500 67 |[67, 5, 2]| | LiquidSnute vs BBoongBBoong |
901 5500 67 |[67, 5, 2]| | LiquidSnute vs BBoongBBoong |
902 5500 67 |[67, 5, 2]| | LiquidSnute vs BBoongBBoong |
903 5500 67 |[67, 5, 2]| | LiquidSnute vs BBoongBBoong |
904 5500 67 |[67, 5, 2]| | LiquidSnute vs BBoongBBoong |
905 5500 67 |[67, 5, 2]| | LiquidSnute vs BBoongBBoong |
906 5500 67 |[67, 5, 2]| | LiquidSnute vs BBoongBBoong |
907 5500 67 |[67, 5, 2]| | LiquidSnute vs BBoongBBoong |
908 5500 67 |[67, 5, 2]| | LiquidSnute vs BBoongBBoong |
909 5500 67 |[67, 5, 2]| | LiquidSnute vs BBoongBBoong |
910 5500 67 |[67, 5, 2]| | LiquidSnute vs BBoongBBoong |
911 5500 67 |[67, 5, 2]| | LiquidSnute vs BBoongBBoong |
912 5500 67 |[67, 5, 2]| | LiquidSnute vs BBoongBBoong |
913 5500 67 |[67, 5, 2]| | LiquidSnute vs BBoongBBoong |
914 5500 67 |[67, 5, 2]| | LiquidSnute vs BBoongBBoong |
915 5500 67 |[67, 5, 2]| | LiquidSnute vs BBoongBBoong |
916 5500 67 |[67, 5, 2]| | LiquidSnute vs BBoongBBoong |
917 5500 68 |[68, 5, 2]| | LiquidSnute vs BBoongBBoong |
918 5500 69 |[69, 5, 2]| | LiquidSnute vs BBoongBBoong |
919 5500 69 |[69, 5, 2]| | LiquidSnute vs BBoongBBoong |
920 5500 69 |[69, 5, 2]| | LiquidSnute vs BBoongBBoong |
921 5500 69 |[69, 5, 2]| | LiquidSnute vs BBoongBBoong |
922 5500 69 |[69, 5, 2]| | LiquidSnute vs BBoongBBoong |
923 5500 69 |[69, 5, 2]| | LiquidSnute vs BBoongBBoong |
924 5500 69 |[69, 5, 2]| | LiquidSnute vs BBoongBBoong |
925 5500 69 |[69, 5, 2]| | LiquidSnute vs BBoongBBoong |
926 5500 69 |[69, 5, 2]| | LiquidSnute vs BBoongBBoong |
927 5500 69 |[69, 5, 2]| | LiquidSnute vs BBoongBBoong |
928 5500 69 |[69, 5, 2]| | LiquidSnute vs BBoongBBoong |
929 5500 69 |[69, 5, 2]| | LiquidSnute vs BBoongBBoong |
930 5500 69 |[69, 5, 2]| | LiquidSnute vs BBoongBBoong |
931 5500 69 |[69, 5, 2]| | LiquidSnute vs BBoongBBoong |
932 5500 69 |[69, 5, 2]| | LiquidSnute vs BBoongBBoong |
933 5500 69 |[69, 5, 2]| | LiquidSnute vs BBoongBBoong |
934 5500 69 |[69, 5, 2]| | LiquidSnute vs BBoongBBoong |
935 5500 69 |[69, 5, 2]| | LiquidSnute vs BBoongBBoong |
936 5500 69 |[69, 5, 2]| | LiquidSnute vs BBoongBBoong |
937 5500 69 |[69, 5, 2]| | LiquidSnute vs BBoongBBoong |
938 5500 69 |[69, 5, 2]| | LiquidSnute vs BBoongBBoong |
939 5500 69 |[69, 5, 2]| | LiquidSnute vs BBoongBBoong |
940 5500 69 |[69, 5, 2]| | LiquidSnute vs BBoongBBoong |
941 5500 69 |[69, 5, 2]| | LiquidSnute vs BBoongBBoong |
942 5500 69 |[69, 5, 2]| | LiquidSnute vs BBoongBBoong |
943 5500 69 |[69, 5, 2]| | LiquidSnute vs BBoongBBoong |
944 5500 69 |[69, 5, 2]| | LiquidSnute vs BBoongBBoong |
945 5500 69 |[69, 5, 2]| | LiquidSnute vs BBoongBBoong |
946 5500 69 |[69, 5, 2]| | LiquidSnute vs BBoongBBoong |
947 5500 69 |[69, 5, 2]| | LiquidSnute vs BBoongBBoong |
948 5500 69 |[69, 5, 2]| | LiquidSnute vs BBoongBBoong |
949 5500 69 |[69, 5, 2]| | LiquidSnute vs BBoongBBoong |
950 5500 69 |[69, 5, 2]| | LiquidSnute vs BBoongBBoong |
951 5500 69 |[69, 5, 2]| | LiquidSnute vs BBoongBBoong |
952 5500 69 |[69, 5, 2]| | LiquidSnute vs BBoongBBoong |
953 5500 69 |[69, 5, 2]| | LiquidSnute vs BBoongBBoong |
954 5500 69 |[69, 5, 2]| | LiquidSnute vs BBoongBBoong |
955 5500 69 |[69, 5, 2]| | LiquidSnute vs BBoongBBoong |
956 5500 69 |[69, 5, 2]| | LiquidSnute vs BBoongBBoong |
957 5500 69 |[69, 5, 2]| | LiquidSnute vs BBoongBBoong |
958 5500 69 |[69, 5, 2]| | LiquidSnute vs BBoongBBoong |
959 5500 69 |[69, 5, 2]| | LiquidSnute vs BBoongBBoong |
960 5500 69 |[69, 5, 2]| | LiquidSnute vs BBoongBBoong |
961 5500 69 |[69, 5, 2]| | LiquidSnute vs BBoongBBoong |
962 5500 69 |[69, 5, 2]| | LiquidSnute vs BBoongBBoong |
963 5500 69 |[69, 5, 2]| | LiquidSnute vs BBoongBBoong |
964 5500 69 |[69, 5, 2]| | LiquidSnute vs BBoongBBoong |
965 5500 69 |[69, 5, 2]| | LiquidSnute vs BBoongBBoong |
966 5500 69 |[69, 5, 2]| | LiquidSnute vs BBoongBBoong |
967 5500 69 |[69, 5, 2]| | LiquidSnute vs BBoongBBoong |
968 5500 69 |[69, 5, 2]| | LiquidSnute vs BBoongBBoong |
969 5500 69 |[69, 5, 2]| | LiquidSnute vs BBoongBBoong |
970 5500 69 |[69, 5, 2]| | LiquidSnute vs BBoongBBoong |
971 5500 69 |[69, 5, 2]| | LiquidSnute vs BBoongBBoong |
972 5500 69 |[69, 5, 2]| | LiquidSnute vs BBoongBBoong |
973 5500 69 |[69, 5, 2]| | LiquidSnute vs BBoongBBoong |
974 5500 69 |[69, 5, 2]| | LiquidSnute vs BBoongBBoong |
975 5500 69 |[69, 5, 2]| | LiquidSnute vs BBoongBBoong |
976 5500 69 |[69, 5, 2]| | LiquidSnute vs BBoongBBoong |
977 5500 69 |[69, 5, 2]| | LiquidSnute vs BBoongBBoong |
978 5500 69 |[69, 5, 2]| | LiquidSnute vs BBoongBBoong |
979 5500 69 |[69, 5, 2]| | LiquidSnute vs BBoongBBoong |
980 5500 69 |[69, 5, 2]| | LiquidSnute vs BBoongBBoong |
981 5500 69 |[69, 5, 2]| | LiquidSnute vs BBoongBBoong |
982 5500 69 |[69, 5, 2]| | LiquidSnute vs BBoongBBoong |
983 5500 69 |[69, 5, 2]| | LiquidSnute vs BBoongBBoong |
984 5500 69 |[69, 5, 2]| | LiquidSnute vs BBoongBBoong |
985 5500 69 |[69, 5, 2]| | LiquidSnute vs BBoongBBoong |
986 5500 69 |[69, 5, 2]| | LiquidSnute vs BBoongBBoong |
987 5500 69 |[69, 5, 2]| | LiquidSnute vs BBoongBBoong |
988 5500 69 |[69, 5, 2]| | LiquidSnute vs BBoongBBoong |
989 5500 69 |[69, 5, 2]| | LiquidSnute vs BBoongBBoong |
990 5500 69 |[69, 5, 2]| | LiquidSnute vs BBoongBBoong |
991 5500 69 |[69, 5, 2]| | LiquidSnute vs BBoongBBoong |
992 5500 69 |[69, 5, 2]| | LiquidSnute vs BBoongBBoong |
993 5500 69 |[69, 5, 2]| | LiquidSnute vs BBoongBBoong |
994 5500 69 |[69, 5, 2]| | LiquidSnute vs BBoongBBoong |
995 5500 69 |[69, 5, 2]| | LiquidSnute vs BBoongBBoong |
996 5500 69 |[69, 5, 2]| | LiquidSnute vs BBoongBBoong |
997 5500 69 |[69, 5, 2]| | LiquidSnute vs BBoongBBoong |
998 5500 69 |[69, 5, 2]| | LiquidSnute vs BBoongBBoong |
999 5500 69 |[69, 5, 2]| | LiquidSnute vs BBoongBBoong |
1000 5500 69 |[69, 5, 2]| | LiquidSnute vs BBoongBBoong |
1001 5500 69 |[69, 5, 2]| | LiquidSnute vs BBoongBBoong |
1002 5500 69 |[69, 5, 2]| | LiquidSnute vs BBoongBBoong |
1003 5500 69 |[69, 5, 2]| | LiquidSnute vs BBoongBBoong |
1004 5500 69 |[69, 5, 2]| | LiquidSnute vs BBoongBBoong |
1005 5500 69 |[69, 5, 2]| | LiquidSnute vs BBoongBBoong |
1006 5500 69 |[69, 5, 2]| | LiquidSnute vs BBoongBBoong |
1007 5500 69 |[69, 5, 2]| | LiquidSnute vs BBoongBBoong |
1008 5500 69 |[69, 5, 2]| | LiquidSnute vs BBoongBBoong |
1009 5500 69 |[69, 5, 2]| | LiquidSnute vs BBoongBBoong |
1010 5500 69 |[69, 5, 2]| | LiquidSnute vs BBoongBBoong |
1011 5500 69 |[69, 5, 2]| | LiquidSnute vs BBoongBBoong |
1012 5500 69 |[69, 5, 2]| | LiquidSnute vs BBoongBBoong |
1013 5500 69 |[69, 5, 2]| | LiquidSnute vs BBoongBBoong |
1014 5500 69 |[69, 5, 2]| | LiquidSnute vs BBoongBBoong |
1015 5500 69 |[69, 5, 2]| | LiquidSnute vs BBoongBBoong |
1016 5500 69 |[69, 5, 2]| | LiquidSnute vs BBoongBBoong |
1017 5500 69 |[69, 5, 2]| | LiquidSnute vs BBoongBBoong |
1018 5500 69 |[69, 5, 2]| | LiquidSnute vs BBoongBBoong |
1019 5500 69 |[69, 5, 2]| | LiquidSnute vs BBoongBBoong |
1020 5500 69 |[69, 5, 2]| | LiquidSnute vs BBoongBBoong |
1021 5500 69 |[69, 5, 2]| | LiquidSnute vs BBoongBBoong |
1022 5500 69 |[69, 5, 2]| | LiquidSnute vs BBoongBBoong |
1023 5500 69 |[69, 5, 2]| | LiquidSnute vs BBoongBBoong |
1024 5500 69 |[69, 5, 2]| | LiquidSnute vs BBoongBBoong |
1025 5500 69 |[69, 5, 2]| | LiquidSnute vs BBoongBBoong |
1026 5500 70 |[70, 5, 2]| | LiquidSnute vs BBoongBBoong |
1027 5500 71 |[71, 5, 2]| | LiquidSnute vs BBoongBBoong |
1028 5500 71 |[71, 5, 3]| | LiquidSnute vs BBoongBBoong |
1029 5500 72 |[72, 5, 3]| | LiquidSnute vs BBoongBBoong |
1030 5500 72 |[72, 5, 3]| | LiquidSnute vs BBoongBBoong |
1031 5500 72 |[72, 5, 3]| | LiquidSnute vs BBoongBBoong |
1032 5500 72 |[72, 5, 3]| | LiquidSnute vs BBoongBBoong |
1033 5500 72 |[72, 5, 3]| | LiquidSnute vs BBoongBBoong |
1034 5500 72 |[72, 5, 3]| | LiquidSnute vs BBoongBBoong |
1035 5500 72 |[72, 5, 3]| | LiquidSnute vs BBoongBBoong |
1036 5500 72 |[72, 5, 3]| | LiquidSnute vs BBoongBBoong |
1037 5500 72 |[72, 5, 3]| | LiquidSnute vs BBoongBBoong |
1038 5500 72 |[72, 5, 3]| | LiquidSnute vs BBoongBBoong |
1039 5500 72 |[72, 5, 3]| | LiquidSnute vs BBoongBBoong |
1040 5500 72 |[72, 5, 3]| | LiquidSnute vs BBoongBBoong |
1041 5500 72 |[72, 5, 3]| | LiquidSnute vs BBoongBBoong |
1042 5500 72 |[72, 5, 3]| | LiquidSnute vs BBoongBBoong |
1043 5500 72 |[72, 5, 3]| | LiquidSnute vs BBoongBBoong |
1044 5500 72 |[72, 5, 3]| | LiquidSnute vs BBoongBBoong |
1045 5500 72 |[72, 5, 3]| | LiquidSnute vs BBoongBBoong |
1046 5500 72 |[72, 5, 3]| | LiquidSnute vs BBoongBBoong |
1047 5500 72 |[72, 5, 3]| | LiquidSnute vs BBoongBBoong |
1048 5500 72 |[72, 5, 3]| | LiquidSnute vs BBoongBBoong |
1049 5500 72 |[72, 5, 3]| | LiquidSnute vs BBoongBBoong |
1050 5500 72 |[72, 5, 3]| | LiquidSnute vs BBoongBBoong |
1051 5500 72 |[72, 5, 3]| | LiquidSnute vs BBoongBBoong |
1052 5500 72 |[72, 5, 3]| | LiquidSnute vs BBoongBBoong |
1053 5500 72 |[72, 5, 3]| | LiquidSnute vs BBoongBBoong |
1054 5500 72 |[72, 5, 3]| | LiquidSnute vs BBoongBBoong |
1055 5500 72 |[72, 5, 3]| | LiquidSnute vs BBoongBBoong |
1056 5500 72 |[72, 5, 3]| | LiquidSnute vs BBoongBBoong |
1057 5500 72 |[72, 5, 3]| | LiquidSnute vs BBoongBBoong |
1058 5500 72 |[72, 5, 3]| | LiquidSnute vs BBoongBBoong |
1059 5500 72 |[72, 5, 3]| | LiquidSnute vs BBoongBBoong |
1060 5500 72 |[72, 5, 3]| | LiquidSnute vs BBoongBBoong |
1061 5500 72 |[72, 5, 3]| | LiquidSnute vs BBoongBBoong |
1062 5500 72 |[72, 5, 3]| | LiquidSnute vs BBoongBBoong |
1063 5500 72 |[72, 5, 3]| | LiquidSnute vs BBoongBBoong |
1064 5500 72 |[72, 5, 3]| | LiquidSnute vs BBoongBBoong |
1065 5500 72 |[72, 5, 3]| | LiquidSnute vs BBoongBBoong |
1066 5500 72 |[72, 5, 3]| | LiquidSnute vs BBoongBBoong |
1067 5500 72 |[72, 5, 3]| | LiquidSnute vs BBoongBBoong |
1068 5500 72 |[72, 5, 3]| | LiquidSnute vs BBoongBBoong |
1069 5500 72 |[72, 5, 3]| | LiquidSnute vs BBoongBBoong |
1070 5500 72 |[72, 5, 3]| | LiquidSnute vs BBoongBBoong |
1071 5500 72 |[72, 5, 3]| | LiquidSnute vs BBoongBBoong |
1072 5500 72 |[72, 5, 3]| | LiquidSnute vs BBoongBBoong |
1073 5500 72 |[72, 5, 3]| | LiquidSnute vs BBoongBBoong |
1074 5500 72 |[72, 5, 3]| | LiquidSnute vs BBoongBBoong |
1075 5500 72 |[72, 5, 3]| | LiquidSnute vs BBoongBBoong |
1076 5500 72 |[72, 5, 3]| | LiquidSnute vs BBoongBBoong |
1077 5500 72 |[72, 5, 3]| | LiquidSnute vs BBoongBBoong |
1078 5500 72 |[72, 5, 3]| | LiquidSnute vs BBoongBBoong |
1079 5500 72 |[72, 5, 3]| | LiquidSnute vs BBoongBBoong |
1080 5500 72 |[72, 5, 3]| | LiquidSnute vs BBoongBBoong |
1081 5500 72 |[72, 5, 3]| | LiquidSnute vs BBoongBBoong |
1082 5500 72 |[72, 5, 3]| | LiquidSnute vs BBoongBBoong |
1083 5500 72 |[72, 5, 3]| | LiquidSnute vs BBoongBBoong |
1084 5500 72 |[72, 5, 3]| | LiquidSnute vs BBoongBBoong |
1085 5500 72 |[72, 5, 3]| | LiquidSnute vs BBoongBBoong |
1086 5500 72 |[72, 5, 3]| | LiquidSnute vs BBoongBBoong |
1087 5500 72 |[72, 5, 3]| | LiquidSnute vs BBoongBBoong |
1088 5500 72 |[72, 5, 3]| | LiquidSnute vs BBoongBBoong |
1089 5500 72 |[72, 5, 3]| | LiquidSnute vs BBoongBBoong |
1090 5500 72 |[72, 5, 3]| | LiquidSnute vs BBoongBBoong |
1091 5500 72 |[72, 5, 3]| | LiquidSnute vs BBoongBBoong |
1092 5500 72 |[72, 5, 3]| | LiquidSnute vs BBoongBBoong |
1093 5500 72 |[72, 5, 3]| | LiquidSnute vs BBoongBBoong |
1094 5500 72 |[72, 5, 3]| | LiquidSnute vs BBoongBBoong |
1095 5500 72 |[72, 5, 3]| | LiquidSnute vs BBoongBBoong |
1096 5500 72 |[72, 5, 3]| | LiquidSnute vs BBoongBBoong |
1097 5500 72 |[72, 5, 3]| | LiquidSnute vs BBoongBBoong |
1098 5500 72 |[72, 5, 3]| | LiquidSnute vs BBoongBBoong |
1099 5500 72 |[72, 5, 3]| | LiquidSnute vs BBoongBBoong |
1100 5500 72 |[72, 5, 3]| | LiquidSnute vs BBoongBBoong |
1101 5500 72 |[72, 5, 3]| | LiquidSnute vs BBoongBBoong |
1102 5500 72 |[72, 5, 3]| | LiquidSnute vs BBoongBBoong |
1103 5500 72 |[72, 5, 3]| | LiquidSnute vs BBoongBBoong |
1104 5500 72 |[72, 5, 3]| | LiquidSnute vs BBoongBBoong |
1105 5500 72 |[72, 5, 3]| | LiquidSnute vs BBoongBBoong |
1106 5500 72 |[72, 5, 3]| | LiquidSnute vs BBoongBBoong |
1107 5500 72 |[72, 5, 3]| | LiquidSnute vs BBoongBBoong |
1108 5500 72 |[72, 5, 3]| | LiquidSnute vs BBoongBBoong |
1109 5500 72 |[72, 5, 3]| | LiquidSnute vs BBoongBBoong |
1110 5500 72 |[72, 5, 3]| | LiquidSnute vs BBoongBBoong |
1111 5500 72 |[72, 5, 3]| | LiquidSnute vs BBoongBBoong |
1112 5500 72 |[72, 5, 3]| | LiquidSnute vs BBoongBBoong |
1113 5500 72 |[72, 5, 3]| | LiquidSnute vs BBoongBBoong |
1114 5500 72 |[72, 5, 3]| | LiquidSnute vs BBoongBBoong |
1115 5500 72 |[72, 5, 3]| | LiquidSnute vs BBoongBBoong |
1116 5500 72 |[72, 5, 3]| | LiquidSnute vs BBoongBBoong |
1117 5500 72 |[72, 5, 3]| | LiquidSnute vs BBoongBBoong |
1118 5500 72 |[72, 5, 3]| | LiquidSnute vs BBoongBBoong |
1119 5500 72 |[72, 5, 3]| | LiquidSnute vs BBoongBBoong |
1120 5500 72 |[72, 5, 3]| | LiquidSnute vs BBoongBBoong |
1121 5500 72 |[72, 5, 3]| | LiquidSnute vs BBoongBBoong |
1122 5500 72 |[72, 5, 3]| | LiquidSnute vs BBoongBBoong |
1123 5500 72 |[72, 5, 3]| | LiquidSnute vs BBoongBBoong |
1124 5500 72 |[72, 5, 3]| | LiquidSnute vs BBoongBBoong |
1125 5500 72 |[72, 5, 3]| | LiquidSnute vs BBoongBBoong |
1126 5500 72 |[72, 5, 3]| | LiquidSnute vs BBoongBBoong |
1127 5500 72 |[72, 5, 3]| | LiquidSnute vs BBoongBBoong |
1128 5500 72 |[72, 5, 3]| | LiquidSnute vs BBoongBBoong |
1129 5500 72 |[72, 5, 3]| | LiquidSnute vs BBoongBBoong |
1130 5500 72 |[72, 5, 3]| | LiquidSnute vs BBoongBBoong |
1131 5500 72 |[72, 5, 3]| | LiquidSnute vs BBoongBBoong |
1132 5500 72 |[72, 5, 3]| | LiquidSnute vs BBoongBBoong |
1133 5500 72 |[72, 5, 3]| | LiquidSnute vs BBoongBBoong |
1134 5500 72 |[72, 5, 3]| | LiquidSnute vs BBoongBBoong |
1135 5500 72 |[72, 5, 3]| | LiquidSnute vs BBoongBBoong |
1136 5500 72 |[72, 5, 3]| | LiquidSnute vs BBoongBBoong |
1137 5500 72 |[72, 5, 3]| | LiquidSnute vs BBoongBBoong |
1138 5500 72 |[72, 5, 3]| | LiquidSnute vs BBoongBBoong |
1139 5500 72 |[72, 5, 3]| | LiquidSnute vs BBoongBBoong |
1140 5500 72 |[72, 5, 3]| | LiquidSnute vs BBoongBBoong |
1141 5500 72 |[72, 5, 3]| | LiquidSnute vs BBoongBBoong |
1142 5500 72 |[72, 5, 3]| | LiquidSnute vs BBoongBBoong |
1143 5500 72 |[72, 5, 3]| | LiquidSnute vs BBoongBBoong |
1144 5500 72 |[72, 5, 3]| | LiquidSnute vs BBoongBBoong |
1145 5500 72 |[72, 5, 3]| | LiquidSnute vs BBoongBBoong |
1146 5500 72 |[72, 5, 3]| | LiquidSnute vs BBoongBBoong |
1147 5500 72 |[72, 5, 3]| | LiquidSnute vs BBoongBBoong |
1148 5500 72 |[72, 5, 3]| | LiquidSnute vs BBoongBBoong |
1149 5500 72 |[72, 5, 3]| | LiquidSnute vs BBoongBBoong |
1150 5500 72 |[72, 5, 3]| | LiquidSnute vs BBoongBBoong |
1151 5500 72 |[72, 5, 3]| | LiquidSnute vs BBoongBBoong |
1152 5500 72 |[72, 5, 3]| | LiquidSnute vs BBoongBBoong |
1153 5500 72 |[72, 5, 3]| | LiquidSnute vs BBoongBBoong |
1154 5500 72 |[72, 5, 3]| | LiquidSnute vs BBoongBBoong |
1155 5500 72 |[72, 5, 3]| | LiquidSnute vs BBoongBBoong |
1156 5500 72 |[72, 5, 3]| | LiquidSnute vs BBoongBBoong |
1157 5500 72 |[72, 5, 3]| | LiquidSnute vs BBoongBBoong |
1158 5500 72 |[72, 5, 3]| | LiquidSnute vs BBoongBBoong |
1159 5500 72 |[72, 5, 3]| | LiquidSnute vs BBoongBBoong |
1160 5500 72 |[72, 5, 3]| | LiquidSnute vs BBoongBBoong |
1161 5500 72 |[72, 5, 3]| | LiquidSnute vs BBoongBBoong |
1162 5500 72 |[72, 5, 3]| | LiquidSnute vs BBoongBBoong |
1163 5500 72 |[72, 5, 3]| | LiquidSnute vs BBoongBBoong |
1164 5500 72 |[72, 5, 3]| | LiquidSnute vs BBoongBBoong |
1165 5500 72 |[72, 5, 3]| | LiquidSnute vs BBoongBBoong |
1166 5500 72 |[72, 5, 3]| | LiquidSnute vs BBoongBBoong |
1167 5500 72 |[72, 5, 3]| | LiquidSnute vs BBoongBBoong |
1168 5500 72 |[72, 5, 3]| | LiquidSnute vs BBoongBBoong |
1169 5500 72 |[72, 5, 3]| | LiquidSnute vs BBoongBBoong |
1170 5500 73 |[73, 5, 3]| | LiquidSnute vs BBoongBBoong |
1171 5500 74 |[74, 5, 3]| | LiquidSnute vs BBoongBBoong |
1172 5500 74 |[74, 5, 3]| | LiquidSnute vs BBoongBBoong |
1173 5500 74 |[74, 5, 3]| | LiquidSnute vs BBoongBBoong |
1174 5500 74 |[74, 5, 3]| | LiquidSnute vs BBoongBBoong |
1175 5500 74 |[74, 5, 3]| | LiquidSnute vs BBoongBBoong |
1176 5500 74 |[74, 5, 3]| | LiquidSnute vs BBoongBBoong |
1177 5500 74 |[74, 5, 3]| | LiquidSnute vs BBoongBBoong |
1178 5500 74 |[74, 5, 3]| | LiquidSnute vs BBoongBBoong |
1179 5500 74 |[74, 5, 3]| | LiquidSnute vs BBoongBBoong |
1180 5500 74 |[74, 5, 3]| | LiquidSnute vs BBoongBBoong |
1181 5500 74 |[74, 5, 3]| | LiquidSnute vs BBoongBBoong |
1182 5500 74 |[74, 5, 3]| | LiquidSnute vs BBoongBBoong |
1183 5500 74 |[74, 5, 3]| | LiquidSnute vs BBoongBBoong |
1184 5500 74 |[74, 5, 3]| | LiquidSnute vs BBoongBBoong |
1185 5500 74 |[74, 5, 3]| | LiquidSnute vs BBoongBBoong |
1186 5500 74 |[74, 5, 3]| | LiquidSnute vs BBoongBBoong |
1187 5500 74 |[74, 5, 3]| | LiquidSnute vs BBoongBBoong |
1188 5500 74 |[74, 5, 3]| | LiquidSnute vs BBoongBBoong |
1189 5500 74 |[74, 5, 3]| | LiquidSnute vs BBoongBBoong |
1190 5500 75 |[75, 5, 3]| | LiquidSnute vs BBoongBBoong |
1191 5500 76 |[76, 5, 3]| | LiquidSnute vs BBoongBBoong |
1192 5500 77 |[77, 5, 3]| | LiquidSnute vs BBoongBBoong |
1193 5500 78 |[78, 5, 3]| | LiquidSnute vs BBoongBBoong |
1194 5500 78 |[78, 5, 3]| | LiquidSnute vs BBoongBBoong |
1195 5500 78 |[78, 5, 3]| | LiquidSnute vs BBoongBBoong |
1196 5500 78 |[78, 5, 3]| | LiquidSnute vs BBoongBBoong |
1197 5500 78 |[78, 5, 3]| | LiquidSnute vs BBoongBBoong |
1198 5500 78 |[78, 5, 3]| | LiquidSnute vs BBoongBBoong |
1199 5500 78 |[78, 5, 3]| | LiquidSnute vs BBoongBBoong |
1200 5500 78 |[78, 5, 3]| | LiquidSnute vs BBoongBBoong |
1201 5500 78 |[78, 5, 3]| | LiquidSnute vs BBoongBBoong |
1202 5500 78 |[78, 5, 3]| | LiquidSnute vs BBoongBBoong |
1203 5500 78 |[78, 5, 3]| | LiquidSnute vs BBoongBBoong |
1204 5500 78 |[78, 5, 3]| | LiquidSnute vs BBoongBBoong |
1205 5500 78 |[78, 5, 3]| | LiquidSnute vs BBoongBBoong |
1206 5500 78 |[78, 5, 3]| | LiquidSnute vs BBoongBBoong |
1207 5500 78 |[78, 5, 3]| | LiquidSnute vs BBoongBBoong |
1208 5500 78 |[78, 5, 3]| | LiquidSnute vs BBoongBBoong |
1209 5500 78 |[78, 5, 3]| | LiquidSnute vs BBoongBBoong |
1210 5500 78 |[78, 5, 3]| | LiquidSnute vs BBoongBBoong |
1211 5500 78 |[78, 5, 3]| | LiquidSnute vs BBoongBBoong |
1212 5500 78 |[78, 5, 3]| | LiquidSnute vs BBoongBBoong |
1213 5500 78 |[78, 5, 3]| | LiquidSnute vs BBoongBBoong |
1214 5500 78 |[78, 5, 3]| | LiquidSnute vs BBoongBBoong |
1215 5500 78 |[78, 5, 3]| | LiquidSnute vs BBoongBBoong |
1216 5500 78 |[78, 5, 3]| | LiquidSnute vs BBoongBBoong |
1217 5500 78 |[78, 5, 3]| | LiquidSnute vs BBoongBBoong |
1218 5500 78 |[78, 5, 3]| | LiquidSnute vs BBoongBBoong |
1219 5500 78 |[78, 5, 3]| | LiquidSnute vs BBoongBBoong |
1220 5500 78 |[78, 5, 3]| | LiquidSnute vs BBoongBBoong |
1221 5500 78 |[78, 5, 3]| | LiquidSnute vs BBoongBBoong |
1222 5500 78 |[78, 5, 3]| | LiquidSnute vs BBoongBBoong |
1223 5500 78 |[78, 5, 3]| | LiquidSnute vs BBoongBBoong |
1224 5500 78 |[78, 5, 3]| | LiquidSnute vs BBoongBBoong |
1225 5500 78 |[78, 5, 3]| | LiquidSnute vs BBoongBBoong |
1226 5500 78 |[78, 5, 3]| | LiquidSnute vs BBoongBBoong |
1227 5500 78 |[78, 5, 3]| | LiquidSnute vs BBoongBBoong |
1228 5500 78 |[78, 5, 3]| | LiquidSnute vs BBoongBBoong |
1229 5500 78 |[78, 5, 4]| | LiquidSnute vs BBoongBBoong |
1230 5500 78 |[78, 5, 4]| | LiquidSnute vs BBoongBBoong |
1231 5500 78 |[78, 5, 4]| | LiquidSnute vs BBoongBBoong |
1232 5500 78 |[78, 5, 4]| | LiquidSnute vs BBoongBBoong |
1233 5500 78 |[78, 5, 4]| | LiquidSnute vs BBoongBBoong |
1234 5500 78 |[78, 5, 4]| | LiquidSnute vs BBoongBBoong |
1235 5500 78 |[78, 5, 4]| | LiquidSnute vs BBoongBBoong |
1236 5500 78 |[78, 5, 4]| | LiquidSnute vs BBoongBBoong |
1237 5500 78 |[78, 5, 4]| | LiquidSnute vs BBoongBBoong |
1238 5500 78 |[78, 5, 4]| | LiquidSnute vs BBoongBBoong |
1239 5500 78 |[78, 5, 4]| | LiquidSnute vs BBoongBBoong |
1240 5500 78 |[78, 5, 4]| | LiquidSnute vs BBoongBBoong |
1241 5500 78 |[78, 5, 4]| | LiquidSnute vs BBoongBBoong |
1242 5500 78 |[78, 5, 4]| | LiquidSnute vs BBoongBBoong |
1243 5500 78 |[78, 5, 4]| | LiquidSnute vs BBoongBBoong |
1244 5500 78 |[78, 5, 4]| | LiquidSnute vs BBoongBBoong |
1245 5500 78 |[78, 5, 4]| | LiquidSnute vs BBoongBBoong |
1246 5500 78 |[78, 5, 4]| | LiquidSnute vs BBoongBBoong |
1247 5500 78 |[78, 5, 4]| | LiquidSnute vs BBoongBBoong |
1248 5500 78 |[78, 5, 4]| | LiquidSnute vs BBoongBBoong |
1249 5500 78 |[78, 5, 4]| | LiquidSnute vs BBoongBBoong |
1250 5500 78 |[78, 5, 4]| | LiquidSnute vs BBoongBBoong |
1251 5500 78 |[78, 5, 4]| | LiquidSnute vs BBoongBBoong |
1252 5500 78 |[78, 5, 4]| | LiquidSnute vs BBoongBBoong |
1253 5500 78 |[78, 5, 4]| | LiquidSnute vs BBoongBBoong |
1254 5500 78 |[78, 5, 4]| | LiquidSnute vs BBoongBBoong |
1255 5500 78 |[78, 5, 4]| | LiquidSnute vs BBoongBBoong |
1256 5500 78 |[78, 5, 4]| | LiquidSnute vs BBoongBBoong |
1257 5500 78 |[78, 5, 4]| | LiquidSnute vs BBoongBBoong |
1258 5500 78 |[78, 5, 4]| | LiquidSnute vs BBoongBBoong |
1259 5500 78 |[78, 5, 4]| | LiquidSnute vs BBoongBBoong |
1260 5500 78 |[78, 5, 4]| | LiquidSnute vs BBoongBBoong |
1261 5500 78 |[78, 5, 4]| | LiquidSnute vs BBoongBBoong |
1262 5500 78 |[78, 5, 4]| | LiquidSnute vs BBoongBBoong |
1263 5500 78 |[78, 5, 4]| | LiquidSnute vs BBoongBBoong |
1264 5500 79 |[79, 5, 4]| | LiquidSnute vs BBoongBBoong |
1265 5500 79 |[79, 5, 4]| | LiquidSnute vs BBoongBBoong |
1266 5500 79 |[79, 5, 4]| | LiquidSnute vs BBoongBBoong |
1267 5500 79 |[79, 5, 4]| | LiquidSnute vs BBoongBBoong |
1268 5500 79 |[79, 5, 4]| | LiquidSnute vs BBoongBBoong |
1269 5500 79 |[79, 5, 4]| | LiquidSnute vs BBoongBBoong |
1270 5500 79 |[79, 5, 4]| | LiquidSnute vs BBoongBBoong |
1271 5500 80 |[80, 5, 4]| | LiquidSnute vs BBoongBBoong |
1272 5500 81 |[81, 5, 4]| | LiquidSnute vs BBoongBBoong |
1273 5500 82 |[82, 5, 4]| | LiquidSnute vs BBoongBBoong |
1274 5500 82 |[82, 5, 4]| | LiquidSnute vs BBoongBBoong |
1275 5500 82 |[82, 5, 4]| | LiquidSnute vs BBoongBBoong |
1276 5500 82 |[82, 5, 4]| | LiquidSnute vs BBoongBBoong |
1277 5500 82 |[82, 5, 4]| | LiquidSnute vs BBoongBBoong |
1278 5500 82 |[82, 5, 4]| | LiquidSnute vs BBoongBBoong |
1279 5500 82 |[82, 5, 4]| | LiquidSnute vs BBoongBBoong |
1280 5500 82 |[82, 5, 4]| | LiquidSnute vs BBoongBBoong |
1281 5500 82 |[82, 5, 4]| | LiquidSnute vs BBoongBBoong |
1282 5500 82 |[82, 5, 4]| | LiquidSnute vs BBoongBBoong |
1283 5500 82 |[82, 5, 4]| | LiquidSnute vs BBoongBBoong |
1284 5500 82 |[82, 5, 4]| | LiquidSnute vs BBoongBBoong |
1285 5500 82 |[82, 5, 4]| | LiquidSnute vs BBoongBBoong |
1286 5500 82 |[82, 5, 4]| | LiquidSnute vs BBoongBBoong |
1287 5500 82 |[82, 5, 4]| | LiquidSnute vs BBoongBBoong |
1288 5500 82 |[82, 5, 4]| | LiquidSnute vs BBoongBBoong |
1289 5500 82 |[82, 5, 4]| | LiquidSnute vs BBoongBBoong |
1290 5500 82 |[82, 5, 4]| | LiquidSnute vs BBoongBBoong |
1291 5500 82 |[82, 5, 4]| | LiquidSnute vs BBoongBBoong |
1292 5500 82 |[82, 5, 4]| | LiquidSnute vs BBoongBBoong |
1293 5500 82 |[82, 5, 4]| | LiquidSnute vs BBoongBBoong |
1294 5500 82 |[82, 5, 4]| | LiquidSnute vs BBoongBBoong |
1295 5500 82 |[82, 5, 4]| | LiquidSnute vs BBoongBBoong |
1296 5500 82 |[82, 5, 4]| | LiquidSnute vs BBoongBBoong |
1297 5500 82 |[82, 5, 4]| | LiquidSnute vs BBoongBBoong |
1298 5500 82 |[82, 5, 4]| | LiquidSnute vs BBoongBBoong |
1299 5500 82 |[82, 5, 4]| | LiquidSnute vs BBoongBBoong |
1300 5500 82 |[82, 5, 4]| | LiquidSnute vs BBoongBBoong |
1301 5500 82 |[82, 5, 4]| | LiquidSnute vs BBoongBBoong |
1302 5500 82 |[82, 5, 4]| | LiquidSnute vs BBoongBBoong |
1303 5500 82 |[82, 5, 4]| | LiquidSnute vs BBoongBBoong |
1304 5500 82 |[82, 5, 4]| | LiquidSnute vs BBoongBBoong |
1305 5500 82 |[82, 5, 4]| | LiquidSnute vs BBoongBBoong |
1306 5500 82 |[82, 5, 4]| | LiquidSnute vs BBoongBBoong |
1307 5500 82 |[82, 5, 4]| | LiquidSnute vs BBoongBBoong |
1308 5500 82 |[82, 5, 4]| | LiquidSnute vs BBoongBBoong |
1309 5500 82 |[82, 5, 4]| | LiquidSnute vs BBoongBBoong |
1310 5500 82 |[82, 5, 4]| | LiquidSnute vs BBoongBBoong |
1311 5500 82 |[82, 5, 4]| | LiquidSnute vs BBoongBBoong |
1312 5500 82 |[82, 5, 4]| | LiquidSnute vs BBoongBBoong |
1313 5500 82 |[82, 5, 4]| | LiquidSnute vs BBoongBBoong |
1314 5500 82 |[82, 5, 4]| | LiquidSnute vs BBoongBBoong |
1315 5500 82 |[82, 5, 4]| | LiquidSnute vs BBoongBBoong |
1316 5500 82 |[82, 5, 4]| | LiquidSnute vs BBoongBBoong |
1317 5500 82 |[82, 5, 4]| | LiquidSnute vs BBoongBBoong |
1318 5500 82 |[82, 5, 4]| | LiquidSnute vs BBoongBBoong |
1319 5500 82 |[82, 5, 4]| | LiquidSnute vs BBoongBBoong |
1320 5500 82 |[82, 5, 4]| | LiquidSnute vs BBoongBBoong |
1321 5500 83 |[83, 5, 4]| | LiquidSnute vs BBoongBBoong |
1322 5500 84 |[84, 5, 4]| | LiquidSnute vs BBoongBBoong |
1323 5500 85 |[85, 5, 4]| | LiquidSnute vs BBoongBBoong |
1324 5500 86 |[86, 5, 4]| | LiquidSnute vs BBoongBBoong |
1325 5500 86 |[86, 5, 4]| | LiquidSnute vs BBoongBBoong |
1326 5500 86 |[86, 5, 4]| | LiquidSnute vs BBoongBBoong |
1327 5500 86 |[86, 5, 4]| | LiquidSnute vs BBoongBBoong |
1328 5500 86 |[86, 5, 4]| | LiquidSnute vs BBoongBBoong |
1329 5500 86 |[86, 5, 4]| | LiquidSnute vs BBoongBBoong |
1330 5500 86 |[86, 5, 4]| | LiquidSnute vs BBoongBBoong |
1331 5500 86 |[86, 5, 4]| | LiquidSnute vs BBoongBBoong |
1332 5500 86 |[86, 5, 4]| | LiquidSnute vs BBoongBBoong |
1333 5500 86 |[86, 5, 4]| | LiquidSnute vs BBoongBBoong |
1334 5500 86 |[86, 5, 4]| | LiquidSnute vs BBoongBBoong |
1335 5500 86 |[86, 5, 4]| | LiquidSnute vs BBoongBBoong |
1336 5500 86 |[86, 5, 4]| | LiquidSnute vs BBoongBBoong |
1337 5500 86 |[86, 5, 4]| | LiquidSnute vs BBoongBBoong |
1338 5500 86 |[86, 5, 4]| | LiquidSnute vs BBoongBBoong |
1339 5500 86 |[86, 5, 4]| | LiquidSnute vs BBoongBBoong |
1340 5500 86 |[86, 5, 4]| | LiquidSnute vs BBoongBBoong |
1341 5500 86 |[86, 5, 4]| | LiquidSnute vs BBoongBBoong |
1342 5500 86 |[86, 5, 4]| | LiquidSnute vs BBoongBBoong |
1343 5500 86 |[86, 5, 4]| | LiquidSnute vs BBoongBBoong |
1344 5500 86 |[86, 5, 4]| | LiquidSnute vs BBoongBBoong |
1345 5500 86 |[86, 5, 4]| | LiquidSnute vs BBoongBBoong |
1346 5500 86 |[86, 5, 4]| | LiquidSnute vs BBoongBBoong |
1347 5500 86 |[86, 5, 4]| | LiquidSnute vs BBoongBBoong |
1348 5500 86 |[86, 5, 4]| | LiquidSnute vs BBoongBBoong |
1349 5500 86 |[86, 5, 4]| | LiquidSnute vs BBoongBBoong |
1350 5500 86 |[86, 5, 4]| | LiquidSnute vs BBoongBBoong |
1351 5500 86 |[86, 5, 4]| | LiquidSnute vs BBoongBBoong |
1352 5500 86 |[86, 5, 4]| | LiquidSnute vs BBoongBBoong |
1353 5500 86 |[86, 5, 4]| | LiquidSnute vs BBoongBBoong |
1354 5500 86 |[86, 5, 4]| | LiquidSnute vs BBoongBBoong |
1355 5500 86 |[86, 5, 4]| | LiquidSnute vs BBoongBBoong |
1356 5500 86 |[86, 5, 4]| | LiquidSnute vs BBoongBBoong |
1357 5500 86 |[86, 5, 4]| | LiquidSnute vs BBoongBBoong |
1358 5500 87 |[87, 5, 4]| | LiquidSnute vs BBoongBBoong |
1359 5500 88 |[88, 5, 4]| | LiquidSnute vs BBoongBBoong |
1360 5500 88 |[88, 5, 4]| | LiquidSnute vs BBoongBBoong |
1361 5500 88 |[88, 5, 4]| | LiquidSnute vs BBoongBBoong |
1362 5500 88 |[88, 5, 4]| | LiquidSnute vs BBoongBBoong |
1363 5500 88 |[88, 5, 4]| | LiquidSnute vs BBoongBBoong |
1364 5500 88 |[88, 5, 4]| | LiquidSnute vs BBoongBBoong |
1365 5500 88 |[88, 5, 4]| | LiquidSnute vs BBoongBBoong |
1366 5500 88 |[88, 5, 4]| | LiquidSnute vs BBoongBBoong |
1367 5500 88 |[88, 5, 4]| | LiquidSnute vs BBoongBBoong |
1368 5500 88 |[88, 5, 4]| | LiquidSnute vs BBoongBBoong |
1369 5500 88 |[88, 5, 4]| | LiquidSnute vs BBoongBBoong |
1370 5500 88 |[88, 5, 4]| | LiquidSnute vs BBoongBBoong |
1371 5500 88 |[88, 5, 4]| | LiquidSnute vs BBoongBBoong |
1372 5500 88 |[88, 5, 4]| | LiquidSnute vs BBoongBBoong |
1373 5500 88 |[88, 5, 4]| | LiquidSnute vs BBoongBBoong |
1374 5500 88 |[88, 5, 4]| | LiquidSnute vs BBoongBBoong |
1375 5500 88 |[88, 5, 4]| | LiquidSnute vs BBoongBBoong |
1376 5500 88 |[88, 5, 4]| | LiquidSnute vs BBoongBBoong |
1377 5500 88 |[88, 5, 4]| | LiquidSnute vs BBoongBBoong |
1378 5500 88 |[88, 5, 4]| | LiquidSnute vs BBoongBBoong |
1379 5500 88 |[88, 5, 4]| | LiquidSnute vs BBoongBBoong |
1380 5500 88 |[88, 5, 4]| | LiquidSnute vs BBoongBBoong |
1381 5500 88 |[88, 5, 4]| | LiquidSnute vs BBoongBBoong |
1382 5500 88 |[88, 5, 4]| | LiquidSnute vs BBoongBBoong |
1383 5500 88 |[88, 5, 4]| | LiquidSnute vs BBoongBBoong |
1384 5500 88 |[88, 5, 4]| | LiquidSnute vs BBoongBBoong |
1385 5500 88 |[88, 5, 4]| | LiquidSnute vs BBoongBBoong |
1386 5500 88 |[88, 5, 4]| | LiquidSnute vs BBoongBBoong |
1387 5500 88 |[88, 5, 4]| | LiquidSnute vs BBoongBBoong |
1388 5500 88 |[88, 5, 4]| | LiquidSnute vs BBoongBBoong |
1389 5500 88 |[88, 5, 4]| | LiquidSnute vs BBoongBBoong |
1390 5500 88 |[88, 5, 4]| | LiquidSnute vs BBoongBBoong |
1391 5500 88 |[88, 5, 4]| | LiquidSnute vs BBoongBBoong |
1392 5500 88 |[88, 5, 4]| | LiquidSnute vs BBoongBBoong |
1393 5500 88 |[88, 5, 4]| | LiquidSnute vs BBoongBBoong |
1394 5500 88 |[88, 5, 4]| | LiquidSnute vs BBoongBBoong |
1395 5500 88 |[88, 5, 4]| | LiquidSnute vs BBoongBBoong |
1396 5500 88 |[88, 5, 4]| | LiquidSnute vs BBoongBBoong |
1397 5500 88 |[88, 5, 4]| | LiquidSnute vs BBoongBBoong |
1398 5500 88 |[88, 5, 4]| | LiquidSnute vs BBoongBBoong |
1399 5500 88 |[88, 5, 4]| | LiquidSnute vs BBoongBBoong |
1400 5500 88 |[88, 5, 4]| | LiquidSnute vs BBoongBBoong |
1401 5500 88 |[88, 5, 4]| | LiquidSnute vs BBoongBBoong |
1402 5500 88 |[88, 5, 4]| | LiquidSnute vs BBoongBBoong |
1403 5500 88 |[88, 5, 4]| | LiquidSnute vs BBoongBBoong |
1404 5500 88 |[88, 5, 4]| | LiquidSnute vs BBoongBBoong |
1405 5500 88 |[88, 5, 4]| | LiquidSnute vs BBoongBBoong |
1406 5500 88 |[88, 5, 4]| | LiquidSnute vs BBoongBBoong |
1407 5500 88 |[88, 5, 4]| | LiquidSnute vs BBoongBBoong |
1408 5500 88 |[88, 5, 4]| | LiquidSnute vs BBoongBBoong |
1409 5500 88 |[88, 5, 4]| | LiquidSnute vs BBoongBBoong |
1410 5500 88 |[88, 5, 4]| | LiquidSnute vs BBoongBBoong |
1411 5500 88 |[88, 5, 4]| | LiquidSnute vs BBoongBBoong |
1412 5500 88 |[88, 5, 4]| | LiquidSnute vs BBoongBBoong |
1413 5500 88 |[88, 5, 4]| | LiquidSnute vs BBoongBBoong |
1414 5500 88 |[88, 5, 4]| | LiquidSnute vs BBoongBBoong |
1415 5500 88 |[88, 5, 4]| | LiquidSnute vs BBoongBBoong |
1416 5500 88 |[88, 5, 4]| | LiquidSnute vs BBoongBBoong |
1417 5500 88 |[88, 5, 4]| | LiquidSnute vs BBoongBBoong |
1418 5500 88 |[88, 5, 4]| | LiquidSnute vs BBoongBBoong |
1419 5500 88 |[88, 5, 4]| | LiquidSnute vs BBoongBBoong |
1420 5500 88 |[88, 5, 4]| | LiquidSnute vs BBoongBBoong |
1421 5500 88 |[88, 5, 4]| | LiquidSnute vs BBoongBBoong |
1422 5500 88 |[88, 5, 4]| | LiquidSnute vs BBoongBBoong |
1423 5500 88 |[88, 5, 4]| | LiquidSnute vs BBoongBBoong |
1424 5500 88 |[88, 5, 4]| | LiquidSnute vs BBoongBBoong |
1425 5500 88 |[88, 5, 4]| | LiquidSnute vs BBoongBBoong |
1426 5500 88 |[88, 5, 4]| | LiquidSnute vs BBoongBBoong |
1427 5500 88 |[88, 5, 4]| | LiquidSnute vs BBoongBBoong |
1428 5500 88 |[88, 5, 4]| | LiquidSnute vs BBoongBBoong |
1429 5500 88 |[88, 5, 4]| | LiquidSnute vs BBoongBBoong |
1430 5500 88 |[88, 5, 4]| | LiquidSnute vs BBoongBBoong |
1431 5500 88 |[88, 5, 4]| | LiquidSnute vs BBoongBBoong |
1432 5500 88 |[88, 5, 4]| | LiquidSnute vs BBoongBBoong |
1433 5500 88 |[88, 5, 4]| | LiquidSnute vs BBoongBBoong |
1434 5500 88 |[88, 5, 4]| | LiquidSnute vs BBoongBBoong |
1435 5500 88 |[88, 5, 4]| | LiquidSnute vs BBoongBBoong |
1436 5500 88 |[88, 5, 4]| | LiquidSnute vs BBoongBBoong |
1437 5500 88 |[88, 5, 4]| | LiquidSnute vs BBoongBBoong |
1438 5500 88 |[88, 5, 4]| | LiquidSnute vs BBoongBBoong |
1439 5500 88 |[88, 5, 4]| | LiquidSnute vs BBoongBBoong |
1440 5500 88 |[88, 5, 4]| | LiquidSnute vs BBoongBBoong |
1441 5500 88 |[88, 5, 4]| | LiquidSnute vs BBoongBBoong |
1442 5500 88 |[88, 5, 4]| | LiquidSnute vs BBoongBBoong |
1443 5500 88 |[88, 5, 4]| | LiquidSnute vs BBoongBBoong |
1444 5500 88 |[88, 5, 4]| | LiquidSnute vs BBoongBBoong |
1445 5500 88 |[88, 5, 4]| | LiquidSnute vs BBoongBBoong |
1446 5500 88 |[88, 5, 4]| | LiquidSnute vs BBoongBBoong |
1447 5500 88 |[88, 5, 4]| | LiquidSnute vs BBoongBBoong |
1448 5500 88 |[88, 5, 4]| | LiquidSnute vs BBoongBBoong |
1449 5500 88 |[88, 5, 4]| | LiquidSnute vs BBoongBBoong |
1450 5500 88 |[88, 5, 4]| | LiquidSnute vs BBoongBBoong |
1451 5500 88 |[88, 5, 4]| | LiquidSnute vs BBoongBBoong |
1452 5500 88 |[88, 5, 4]| | LiquidSnute vs BBoongBBoong |
1453 5500 88 |[88, 5, 4]| | LiquidSnute vs BBoongBBoong |
1454 5500 88 |[88, 5, 4]| | LiquidSnute vs BBoongBBoong |
1455 5500 88 |[88, 5, 4]| | LiquidSnute vs BBoongBBoong |
1456 5500 88 |[88, 5, 4]| | LiquidSnute vs BBoongBBoong |
1457 5500 88 |[88, 5, 4]| | LiquidSnute vs BBoongBBoong |
1458 5500 88 |[88, 5, 4]| | LiquidSnute vs BBoongBBoong |
1459 5500 88 |[88, 5, 4]| | LiquidSnute vs BBoongBBoong |
1460 5500 88 |[88, 5, 4]| | LiquidSnute vs BBoongBBoong |
1461 5500 88 |[88, 5, 4]| | LiquidSnute vs BBoongBBoong |
1462 5500 88 |[88, 5, 4]| | LiquidSnute vs BBoongBBoong |
1463 5500 88 |[88, 5, 4]| | LiquidSnute vs BBoongBBoong |
1464 5500 88 |[88, 5, 4]| | LiquidSnute vs BBoongBBoong |
1465 5500 88 |[88, 5, 4]| | LiquidSnute vs BBoongBBoong |
1466 5500 88 |[88, 5, 4]| | LiquidSnute vs BBoongBBoong |
1467 5500 88 |[88, 5, 4]| | LiquidSnute vs BBoongBBoong |
1468 5500 88 |[88, 5, 4]| | LiquidSnute vs BBoongBBoong |
1469 5500 88 |[88, 5, 4]| | LiquidSnute vs BBoongBBoong |
1470 5500 88 |[88, 5, 4]| | LiquidSnute vs BBoongBBoong |
1471 5500 88 |[88, 5, 4]| | LiquidSnute vs BBoongBBoong |
1472 5500 88 |[88, 5, 4]| | LiquidSnute vs BBoongBBoong |
1473 5500 88 |[88, 5, 4]| | LiquidSnute vs BBoongBBoong |
1474 5500 88 |[88, 5, 4]| | LiquidSnute vs BBoongBBoong |
1475 5500 88 |[88, 5, 4]| | LiquidSnute vs BBoongBBoong |
1476 5500 88 |[88, 5, 4]| | LiquidSnute vs BBoongBBoong |
1477 5500 88 |[88, 5, 4]| | LiquidSnute vs BBoongBBoong |
1478 5500 88 |[88, 5, 4]| | LiquidSnute vs BBoongBBoong |
1479 5500 88 |[88, 5, 4]| | LiquidSnute vs BBoongBBoong |
1480 5500 88 |[88, 5, 4]| | LiquidSnute vs BBoongBBoong |
1481 5500 88 |[88, 5, 4]| | LiquidSnute vs BBoongBBoong |
1482 5500 88 |[88, 5, 4]| | LiquidSnute vs BBoongBBoong |
1483 5500 88 |[88, 5, 4]| | LiquidSnute vs BBoongBBoong |
1484 5500 88 |[88, 5, 4]| | LiquidSnute vs BBoongBBoong |
1485 5500 88 |[88, 5, 4]| | LiquidSnute vs BBoongBBoong |
1486 5500 88 |[88, 5, 4]| | LiquidSnute vs BBoongBBoong |
1487 5500 88 |[88, 5, 4]| | LiquidSnute vs BBoongBBoong |
1488 5500 88 |[88, 5, 4]| | LiquidSnute vs BBoongBBoong |
1489 5500 88 |[88, 5, 4]| | LiquidSnute vs BBoongBBoong |
1490 5500 88 |[88, 5, 4]| | LiquidSnute vs BBoongBBoong |
1491 5500 88 |[88, 6, 4]| | LiquidSnute vs BBoongBBoong |
1492 5500 88 |[88, 7, 4]| | LiquidSnute vs BBoongBBoong |
1493 5500 88 |[88, 7, 4]| | LiquidSnute vs BBoongBBoong |
1494 5500 88 |[88, 7, 4]| | LiquidSnute vs BBoongBBoong |
1495 5500 88 |[88, 7, 4]| | LiquidSnute vs BBoongBBoong |
1496 5500 88 |[88, 7, 4]| | LiquidSnute vs BBoongBBoong |
1497 5500 88 |[88, 7, 4]| | LiquidSnute vs BBoongBBoong |
1498 5500 88 |[88, 7, 4]| | LiquidSnute vs BBoongBBoong |
1499 5500 88 |[88, 7, 4]| | LiquidSnute vs BBoongBBoong |
1500 5500 88 |[88, 7, 4]| | LiquidSnute vs BBoongBBoong |
1501 5500 88 |[88, 7, 4]| | LiquidSnute vs BBoongBBoong |
1502 5500 88 |[88, 7, 4]| | LiquidSnute vs BBoongBBoong |
1503 5500 88 |[88, 7, 4]| | LiquidSnute vs BBoongBBoong |
1504 5500 88 |[88, 7, 4]| | LiquidSnute vs BBoongBBoong |
1505 5500 88 |[88, 7, 4]| | LiquidSnute vs BBoongBBoong |
1506 5500 88 |[88, 7, 4]| | LiquidSnute vs BBoongBBoong |
1507 5500 88 |[88, 7, 4]| | LiquidSnute vs BBoongBBoong |
1508 5500 88 |[88, 7, 4]| | LiquidSnute vs BBoongBBoong |
1509 5500 88 |[88, 7, 4]| | LiquidSnute vs BBoongBBoong |
1510 5500 88 |[88, 7, 4]| | LiquidSnute vs BBoongBBoong |
1511 5500 88 |[88, 7, 4]| | LiquidSnute vs BBoongBBoong |
1512 5500 88 |[88, 7, 4]| | LiquidSnute vs BBoongBBoong |
1513 5500 88 |[88, 7, 4]| | LiquidSnute vs BBoongBBoong |
1514 5500 88 |[88, 7, 4]| | LiquidSnute vs BBoongBBoong |
1515 5500 88 |[88, 7, 4]| | LiquidSnute vs BBoongBBoong |
1516 5500 88 |[88, 7, 4]| | LiquidSnute vs BBoongBBoong |
1517 5500 88 |[88, 7, 4]| | LiquidSnute vs BBoongBBoong |
1518 5500 88 |[88, 7, 4]| | LiquidSnute vs BBoongBBoong |
1519 5500 88 |[88, 7, 4]| | LiquidSnute vs BBoongBBoong |
1520 5500 88 |[88, 7, 4]| | LiquidSnute vs BBoongBBoong |
1521 5500 88 |[88, 7, 4]| | LiquidSnute vs BBoongBBoong |
1522 5500 88 |[88, 7, 4]| | LiquidSnute vs BBoongBBoong |
1523 5500 88 |[88, 7, 4]| | LiquidSnute vs BBoongBBoong |
1524 5500 88 |[88, 7, 4]| | LiquidSnute vs BBoongBBoong |
1525 5500 88 |[88, 7, 4]| | LiquidSnute vs BBoongBBoong |
1526 5500 88 |[88, 7, 4]| | LiquidSnute vs BBoongBBoong |
1527 5500 88 |[88, 7, 4]| | LiquidSnute vs BBoongBBoong |
1528 5500 88 |[88, 7, 4]| | LiquidSnute vs BBoongBBoong |
1529 5500 88 |[88, 7, 4]| | LiquidSnute vs BBoongBBoong |
1530 5500 88 |[88, 7, 4]| | LiquidSnute vs BBoongBBoong |
1531 5500 88 |[88, 7, 4]| | LiquidSnute vs BBoongBBoong |
1532 5500 88 |[88, 7, 4]| | LiquidSnute vs BBoongBBoong |
1533 5500 88 |[88, 7, 4]| | LiquidSnute vs BBoongBBoong |
1534 5500 88 |[88, 7, 4]| | LiquidSnute vs BBoongBBoong |
1535 5500 88 |[88, 7, 4]| | LiquidSnute vs BBoongBBoong |
1536 5500 88 |[88, 7, 4]| | LiquidSnute vs BBoongBBoong |
1537 5500 88 |[88, 7, 4]| | LiquidSnute vs BBoongBBoong |
1538 5500 88 |[88, 7, 4]| | LiquidSnute vs BBoongBBoong |
1539 5500 88 |[88, 7, 4]| | LiquidSnute vs BBoongBBoong |
1540 5500 89 |[89, 7, 4]| | LiquidSnute vs BBoongBBoong |
1541 5500 90 |[90, 7, 4]| | LiquidSnute vs BBoongBBoong |
1542 5500 91 |[91, 7, 4]| | LiquidSnute vs BBoongBBoong |
1543 5500 91 |[91, 7, 4]| | LiquidSnute vs BBoongBBoong |
1544 5500 91 |[91, 7, 4]| | LiquidSnute vs BBoongBBoong |
1545 5500 91 |[91, 7, 4]| | LiquidSnute vs BBoongBBoong |
1546 5500 91 |[91, 7, 4]| | LiquidSnute vs BBoongBBoong |
1547 5500 91 |[91, 7, 4]| | LiquidSnute vs BBoongBBoong |
1548 5500 91 |[91, 7, 4]| | LiquidSnute vs BBoongBBoong |
1549 5500 91 |[91, 7, 4]| | LiquidSnute vs BBoongBBoong |
1550 5500 91 |[91, 7, 4]| | LiquidSnute vs BBoongBBoong |
1551 5500 91 |[91, 7, 4]| | LiquidSnute vs BBoongBBoong |
1552 5500 91 |[91, 7, 4]| | LiquidSnute vs BBoongBBoong |
1553 5500 91 |[91, 7, 4]| | LiquidSnute vs BBoongBBoong |
1554 5500 91 |[91, 7, 4]| | LiquidSnute vs BBoongBBoong |
1555 5500 91 |[91, 7, 4]| | LiquidSnute vs BBoongBBoong |
1556 5500 91 |[91, 7, 4]| | LiquidSnute vs BBoongBBoong |
1557 5500 91 |[91, 7, 4]| | LiquidSnute vs BBoongBBoong |
1558 5500 91 |[91, 7, 4]| | LiquidSnute vs BBoongBBoong |
1559 5500 91 |[91, 7, 4]| | LiquidSnute vs BBoongBBoong |
1560 5500 91 |[91, 7, 4]| | LiquidSnute vs BBoongBBoong |
1561 5500 91 |[91, 7, 4]| | LiquidSnute vs BBoongBBoong |
1562 5500 91 |[91, 7, 4]| | LiquidSnute vs BBoongBBoong |
1563 5500 91 |[91, 7, 4]| | LiquidSnute vs BBoongBBoong |
1564 5500 91 |[91, 7, 4]| | LiquidSnute vs BBoongBBoong |
1565 5500 91 |[91, 7, 4]| | LiquidSnute vs BBoongBBoong |
1566 5500 91 |[91, 7, 4]| | LiquidSnute vs BBoongBBoong |
1567 5500 91 |[91, 7, 4]| | LiquidSnute vs BBoongBBoong |
1568 5500 91 |[91, 7, 4]| | LiquidSnute vs BBoongBBoong |
1569 5500 91 |[91, 7, 4]| | LiquidSnute vs BBoongBBoong |
1570 5500 91 |[91, 7, 4]| | LiquidSnute vs BBoongBBoong |
1571 5500 91 |[91, 7, 4]| | LiquidSnute vs BBoongBBoong |
1572 5500 91 |[91, 7, 4]| | LiquidSnute vs BBoongBBoong |
1573 5500 91 |[91, 7, 4]| | LiquidSnute vs BBoongBBoong |
1574 5500 91 |[91, 7, 4]| | LiquidSnute vs BBoongBBoong |
1575 5500 91 |[91, 7, 4]| | LiquidSnute vs BBoongBBoong |
1576 5500 91 |[91, 7, 4]| | LiquidSnute vs BBoongBBoong |
1577 5500 91 |[91, 7, 4]| | LiquidSnute vs BBoongBBoong |
