0 0 1 |[1, 0, 0]| | Dash and Terminal LE.SC2Replay|
1 0 1 |[1, 0, 0]| | Dash and Terminal LE.SC2Replay|
2 0 1 |[1, 0, 0]| | Dash and Terminal LE.SC2Replay|
3 0 1 |[1, 0, 0]| | Dash and Terminal LE.SC2Replay|
4 0 1 |[1, 0, 0]| | Dash and Terminal LE.SC2Replay|
5 0 1 |[1, 0, 0]| | Dash and Terminal LE.SC2Replay|
6 0 1 |[1, 0, 0]| | Dash and Terminal LE.SC2Replay|
7 0 1 |[1, 0, 0]| | Dash and Terminal LE.SC2Replay|
8 0 1 |[1, 0, 0]| | Dash and Terminal LE.SC2Replay|
9 0 1 |[1, 0, 0]| | Dash and Terminal LE.SC2Replay|
10 0 1 |[1, 0, 0]| | Dash and Terminal LE.SC2Replay|
11 0 1 |[1, 0, 0]| | Dash and Terminal LE.SC2Replay|
12 0 1 |[1, 0, 0]| | Dash and Terminal LE.SC2Replay|
13 0 1 |[1, 0, 0]| | Dash and Terminal LE.SC2Replay|
14 0 1 |[1, 0, 0]| | Dash and Terminal LE.SC2Replay|
15 0 1 |[1, 0, 0]| | Dash and Terminal LE.SC2Replay|
16 0 2 |[2, 0, 0]| | Dash and Terminal LE.SC2Replay|
17 0 2 |[2, 0, 0]| | Dash and Terminal LE.SC2Replay|
18 0 2 |[2, 0, 0]| | Dash and Terminal LE.SC2Replay|
19 0 2 |[2, 0, 0]| | Dash and Terminal LE.SC2Replay|
20 0 2 |[2, 0, 0]| | Dash and Terminal LE.SC2Replay|
21 0 2 |[2, 0, 0]| | Dash and Terminal LE.SC2Replay|
22 0 2 |[2, 0, 0]| | Dash and Terminal LE.SC2Replay|
23 0 2 |[2, 0, 0]| | Dash and Terminal LE.SC2Replay|
24 0 2 |[2, 0, 0]| | Dash and Terminal LE.SC2Replay|
25 0 2 |[2, 0, 0]| | Dash and Terminal LE.SC2Replay|
26 0 2 |[2, 0, 0]| | Dash and Terminal LE.SC2Replay|
27 0 2 |[2, 0, 0]| | Dash and Terminal LE.SC2Replay|
28 0 2 |[2, 0, 0]| | Dash and Terminal LE.SC2Replay|
29 0 3 |[3, 0, 0]| | Dash and Terminal LE.SC2Replay|
30 0 3 |[3, 0, 0]| | Dash and Terminal LE.SC2Replay|
31 0 3 |[3, 0, 0]| | Dash and Terminal LE.SC2Replay|
32 0 3 |[3, 0, 0]| | Dash and Terminal LE.SC2Replay|
33 0 3 |[3, 0, 0]| | Dash and Terminal LE.SC2Replay|
34 0 3 |[3, 0, 0]| | Dash and Terminal LE.SC2Replay|
35 0 3 |[3, 0, 0]| | Dash and Terminal LE.SC2Replay|
36 0 3 |[3, 0, 0]| | Dash and Terminal LE.SC2Replay|
37 0 3 |[3, 0, 0]| | Dash and Terminal LE.SC2Replay|
38 0 3 |[3, 0, 0]| | Dash and Terminal LE.SC2Replay|
39 0 3 |[3, 0, 0]| | Dash and Terminal LE.SC2Replay|
40 0 4 |[4, 0, 0]| | Dash and Terminal LE.SC2Replay|
41 0 4 |[4, 0, 0]| | Dash and Terminal LE.SC2Replay|
42 0 4 |[4, 0, 0]| | Dash and Terminal LE.SC2Replay|
43 0 4 |[4, 0, 0]| | Dash and Terminal LE.SC2Replay|
44 0 4 |[4, 0, 0]| | Dash and Terminal LE.SC2Replay|
45 0 4 |[4, 0, 0]| | Dash and Terminal LE.SC2Replay|
46 0 4 |[4, 0, 0]| | Dash and Terminal LE.SC2Replay|
47 0 4 |[4, 0, 0]| | Dash and Terminal LE.SC2Replay|
48 0 4 |[4, 0, 0]| | Dash and Terminal LE.SC2Replay|
49 0 4 |[4, 0, 0]| | Dash and Terminal LE.SC2Replay|
50 0 4 |[4, 0, 0]| | Dash and Terminal LE.SC2Replay|
51 0 4 |[4, 0, 0]| | Dash and Terminal LE.SC2Replay|
52 0 4 |[4, 0, 0]| | Dash and Terminal LE.SC2Replay|
53 0 4 |[4, 0, 0]| | Dash and Terminal LE.SC2Replay|
54 0 4 |[4, 0, 0]| | Dash and Terminal LE.SC2Replay|
55 0 4 |[4, 0, 0]| | Dash and Terminal LE.SC2Replay|
56 0 4 |[4, 0, 0]| | Dash and Terminal LE.SC2Replay|
57 0 4 |[4, 0, 0]| | Dash and Terminal LE.SC2Replay|
58 0 4 |[4, 0, 0]| | Dash and Terminal LE.SC2Replay|
59 0 4 |[4, 0, 0]| | Dash and Terminal LE.SC2Replay|
60 0 4 |[4, 0, 0]| | Dash and Terminal LE.SC2Replay|
61 0 4 |[4, 0, 0]| | Dash and Terminal LE.SC2Replay|
62 0 4 |[4, 0, 0]| | Dash and Terminal LE.SC2Replay|
63 0 4 |[4, 0, 0]| | Dash and Terminal LE.SC2Replay|
64 0 4 |[4, 0, 0]| | Dash and Terminal LE.SC2Replay|
65 0 4 |[4, 0, 0]| | Dash and Terminal LE.SC2Replay|
66 0 4 |[4, 0, 0]| | Dash and Terminal LE.SC2Replay|
67 0 4 |[4, 0, 0]| | Dash and Terminal LE.SC2Replay|
68 0 4 |[4, 0, 0]| | Dash and Terminal LE.SC2Replay|
69 0 4 |[4, 0, 0]| | Dash and Terminal LE.SC2Replay|
70 0 4 |[4, 0, 0]| | Dash and Terminal LE.SC2Replay|
71 0 4 |[4, 0, 0]| | Dash and Terminal LE.SC2Replay|
72 0 4 |[4, 0, 0]| | Dash and Terminal LE.SC2Replay|
73 0 4 |[4, 0, 0]| | Dash and Terminal LE.SC2Replay|
74 0 4 |[4, 0, 0]| | Dash and Terminal LE.SC2Replay|
75 0 4 |[4, 0, 0]| | Dash and Terminal LE.SC2Replay|
76 0 4 |[4, 0, 0]| | Dash and Terminal LE.SC2Replay|
77 0 5 |[5, 0, 0]| | Dash and Terminal LE.SC2Replay|
78 0 5 |[5, 0, 0]| | Dash and Terminal LE.SC2Replay|
79 0 5 |[5, 0, 0]| | Dash and Terminal LE.SC2Replay|
80 0 5 |[5, 0, 0]| | Dash and Terminal LE.SC2Replay|
81 0 5 |[5, 0, 0]| | Dash and Terminal LE.SC2Replay|
82 0 5 |[5, 0, 0]| | Dash and Terminal LE.SC2Replay|
83 0 5 |[5, 0, 0]| | Dash and Terminal LE.SC2Replay|
84 0 5 |[5, 0, 0]| | Dash and Terminal LE.SC2Replay|
85 0 5 |[5, 0, 0]| | Dash and Terminal LE.SC2Replay|
86 0 5 |[5, 0, 0]| | Dash and Terminal LE.SC2Replay|
87 0 5 |[5, 0, 0]| | Dash and Terminal LE.SC2Replay|
88 0 5 |[5, 0, 0]| | Dash and Terminal LE.SC2Replay|
89 0 5 |[5, 1, 0]| | Dash and Terminal LE.SC2Replay|
90 0 6 |[6, 1, 0]| | Dash and Terminal LE.SC2Replay|
91 0 6 |[6, 1, 0]| | Dash and Terminal LE.SC2Replay|
92 0 6 |[6, 1, 0]| | Dash and Terminal LE.SC2Replay|
93 0 6 |[6, 1, 0]| | Dash and Terminal LE.SC2Replay|
94 0 6 |[6, 1, 0]| | Dash and Terminal LE.SC2Replay|
95 0 6 |[6, 1, 0]| | Dash and Terminal LE.SC2Replay|
96 0 6 |[6, 1, 0]| | Dash and Terminal LE.SC2Replay|
97 0 6 |[6, 1, 0]| | Dash and Terminal LE.SC2Replay|
98 0 6 |[6, 1, 0]| | Dash and Terminal LE.SC2Replay|
99 0 6 |[6, 1, 0]| | Dash and Terminal LE.SC2Replay|
100 0 6 |[6, 1, 0]| | Dash and Terminal LE.SC2Replay|
101 0 6 |[6, 1, 0]| | Dash and Terminal LE.SC2Replay|
102 0 6 |[6, 1, 0]| | Dash and Terminal LE.SC2Replay|
103 0 6 |[6, 1, 0]| | Dash and Terminal LE.SC2Replay|
104 0 6 |[6, 1, 0]| | Dash and Terminal LE.SC2Replay|
105 0 6 |[6, 1, 0]| | Dash and Terminal LE.SC2Replay|
106 0 6 |[6, 1, 0]| | Dash and Terminal LE.SC2Replay|
107 0 6 |[6, 1, 0]| | Dash and Terminal LE.SC2Replay|
108 0 6 |[6, 1, 0]| | Dash and Terminal LE.SC2Replay|
109 0 6 |[6, 1, 0]| | Dash and Terminal LE.SC2Replay|
110 0 6 |[6, 1, 0]| | Dash and Terminal LE.SC2Replay|
111 0 6 |[6, 1, 0]| | Dash and Terminal LE.SC2Replay|
112 0 6 |[6, 1, 0]| | Dash and Terminal LE.SC2Replay|
113 0 6 |[6, 1, 0]| | Dash and Terminal LE.SC2Replay|
114 0 6 |[6, 1, 0]| | Dash and Terminal LE.SC2Replay|
115 0 6 |[6, 1, 0]| | Dash and Terminal LE.SC2Replay|
116 0 6 |[6, 1, 0]| | Dash and Terminal LE.SC2Replay|
117 0 6 |[6, 1, 0]| | Dash and Terminal LE.SC2Replay|
118 0 6 |[6, 1, 0]| | Dash and Terminal LE.SC2Replay|
119 0 6 |[6, 1, 0]| | Dash and Terminal LE.SC2Replay|
120 0 6 |[6, 1, 0]| | Dash and Terminal LE.SC2Replay|
121 0 6 |[6, 1, 0]| | Dash and Terminal LE.SC2Replay|
122 0 6 |[6, 1, 0]| | Dash and Terminal LE.SC2Replay|
123 0 6 |[6, 1, 0]| | Dash and Terminal LE.SC2Replay|
124 0 6 |[6, 1, 0]| | Dash and Terminal LE.SC2Replay|
125 0 6 |[6, 1, 0]| | Dash and Terminal LE.SC2Replay|
126 0 6 |[6, 1, 0]| | Dash and Terminal LE.SC2Replay|
127 0 6 |[6, 1, 0]| | Dash and Terminal LE.SC2Replay|
128 0 6 |[6, 1, 0]| | Dash and Terminal LE.SC2Replay|
129 0 6 |[6, 1, 0]| | Dash and Terminal LE.SC2Replay|
130 0 6 |[6, 1, 0]| | Dash and Terminal LE.SC2Replay|
131 0 6 |[6, 1, 0]| | Dash and Terminal LE.SC2Replay|
132 0 6 |[6, 1, 0]| | Dash and Terminal LE.SC2Replay|
133 0 6 |[6, 1, 0]| | Dash and Terminal LE.SC2Replay|
134 0 6 |[6, 1, 0]| | Dash and Terminal LE.SC2Replay|
135 50 6 |[6, 1, 0]| | Dash and Terminal LE.SC2Replay|
136 100 6 |[6, 1, 0]| | Dash and Terminal LE.SC2Replay|
137 150 6 |[6, 1, 0]| | Dash and Terminal LE.SC2Replay|
138 200 6 |[6, 1, 0]| | Dash and Terminal LE.SC2Replay|
139 250 6 |[6, 1, 0]| | Dash and Terminal LE.SC2Replay|
140 300 6 |[6, 1, 0]| | Dash and Terminal LE.SC2Replay|
141 300 6 |[6, 1, 0]| | Dash and Terminal LE.SC2Replay|
142 300 6 |[6, 1, 0]| | Dash and Terminal LE.SC2Replay|
143 300 6 |[6, 1, 0]| | Dash and Terminal LE.SC2Replay|
144 300 6 |[6, 1, 0]| | Dash and Terminal LE.SC2Replay|
145 300 6 |[6, 1, 0]| | Dash and Terminal LE.SC2Replay|
146 300 6 |[6, 1, 0]| | Dash and Terminal LE.SC2Replay|
147 300 6 |[6, 1, 0]| | Dash and Terminal LE.SC2Replay|
148 300 6 |[6, 1, 0]| | Dash and Terminal LE.SC2Replay|
149 300 6 |[6, 1, 0]| | Dash and Terminal LE.SC2Replay|
150 300 6 |[6, 1, 0]| | Dash and Terminal LE.SC2Replay|
151 300 6 |[6, 1, 0]| | Dash and Terminal LE.SC2Replay|
152 300 6 |[6, 1, 0]| | Dash and Terminal LE.SC2Replay|
153 300 6 |[6, 1, 0]| | Dash and Terminal LE.SC2Replay|
154 300 6 |[6, 1, 0]| | Dash and Terminal LE.SC2Replay|
155 300 6 |[6, 1, 0]| | Dash and Terminal LE.SC2Replay|
156 300 6 |[6, 1, 0]| | Dash and Terminal LE.SC2Replay|
157 300 6 |[6, 1, 0]| | Dash and Terminal LE.SC2Replay|
158 350 6 |[6, 1, 0]| | Dash and Terminal LE.SC2Replay|
159 400 6 |[6, 1, 0]| | Dash and Terminal LE.SC2Replay|
160 400 6 |[6, 1, 0]| | Dash and Terminal LE.SC2Replay|
161 400 6 |[6, 1, 0]| | Dash and Terminal LE.SC2Replay|
162 400 6 |[6, 1, 0]| | Dash and Terminal LE.SC2Replay|
163 400 6 |[6, 1, 0]| | Dash and Terminal LE.SC2Replay|
164 400 6 |[6, 1, 0]| | Dash and Terminal LE.SC2Replay|
165 400 6 |[6, 1, 0]| | Dash and Terminal LE.SC2Replay|
166 400 6 |[6, 1, 0]| | Dash and Terminal LE.SC2Replay|
167 400 6 |[6, 1, 0]| | Dash and Terminal LE.SC2Replay|
168 400 6 |[6, 1, 0]| | Dash and Terminal LE.SC2Replay|
169 400 6 |[6, 1, 0]| | Dash and Terminal LE.SC2Replay|
170 400 6 |[6, 1, 0]| | Dash and Terminal LE.SC2Replay|
171 450 6 |[6, 1, 0]| | Dash and Terminal LE.SC2Replay|
172 500 6 |[6, 1, 0]| | Dash and Terminal LE.SC2Replay|
173 500 6 |[6, 1, 0]| | Dash and Terminal LE.SC2Replay|
174 500 6 |[6, 1, 0]| | Dash and Terminal LE.SC2Replay|
175 500 6 |[6, 1, 0]| | Dash and Terminal LE.SC2Replay|
176 500 6 |[6, 1, 0]| | Dash and Terminal LE.SC2Replay|
177 500 6 |[6, 1, 0]| | Dash and Terminal LE.SC2Replay|
178 500 6 |[6, 1, 0]| | Dash and Terminal LE.SC2Replay|
179 500 6 |[6, 1, 0]| | Dash and Terminal LE.SC2Replay|
180 500 6 |[6, 1, 0]| | Dash and Terminal LE.SC2Replay|
181 550 6 |[6, 1, 0]| | Dash and Terminal LE.SC2Replay|
182 600 6 |[6, 1, 0]| | Dash and Terminal LE.SC2Replay|
183 600 6 |[6, 1, 0]| | Dash and Terminal LE.SC2Replay|
184 600 6 |[6, 1, 0]| | Dash and Terminal LE.SC2Replay|
185 600 6 |[6, 1, 0]| | Dash and Terminal LE.SC2Replay|
186 600 6 |[6, 1, 0]| | Dash and Terminal LE.SC2Replay|
187 600 6 |[6, 1, 0]| | Dash and Terminal LE.SC2Replay|
188 600 6 |[6, 1, 0]| | Dash and Terminal LE.SC2Replay|
189 600 6 |[6, 1, 0]| | Dash and Terminal LE.SC2Replay|
190 600 6 |[6, 1, 0]| | Dash and Terminal LE.SC2Replay|
191 600 6 |[6, 1, 0]| | Dash and Terminal LE.SC2Replay|
192 600 6 |[6, 1, 0]| | Dash and Terminal LE.SC2Replay|
193 600 6 |[6, 1, 0]| | Dash and Terminal LE.SC2Replay|
194 600 6 |[6, 1, 0]| | Dash and Terminal LE.SC2Replay|
195 600 6 |[6, 1, 0]| | Dash and Terminal LE.SC2Replay|
196 600 6 |[6, 1, 0]| | Dash and Terminal LE.SC2Replay|
197 650 6 |[6, 1, 0]| | Dash and Terminal LE.SC2Replay|
198 700 6 |[6, 1, 0]| | Dash and Terminal LE.SC2Replay|
199 700 6 |[6, 1, 0]| | Dash and Terminal LE.SC2Replay|
200 700 6 |[6, 1, 0]| | Dash and Terminal LE.SC2Replay|
201 700 6 |[6, 1, 0]| | Dash and Terminal LE.SC2Replay|
202 700 6 |[6, 1, 0]| | Dash and Terminal LE.SC2Replay|
203 700 6 |[6, 1, 0]| | Dash and Terminal LE.SC2Replay|
204 700 6 |[6, 1, 0]| | Dash and Terminal LE.SC2Replay|
205 700 6 |[6, 1, 0]| | Dash and Terminal LE.SC2Replay|
206 700 6 |[6, 1, 0]| | Dash and Terminal LE.SC2Replay|
207 700 6 |[6, 1, 0]| | Dash and Terminal LE.SC2Replay|
208 700 6 |[6, 1, 0]| | Dash and Terminal LE.SC2Replay|
209 700 6 |[6, 1, 0]| | Dash and Terminal LE.SC2Replay|
210 700 6 |[6, 1, 0]| | Dash and Terminal LE.SC2Replay|
211 700 6 |[6, 1, 0]| | Dash and Terminal LE.SC2Replay|
212 750 6 |[6, 1, 0]| | Dash and Terminal LE.SC2Replay|
213 800 6 |[6, 1, 0]| | Dash and Terminal LE.SC2Replay|
214 800 6 |[6, 1, 0]| | Dash and Terminal LE.SC2Replay|
215 800 6 |[6, 1, 0]| | Dash and Terminal LE.SC2Replay|
216 800 6 |[6, 1, 0]| | Dash and Terminal LE.SC2Replay|
217 800 6 |[6, 1, 0]| | Dash and Terminal LE.SC2Replay|
218 800 6 |[6, 1, 0]| | Dash and Terminal LE.SC2Replay|
219 800 6 |[6, 1, 0]| | Dash and Terminal LE.SC2Replay|
220 800 6 |[6, 1, 0]| | Dash and Terminal LE.SC2Replay|
221 800 6 |[6, 1, 0]| | Dash and Terminal LE.SC2Replay|
222 800 6 |[6, 1, 0]| | Dash and Terminal LE.SC2Replay|
223 800 6 |[6, 1, 0]| | Dash and Terminal LE.SC2Replay|
224 800 6 |[6, 1, 0]| | Dash and Terminal LE.SC2Replay|
225 800 6 |[6, 1, 0]| | Dash and Terminal LE.SC2Replay|
226 800 6 |[6, 1, 0]| | Dash and Terminal LE.SC2Replay|
227 800 6 |[6, 1, 0]| | Dash and Terminal LE.SC2Replay|
228 800 6 |[6, 1, 0]| | Dash and Terminal LE.SC2Replay|
229 800 6 |[6, 1, 0]| | Dash and Terminal LE.SC2Replay|
230 800 6 |[6, 1, 0]| | Dash and Terminal LE.SC2Replay|
231 800 6 |[6, 1, 0]| | Dash and Terminal LE.SC2Replay|
232 800 6 |[6, 1, 0]| | Dash and Terminal LE.SC2Replay|
233 850 6 |[6, 1, 0]| | Dash and Terminal LE.SC2Replay|
234 900 6 |[6, 1, 0]| | Dash and Terminal LE.SC2Replay|
235 900 6 |[6, 1, 0]| | Dash and Terminal LE.SC2Replay|
236 900 6 |[6, 1, 0]| | Dash and Terminal LE.SC2Replay|
237 900 6 |[6, 1, 0]| | Dash and Terminal LE.SC2Replay|
238 900 6 |[6, 1, 0]| | Dash and Terminal LE.SC2Replay|
239 900 6 |[6, 1, 0]| | Dash and Terminal LE.SC2Replay|
240 900 6 |[6, 1, 0]| | Dash and Terminal LE.SC2Replay|
241 900 6 |[6, 1, 0]| | Dash and Terminal LE.SC2Replay|
242 900 6 |[6, 1, 0]| | Dash and Terminal LE.SC2Replay|
243 900 6 |[6, 1, 0]| | Dash and Terminal LE.SC2Replay|
244 900 6 |[6, 1, 0]| | Dash and Terminal LE.SC2Replay|
245 900 6 |[6, 1, 0]| | Dash and Terminal LE.SC2Replay|
246 900 6 |[6, 1, 0]| | Dash and Terminal LE.SC2Replay|
247 900 6 |[6, 1, 0]| | Dash and Terminal LE.SC2Replay|
248 900 6 |[6, 1, 0]| | Dash and Terminal LE.SC2Replay|
249 900 6 |[6, 1, 0]| | Dash and Terminal LE.SC2Replay|
250 900 6 |[6, 1, 0]| | Dash and Terminal LE.SC2Replay|
251 950 6 |[6, 1, 0]| | Dash and Terminal LE.SC2Replay|
252 1000 6 |[6, 1, 0]| | Dash and Terminal LE.SC2Replay|
253 1000 6 |[6, 1, 0]| | Dash and Terminal LE.SC2Replay|
254 1000 6 |[6, 1, 0]| | Dash and Terminal LE.SC2Replay|
255 1000 6 |[6, 1, 0]| | Dash and Terminal LE.SC2Replay|
256 1000 6 |[6, 1, 0]| | Dash and Terminal LE.SC2Replay|
257 1000 6 |[6, 1, 0]| | Dash and Terminal LE.SC2Replay|
258 1000 6 |[6, 1, 0]| | Dash and Terminal LE.SC2Replay|
259 1000 6 |[6, 1, 0]| | Dash and Terminal LE.SC2Replay|
260 1000 6 |[6, 1, 0]| | Dash and Terminal LE.SC2Replay|
261 1000 6 |[6, 1, 0]| | Dash and Terminal LE.SC2Replay|
262 1000 6 |[6, 1, 0]| | Dash and Terminal LE.SC2Replay|
263 1000 6 |[6, 1, 0]| | Dash and Terminal LE.SC2Replay|
264 1000 6 |[6, 1, 0]| | Dash and Terminal LE.SC2Replay|
265 1000 6 |[6, 1, 0]| | Dash and Terminal LE.SC2Replay|
266 1000 6 |[6, 1, 0]| | Dash and Terminal LE.SC2Replay|
267 1000 6 |[6, 1, 0]| | Dash and Terminal LE.SC2Replay|
268 1000 6 |[6, 1, 0]| | Dash and Terminal LE.SC2Replay|
269 1000 6 |[6, 1, 0]| | Dash and Terminal LE.SC2Replay|
270 1000 6 |[6, 1, 0]| | Dash and Terminal LE.SC2Replay|
271 1000 6 |[6, 1, 0]| | Dash and Terminal LE.SC2Replay|
272 1000 6 |[6, 1, 0]| | Dash and Terminal LE.SC2Replay|
273 1000 6 |[6, 1, 0]| | Dash and Terminal LE.SC2Replay|
274 1000 7 |[7, 1, 0]| | Dash and Terminal LE.SC2Replay|
275 1000 8 |[8, 1, 0]| | Dash and Terminal LE.SC2Replay|
276 1000 8 |[8, 1, 0]| | Dash and Terminal LE.SC2Replay|
277 1000 8 |[8, 1, 0]| | Dash and Terminal LE.SC2Replay|
278 1000 8 |[8, 1, 0]| | Dash and Terminal LE.SC2Replay|
279 1000 8 |[8, 1, 0]| | Dash and Terminal LE.SC2Replay|
280 1000 8 |[8, 1, 0]| | Dash and Terminal LE.SC2Replay|
281 1000 8 |[8, 1, 0]| | Dash and Terminal LE.SC2Replay|
282 1000 8 |[8, 1, 0]| | Dash and Terminal LE.SC2Replay|
283 1000 8 |[8, 1, 0]| | Dash and Terminal LE.SC2Replay|
284 1000 8 |[8, 1, 0]| | Dash and Terminal LE.SC2Replay|
285 1000 8 |[8, 1, 0]| | Dash and Terminal LE.SC2Replay|
286 1000 8 |[8, 1, 0]| | Dash and Terminal LE.SC2Replay|
287 1000 8 |[8, 1, 0]| | Dash and Terminal LE.SC2Replay|
288 1000 8 |[8, 1, 0]| | Dash and Terminal LE.SC2Replay|
289 1000 8 |[8, 1, 0]| | Dash and Terminal LE.SC2Replay|
290 1000 8 |[8, 1, 0]| | Dash and Terminal LE.SC2Replay|
291 1000 8 |[8, 1, 0]| | Dash and Terminal LE.SC2Replay|
292 1000 8 |[8, 1, 0]| | Dash and Terminal LE.SC2Replay|
293 1000 8 |[8, 1, 0]| | Dash and Terminal LE.SC2Replay|
294 1000 8 |[8, 1, 0]| | Dash and Terminal LE.SC2Replay|
295 1000 9 |[9, 1, 0]| | Dash and Terminal LE.SC2Replay|
296 1000 9 |[9, 1, 0]| | Dash and Terminal LE.SC2Replay|
297 1000 9 |[9, 1, 0]| | Dash and Terminal LE.SC2Replay|
298 1000 9 |[9, 1, 0]| | Dash and Terminal LE.SC2Replay|
299 1000 9 |[9, 1, 0]| | Dash and Terminal LE.SC2Replay|
300 1000 9 |[9, 1, 0]| | Dash and Terminal LE.SC2Replay|
301 1000 9 |[9, 1, 0]| | Dash and Terminal LE.SC2Replay|
302 1000 9 |[9, 1, 0]| | Dash and Terminal LE.SC2Replay|
303 1000 9 |[9, 1, 0]| | Dash and Terminal LE.SC2Replay|
304 1000 9 |[9, 1, 0]| | Dash and Terminal LE.SC2Replay|
305 1000 9 |[9, 1, 0]| | Dash and Terminal LE.SC2Replay|
306 1000 9 |[9, 1, 0]| | Dash and Terminal LE.SC2Replay|
307 1000 9 |[9, 1, 0]| | Dash and Terminal LE.SC2Replay|
308 1000 9 |[9, 1, 0]| | Dash and Terminal LE.SC2Replay|
309 1000 9 |[9, 1, 0]| | Dash and Terminal LE.SC2Replay|
310 1000 9 |[9, 1, 0]| | Dash and Terminal LE.SC2Replay|
311 1000 9 |[9, 1, 0]| | Dash and Terminal LE.SC2Replay|
312 1000 9 |[9, 1, 0]| | Dash and Terminal LE.SC2Replay|
313 1000 9 |[9, 1, 0]| | Dash and Terminal LE.SC2Replay|
314 1000 9 |[9, 1, 0]| | Dash and Terminal LE.SC2Replay|
315 1000 9 |[9, 1, 0]| | Dash and Terminal LE.SC2Replay|
316 1000 9 |[9, 1, 0]| | Dash and Terminal LE.SC2Replay|
317 1000 9 |[9, 1, 0]| | Dash and Terminal LE.SC2Replay|
318 1000 9 |[9, 1, 0]| | Dash and Terminal LE.SC2Replay|
319 1000 9 |[9, 1, 0]| | Dash and Terminal LE.SC2Replay|
320 1000 9 |[9, 1, 0]| | Dash and Terminal LE.SC2Replay|
321 1000 9 |[9, 1, 0]| | Dash and Terminal LE.SC2Replay|
322 1000 9 |[9, 1, 0]| | Dash and Terminal LE.SC2Replay|
323 1000 9 |[9, 1, 0]| | Dash and Terminal LE.SC2Replay|
324 1000 9 |[9, 1, 0]| | Dash and Terminal LE.SC2Replay|
325 1000 9 |[9, 1, 0]| | Dash and Terminal LE.SC2Replay|
326 1000 9 |[9, 1, 0]| | Dash and Terminal LE.SC2Replay|
327 1000 9 |[9, 1, 0]| | Dash and Terminal LE.SC2Replay|
328 1000 9 |[9, 1, 0]| | Dash and Terminal LE.SC2Replay|
329 1000 9 |[9, 1, 0]| | Dash and Terminal LE.SC2Replay|
330 1000 9 |[9, 1, 0]| | Dash and Terminal LE.SC2Replay|
331 1000 9 |[9, 1, 0]| | Dash and Terminal LE.SC2Replay|
332 1000 9 |[9, 1, 0]| | Dash and Terminal LE.SC2Replay|
333 1000 9 |[9, 1, 0]| | Dash and Terminal LE.SC2Replay|
334 1000 9 |[9, 1, 0]| | Dash and Terminal LE.SC2Replay|
335 1000 9 |[9, 1, 0]| | Dash and Terminal LE.SC2Replay|
336 1000 9 |[9, 1, 0]| | Dash and Terminal LE.SC2Replay|
337 1000 9 |[9, 1, 0]| | Dash and Terminal LE.SC2Replay|
338 1000 9 |[9, 1, 0]| | Dash and Terminal LE.SC2Replay|
339 1000 9 |[9, 1, 0]| | Dash and Terminal LE.SC2Replay|
340 1000 9 |[9, 1, 0]| | Dash and Terminal LE.SC2Replay|
341 1000 9 |[9, 1, 0]| | Dash and Terminal LE.SC2Replay|
342 1000 9 |[9, 1, 0]| | Dash and Terminal LE.SC2Replay|
343 1000 9 |[9, 1, 0]| | Dash and Terminal LE.SC2Replay|
344 1000 9 |[9, 1, 0]| | Dash and Terminal LE.SC2Replay|
345 1000 9 |[9, 1, 0]| | Dash and Terminal LE.SC2Replay|
346 1000 9 |[9, 1, 0]| | Dash and Terminal LE.SC2Replay|
347 1000 10 |[10, 1, 0]| | Dash and Terminal LE.SC2Replay|
348 1000 11 |[11, 1, 0]| | Dash and Terminal LE.SC2Replay|
349 1000 12 |[12, 1, 0]| | Dash and Terminal LE.SC2Replay|
350 1000 12 |[12, 1, 0]| | Dash and Terminal LE.SC2Replay|
351 1000 12 |[12, 1, 0]| | Dash and Terminal LE.SC2Replay|
352 1000 12 |[12, 1, 0]| | Dash and Terminal LE.SC2Replay|
353 1000 12 |[12, 1, 0]| | Dash and Terminal LE.SC2Replay|
354 1000 12 |[12, 1, 0]| | Dash and Terminal LE.SC2Replay|
355 1000 12 |[12, 1, 0]| | Dash and Terminal LE.SC2Replay|
356 1000 12 |[12, 1, 0]| | Dash and Terminal LE.SC2Replay|
357 1000 12 |[12, 1, 0]| | Dash and Terminal LE.SC2Replay|
358 1000 12 |[12, 1, 0]| | Dash and Terminal LE.SC2Replay|
359 1000 12 |[12, 1, 0]| | Dash and Terminal LE.SC2Replay|
360 1000 12 |[12, 1, 0]| | Dash and Terminal LE.SC2Replay|
361 1000 12 |[12, 1, 0]| | Dash and Terminal LE.SC2Replay|
362 1000 12 |[12, 1, 0]| | Dash and Terminal LE.SC2Replay|
363 1000 12 |[12, 1, 0]| | Dash and Terminal LE.SC2Replay|
364 1000 12 |[12, 1, 0]| | Dash and Terminal LE.SC2Replay|
365 1000 12 |[12, 1, 0]| | Dash and Terminal LE.SC2Replay|
366 1000 12 |[12, 1, 0]| | Dash and Terminal LE.SC2Replay|
367 1000 12 |[12, 1, 0]| | Dash and Terminal LE.SC2Replay|
368 1000 12 |[12, 1, 0]| | Dash and Terminal LE.SC2Replay|
369 1000 13 |[13, 1, 0]| | Dash and Terminal LE.SC2Replay|
370 1000 13 |[13, 1, 0]| | Dash and Terminal LE.SC2Replay|
371 1000 13 |[13, 1, 0]| | Dash and Terminal LE.SC2Replay|
372 1000 13 |[13, 1, 0]| | Dash and Terminal LE.SC2Replay|
373 1000 13 |[13, 1, 0]| | Dash and Terminal LE.SC2Replay|
374 1000 13 |[13, 1, 0]| | Dash and Terminal LE.SC2Replay|
375 1000 13 |[13, 1, 0]| | Dash and Terminal LE.SC2Replay|
376 1000 13 |[13, 1, 0]| | Dash and Terminal LE.SC2Replay|
377 1000 13 |[13, 1, 0]| | Dash and Terminal LE.SC2Replay|
378 1000 13 |[13, 1, 0]| | Dash and Terminal LE.SC2Replay|
379 1000 13 |[13, 1, 0]| | Dash and Terminal LE.SC2Replay|
380 1000 13 |[13, 1, 0]| | Dash and Terminal LE.SC2Replay|
381 1000 13 |[13, 1, 0]| | Dash and Terminal LE.SC2Replay|
382 1000 13 |[13, 1, 0]| | Dash and Terminal LE.SC2Replay|
383 1000 13 |[13, 1, 0]| | Dash and Terminal LE.SC2Replay|
384 1000 13 |[13, 1, 0]| | Dash and Terminal LE.SC2Replay|
385 1000 13 |[13, 1, 0]| | Dash and Terminal LE.SC2Replay|
386 1000 13 |[13, 1, 0]| | Dash and Terminal LE.SC2Replay|
387 1000 13 |[13, 1, 0]| | Dash and Terminal LE.SC2Replay|
388 1000 13 |[13, 1, 0]| | Dash and Terminal LE.SC2Replay|
389 1000 13 |[13, 1, 0]| | Dash and Terminal LE.SC2Replay|
390 1000 13 |[13, 1, 0]| | Dash and Terminal LE.SC2Replay|
391 1000 13 |[13, 1, 0]| | Dash and Terminal LE.SC2Replay|
392 1000 13 |[13, 1, 0]| | Dash and Terminal LE.SC2Replay|
393 1000 13 |[13, 1, 0]| | Dash and Terminal LE.SC2Replay|
394 1000 13 |[13, 1, 0]| | Dash and Terminal LE.SC2Replay|
395 1000 13 |[13, 1, 0]| | Dash and Terminal LE.SC2Replay|
396 1000 13 |[13, 1, 0]| | Dash and Terminal LE.SC2Replay|
397 1000 13 |[13, 1, 0]| | Dash and Terminal LE.SC2Replay|
398 1000 13 |[13, 1, 0]| | Dash and Terminal LE.SC2Replay|
399 1000 13 |[13, 1, 0]| | Dash and Terminal LE.SC2Replay|
400 1000 13 |[13, 1, 0]| | Dash and Terminal LE.SC2Replay|
401 1000 13 |[13, 1, 0]| | Dash and Terminal LE.SC2Replay|
402 1000 13 |[13, 1, 0]| | Dash and Terminal LE.SC2Replay|
403 1000 13 |[13, 1, 1]| | Dash and Terminal LE.SC2Replay|
404 1000 13 |[13, 1, 1]| | Dash and Terminal LE.SC2Replay|
405 1000 13 |[13, 1, 1]| | Dash and Terminal LE.SC2Replay|
406 1000 13 |[13, 1, 1]| | Dash and Terminal LE.SC2Replay|
407 1000 13 |[13, 1, 1]| | Dash and Terminal LE.SC2Replay|
408 1000 13 |[13, 1, 1]| | Dash and Terminal LE.SC2Replay|
409 1000 14 |[14, 1, 1]| | Dash and Terminal LE.SC2Replay|
410 1000 15 |[15, 1, 1]| | Dash and Terminal LE.SC2Replay|
411 1000 15 |[15, 1, 1]| | Dash and Terminal LE.SC2Replay|
412 1000 15 |[15, 1, 1]| | Dash and Terminal LE.SC2Replay|
413 1000 15 |[15, 1, 1]| | Dash and Terminal LE.SC2Replay|
414 1000 16 |[16, 1, 1]| | Dash and Terminal LE.SC2Replay|
415 1000 16 |[16, 1, 1]| | Dash and Terminal LE.SC2Replay|
416 1000 16 |[16, 1, 1]| | Dash and Terminal LE.SC2Replay|
417 1000 16 |[16, 1, 1]| | Dash and Terminal LE.SC2Replay|
418 1000 16 |[16, 1, 1]| | Dash and Terminal LE.SC2Replay|
419 1000 16 |[16, 1, 1]| | Dash and Terminal LE.SC2Replay|
420 1000 16 |[16, 1, 1]| | Dash and Terminal LE.SC2Replay|
421 1000 16 |[16, 1, 1]| | Dash and Terminal LE.SC2Replay|
422 1000 16 |[16, 1, 1]| | Dash and Terminal LE.SC2Replay|
423 1000 16 |[16, 1, 1]| | Dash and Terminal LE.SC2Replay|
424 1000 16 |[16, 1, 1]| | Dash and Terminal LE.SC2Replay|
425 1000 16 |[16, 1, 1]| | Dash and Terminal LE.SC2Replay|
426 1000 16 |[16, 1, 1]| | Dash and Terminal LE.SC2Replay|
427 1000 16 |[16, 1, 1]| | Dash and Terminal LE.SC2Replay|
428 1000 16 |[16, 1, 1]| | Dash and Terminal LE.SC2Replay|
429 1000 16 |[16, 1, 1]| | Dash and Terminal LE.SC2Replay|
430 1000 16 |[16, 1, 1]| | Dash and Terminal LE.SC2Replay|
431 1000 16 |[16, 1, 1]| | Dash and Terminal LE.SC2Replay|
432 1000 16 |[16, 1, 1]| | Dash and Terminal LE.SC2Replay|
433 1000 16 |[16, 1, 1]| | Dash and Terminal LE.SC2Replay|
434 1000 16 |[16, 1, 1]| | Dash and Terminal LE.SC2Replay|
435 1000 16 |[16, 1, 1]| | Dash and Terminal LE.SC2Replay|
436 1000 16 |[16, 1, 1]| | Dash and Terminal LE.SC2Replay|
437 1000 16 |[16, 1, 1]| | Dash and Terminal LE.SC2Replay|
438 1000 16 |[16, 1, 1]| | Dash and Terminal LE.SC2Replay|
439 1000 16 |[16, 1, 1]| | Dash and Terminal LE.SC2Replay|
440 1000 16 |[16, 1, 1]| | Dash and Terminal LE.SC2Replay|
441 1000 16 |[16, 1, 1]| | Dash and Terminal LE.SC2Replay|
442 1000 16 |[16, 1, 1]| | Dash and Terminal LE.SC2Replay|
443 1000 16 |[16, 1, 1]| | Dash and Terminal LE.SC2Replay|
444 1000 16 |[16, 1, 1]| | Dash and Terminal LE.SC2Replay|
445 1000 16 |[16, 1, 1]| | Dash and Terminal LE.SC2Replay|
446 1000 16 |[16, 1, 1]| | Dash and Terminal LE.SC2Replay|
447 1000 16 |[16, 1, 1]| | Dash and Terminal LE.SC2Replay|
448 1000 16 |[16, 1, 1]| | Dash and Terminal LE.SC2Replay|
449 1000 16 |[16, 1, 1]| | Dash and Terminal LE.SC2Replay|
450 1000 16 |[16, 1, 1]| | Dash and Terminal LE.SC2Replay|
451 1050 16 |[16, 1, 1]| | Dash and Terminal LE.SC2Replay|
452 1100 16 |[16, 1, 1]| | Dash and Terminal LE.SC2Replay|
453 1150 16 |[16, 1, 1]| | Dash and Terminal LE.SC2Replay|
454 1200 16 |[16, 1, 1]| | Dash and Terminal LE.SC2Replay|
455 1200 16 |[16, 1, 1]| | Dash and Terminal LE.SC2Replay|
456 1200 16 |[16, 1, 1]| | Dash and Terminal LE.SC2Replay|
457 1250 16 |[16, 1, 1]| | Dash and Terminal LE.SC2Replay|
458 1300 16 |[16, 1, 1]| | Dash and Terminal LE.SC2Replay|
459 1350 16 |[16, 1, 1]| | Dash and Terminal LE.SC2Replay|
460 1400 16 |[16, 1, 1]| | Dash and Terminal LE.SC2Replay|
461 1400 16 |[16, 1, 1]| | Dash and Terminal LE.SC2Replay|
462 1400 16 |[16, 1, 1]| | Dash and Terminal LE.SC2Replay|
463 1400 16 |[16, 1, 1]| | Dash and Terminal LE.SC2Replay|
464 1400 16 |[16, 1, 1]| | Dash and Terminal LE.SC2Replay|
465 1400 16 |[16, 1, 1]| | Dash and Terminal LE.SC2Replay|
466 1400 16 |[16, 1, 1]| | Dash and Terminal LE.SC2Replay|
467 1400 16 |[16, 1, 1]| | Dash and Terminal LE.SC2Replay|
468 1400 16 |[16, 1, 1]| | Dash and Terminal LE.SC2Replay|
469 1400 16 |[16, 1, 1]| | Dash and Terminal LE.SC2Replay|
470 1400 16 |[16, 2, 1]| | Dash and Terminal LE.SC2Replay|
471 1400 16 |[16, 2, 1]| | Dash and Terminal LE.SC2Replay|
472 1400 17 |[17, 2, 1]| | Dash and Terminal LE.SC2Replay|
473 1400 17 |[17, 2, 1]| | Dash and Terminal LE.SC2Replay|
474 1400 17 |[17, 2, 1]| | Dash and Terminal LE.SC2Replay|
475 1400 17 |[17, 2, 1]| | Dash and Terminal LE.SC2Replay|
476 1400 17 |[17, 2, 1]| | Dash and Terminal LE.SC2Replay|
477 1400 17 |[17, 2, 1]| | Dash and Terminal LE.SC2Replay|
478 1400 17 |[17, 2, 1]| | Dash and Terminal LE.SC2Replay|
479 1400 17 |[17, 2, 1]| | Dash and Terminal LE.SC2Replay|
480 1400 17 |[17, 2, 1]| | Dash and Terminal LE.SC2Replay|
481 1400 17 |[17, 2, 1]| | Dash and Terminal LE.SC2Replay|
482 1400 17 |[17, 2, 1]| | Dash and Terminal LE.SC2Replay|
483 1400 17 |[17, 2, 1]| | Dash and Terminal LE.SC2Replay|
484 1400 17 |[17, 2, 1]| | Dash and Terminal LE.SC2Replay|
485 1400 17 |[17, 2, 1]| | Dash and Terminal LE.SC2Replay|
486 1400 17 |[17, 2, 1]| | Dash and Terminal LE.SC2Replay|
487 1400 17 |[17, 2, 1]| | Dash and Terminal LE.SC2Replay|
488 1400 17 |[17, 2, 1]| | Dash and Terminal LE.SC2Replay|
489 1400 17 |[17, 2, 1]| | Dash and Terminal LE.SC2Replay|
490 1400 17 |[17, 2, 1]| | Dash and Terminal LE.SC2Replay|
491 1400 18 |[18, 2, 1]| | Dash and Terminal LE.SC2Replay|
492 1400 19 |[19, 2, 1]| | Dash and Terminal LE.SC2Replay|
493 1400 19 |[19, 2, 1]| | Dash and Terminal LE.SC2Replay|
494 1400 19 |[19, 2, 1]| | Dash and Terminal LE.SC2Replay|
495 1400 19 |[19, 2, 1]| | Dash and Terminal LE.SC2Replay|
496 1400 19 |[19, 2, 1]| | Dash and Terminal LE.SC2Replay|
497 1400 19 |[19, 2, 1]| | Dash and Terminal LE.SC2Replay|
498 1400 19 |[19, 2, 1]| | Dash and Terminal LE.SC2Replay|
499 1400 19 |[19, 2, 1]| | Dash and Terminal LE.SC2Replay|
500 1400 19 |[19, 2, 1]| | Dash and Terminal LE.SC2Replay|
501 1400 19 |[19, 2, 1]| | Dash and Terminal LE.SC2Replay|
502 1400 19 |[19, 2, 1]| | Dash and Terminal LE.SC2Replay|
503 1400 20 |[20, 2, 1]| | Dash and Terminal LE.SC2Replay|
504 1400 20 |[20, 2, 1]| | Dash and Terminal LE.SC2Replay|
505 1400 20 |[20, 2, 1]| | Dash and Terminal LE.SC2Replay|
506 1400 20 |[20, 2, 1]| | Dash and Terminal LE.SC2Replay|
507 1400 20 |[20, 2, 1]| | Dash and Terminal LE.SC2Replay|
508 1400 20 |[20, 2, 1]| | Dash and Terminal LE.SC2Replay|
509 1400 20 |[20, 2, 1]| | Dash and Terminal LE.SC2Replay|
510 1400 20 |[20, 2, 1]| | Dash and Terminal LE.SC2Replay|
511 1400 20 |[20, 2, 1]| | Dash and Terminal LE.SC2Replay|
512 1400 20 |[20, 2, 1]| | Dash and Terminal LE.SC2Replay|
513 1400 20 |[20, 2, 1]| | Dash and Terminal LE.SC2Replay|
514 1400 20 |[20, 2, 1]| | Dash and Terminal LE.SC2Replay|
515 1400 20 |[20, 2, 1]| | Dash and Terminal LE.SC2Replay|
516 1400 21 |[21, 2, 1]| | Dash and Terminal LE.SC2Replay|
517 1400 22 |[22, 2, 1]| | Dash and Terminal LE.SC2Replay|
518 1400 22 |[22, 2, 1]| | Dash and Terminal LE.SC2Replay|
519 1400 22 |[22, 2, 1]| | Dash and Terminal LE.SC2Replay|
520 1400 23 |[23, 2, 1]| | Dash and Terminal LE.SC2Replay|
521 1400 23 |[23, 2, 1]| | Dash and Terminal LE.SC2Replay|
522 1400 23 |[23, 2, 1]| | Dash and Terminal LE.SC2Replay|
523 1400 23 |[23, 2, 1]| | Dash and Terminal LE.SC2Replay|
524 1400 23 |[23, 2, 1]| | Dash and Terminal LE.SC2Replay|
525 1400 23 |[23, 2, 1]| | Dash and Terminal LE.SC2Replay|
526 1400 23 |[23, 2, 1]| | Dash and Terminal LE.SC2Replay|
527 1400 23 |[23, 2, 1]| | Dash and Terminal LE.SC2Replay|
528 1400 23 |[23, 2, 1]| | Dash and Terminal LE.SC2Replay|
529 1400 23 |[23, 2, 1]| | Dash and Terminal LE.SC2Replay|
530 1400 24 |[24, 2, 1]| | Dash and Terminal LE.SC2Replay|
531 1400 24 |[24, 2, 1]| | Dash and Terminal LE.SC2Replay|
532 1400 24 |[24, 2, 1]| | Dash and Terminal LE.SC2Replay|
533 1400 24 |[24, 2, 1]| | Dash and Terminal LE.SC2Replay|
534 1400 24 |[24, 2, 1]| | Dash and Terminal LE.SC2Replay|
535 1400 24 |[24, 2, 1]| | Dash and Terminal LE.SC2Replay|
536 1400 24 |[24, 2, 1]| | Dash and Terminal LE.SC2Replay|
537 1400 24 |[24, 2, 1]| | Dash and Terminal LE.SC2Replay|
538 1400 24 |[24, 2, 1]| | Dash and Terminal LE.SC2Replay|
539 1400 24 |[24, 2, 1]| | Dash and Terminal LE.SC2Replay|
540 1400 24 |[24, 2, 1]| | Dash and Terminal LE.SC2Replay|
541 1400 24 |[24, 2, 1]| | Dash and Terminal LE.SC2Replay|
542 1400 24 |[24, 2, 1]| | Dash and Terminal LE.SC2Replay|
543 1400 24 |[24, 2, 1]| | Dash and Terminal LE.SC2Replay|
544 1400 24 |[24, 2, 1]| | Dash and Terminal LE.SC2Replay|
545 1400 24 |[24, 2, 1]| | Dash and Terminal LE.SC2Replay|
546 1400 24 |[24, 2, 1]| | Dash and Terminal LE.SC2Replay|
547 1400 24 |[24, 2, 1]| | Dash and Terminal LE.SC2Replay|
548 1400 24 |[24, 2, 1]| | Dash and Terminal LE.SC2Replay|
549 1400 24 |[24, 2, 1]| | Dash and Terminal LE.SC2Replay|
550 1400 24 |[24, 2, 1]| | Dash and Terminal LE.SC2Replay|
551 1400 24 |[24, 2, 1]| | Dash and Terminal LE.SC2Replay|
552 1400 24 |[24, 2, 1]| | Dash and Terminal LE.SC2Replay|
553 1400 24 |[24, 2, 1]| | Dash and Terminal LE.SC2Replay|
554 1400 24 |[24, 2, 1]| | Dash and Terminal LE.SC2Replay|
555 1400 24 |[24, 2, 1]| | Dash and Terminal LE.SC2Replay|
556 1400 24 |[24, 2, 1]| | Dash and Terminal LE.SC2Replay|
557 1400 24 |[24, 2, 1]| | Dash and Terminal LE.SC2Replay|
558 1400 24 |[24, 2, 1]| | Dash and Terminal LE.SC2Replay|
559 1400 24 |[24, 2, 1]| | Dash and Terminal LE.SC2Replay|
560 1400 24 |[24, 2, 1]| | Dash and Terminal LE.SC2Replay|
561 1400 24 |[24, 2, 1]| | Dash and Terminal LE.SC2Replay|
562 1400 24 |[24, 2, 1]| | Dash and Terminal LE.SC2Replay|
563 1450 24 |[24, 2, 1]| | Dash and Terminal LE.SC2Replay|
564 1500 24 |[24, 2, 1]| | Dash and Terminal LE.SC2Replay|
565 1550 24 |[24, 2, 1]| | Dash and Terminal LE.SC2Replay|
566 1600 24 |[24, 2, 1]| | Dash and Terminal LE.SC2Replay|
567 1650 24 |[24, 2, 1]| | Dash and Terminal LE.SC2Replay|
568 1700 24 |[24, 2, 1]| | Dash and Terminal LE.SC2Replay|
569 1750 24 |[24, 2, 1]| | Dash and Terminal LE.SC2Replay|
570 1800 24 |[24, 2, 1]| | Dash and Terminal LE.SC2Replay|
571 1850 24 |[24, 2, 1]| | Dash and Terminal LE.SC2Replay|
572 1900 24 |[24, 2, 1]| | Dash and Terminal LE.SC2Replay|
573 1900 24 |[24, 2, 1]| | Dash and Terminal LE.SC2Replay|
574 1900 24 |[24, 2, 1]| | Dash and Terminal LE.SC2Replay|
575 1900 24 |[24, 2, 1]| | Dash and Terminal LE.SC2Replay|
576 1900 25 |[25, 2, 1]| | Dash and Terminal LE.SC2Replay|
577 1900 25 |[25, 2, 1]| | Dash and Terminal LE.SC2Replay|
578 1900 25 |[25, 2, 1]| | Dash and Terminal LE.SC2Replay|
579 1900 25 |[25, 2, 1]| | Dash and Terminal LE.SC2Replay|
580 1900 25 |[25, 2, 1]| | Dash and Terminal LE.SC2Replay|
581 1900 25 |[25, 2, 1]| | Dash and Terminal LE.SC2Replay|
582 1900 25 |[25, 2, 1]| | Dash and Terminal LE.SC2Replay|
583 1900 25 |[25, 2, 1]| | Dash and Terminal LE.SC2Replay|
584 1900 25 |[25, 2, 1]| | Dash and Terminal LE.SC2Replay|
585 1900 25 |[25, 2, 1]| | Dash and Terminal LE.SC2Replay|
586 1900 25 |[25, 2, 1]| | Dash and Terminal LE.SC2Replay|
587 1900 26 |[26, 2, 1]| | Dash and Terminal LE.SC2Replay|
588 1900 26 |[26, 2, 1]| | Dash and Terminal LE.SC2Replay|
589 1900 26 |[26, 2, 1]| | Dash and Terminal LE.SC2Replay|
590 1900 26 |[26, 2, 1]| | Dash and Terminal LE.SC2Replay|
591 1900 26 |[26, 2, 1]| | Dash and Terminal LE.SC2Replay|
592 1900 26 |[26, 2, 1]| | Dash and Terminal LE.SC2Replay|
593 1900 26 |[26, 2, 1]| | Dash and Terminal LE.SC2Replay|
594 1900 26 |[26, 2, 1]| | Dash and Terminal LE.SC2Replay|
595 1900 26 |[26, 2, 1]| | Dash and Terminal LE.SC2Replay|
596 1900 27 |[27, 2, 1]| | Dash and Terminal LE.SC2Replay|
597 1900 28 |[28, 2, 1]| | Dash and Terminal LE.SC2Replay|
598 1900 28 |[28, 2, 1]| | Dash and Terminal LE.SC2Replay|
599 1900 28 |[28, 2, 1]| | Dash and Terminal LE.SC2Replay|
600 1900 28 |[28, 2, 1]| | Dash and Terminal LE.SC2Replay|
601 1900 28 |[28, 2, 1]| | Dash and Terminal LE.SC2Replay|
602 1900 28 |[28, 2, 1]| | Dash and Terminal LE.SC2Replay|
603 1900 28 |[28, 2, 1]| | Dash and Terminal LE.SC2Replay|
604 1900 28 |[28, 2, 1]| | Dash and Terminal LE.SC2Replay|
605 1900 28 |[28, 2, 1]| | Dash and Terminal LE.SC2Replay|
606 1900 28 |[28, 2, 1]| | Dash and Terminal LE.SC2Replay|
607 1900 28 |[28, 2, 1]| | Dash and Terminal LE.SC2Replay|
608 1900 28 |[28, 2, 1]| | Dash and Terminal LE.SC2Replay|
609 1900 28 |[28, 2, 1]| | Dash and Terminal LE.SC2Replay|
610 1900 28 |[28, 2, 1]| | Dash and Terminal LE.SC2Replay|
611 1900 28 |[28, 2, 1]| | Dash and Terminal LE.SC2Replay|
612 1900 28 |[28, 2, 1]| | Dash and Terminal LE.SC2Replay|
613 1900 28 |[28, 3, 1]| | Dash and Terminal LE.SC2Replay|
614 1900 28 |[28, 4, 1]| | Dash and Terminal LE.SC2Replay|
615 1900 28 |[28, 5, 1]| | Dash and Terminal LE.SC2Replay|
616 1900 28 |[28, 5, 1]| | Dash and Terminal LE.SC2Replay|
617 1900 28 |[28, 5, 1]| | Dash and Terminal LE.SC2Replay|
618 1900 28 |[28, 5, 1]| | Dash and Terminal LE.SC2Replay|
619 1900 29 |[29, 5, 1]| | Dash and Terminal LE.SC2Replay|
620 1900 30 |[30, 5, 1]| | Dash and Terminal LE.SC2Replay|
621 1900 31 |[31, 5, 1]| | Dash and Terminal LE.SC2Replay|
622 1900 31 |[31, 5, 1]| | Dash and Terminal LE.SC2Replay|
623 1900 31 |[31, 5, 1]| | Dash and Terminal LE.SC2Replay|
624 1900 31 |[31, 5, 1]| | Dash and Terminal LE.SC2Replay|
625 1900 31 |[31, 5, 1]| | Dash and Terminal LE.SC2Replay|
626 1900 32 |[32, 5, 1]| | Dash and Terminal LE.SC2Replay|
627 1900 33 |[33, 5, 1]| | Dash and Terminal LE.SC2Replay|
628 1900 34 |[34, 5, 1]| | Dash and Terminal LE.SC2Replay|
629 1900 34 |[34, 5, 1]| | Dash and Terminal LE.SC2Replay|
630 1900 34 |[34, 5, 1]| | Dash and Terminal LE.SC2Replay|
631 1900 34 |[34, 5, 1]| | Dash and Terminal LE.SC2Replay|
632 1900 34 |[34, 5, 1]| | Dash and Terminal LE.SC2Replay|
633 1900 35 |[35, 5, 1]| | Dash and Terminal LE.SC2Replay|
634 1900 36 |[36, 5, 1]| | Dash and Terminal LE.SC2Replay|
635 1900 37 |[37, 5, 1]| | Dash and Terminal LE.SC2Replay|
636 1900 38 |[38, 5, 1]| | Dash and Terminal LE.SC2Replay|
637 1900 38 |[38, 5, 1]| | Dash and Terminal LE.SC2Replay|
638 1900 38 |[38, 6, 1]| | Dash and Terminal LE.SC2Replay|
639 1900 38 |[38, 6, 1]| | Dash and Terminal LE.SC2Replay|
640 1900 38 |[38, 6, 1]| | Dash and Terminal LE.SC2Replay|
641 1900 38 |[38, 6, 1]| | Dash and Terminal LE.SC2Replay|
642 1900 38 |[38, 6, 1]| | Dash and Terminal LE.SC2Replay|
643 1900 38 |[38, 6, 1]| | Dash and Terminal LE.SC2Replay|
644 1900 38 |[38, 6, 1]| | Dash and Terminal LE.SC2Replay|
645 1900 38 |[38, 6, 1]| | Dash and Terminal LE.SC2Replay|
646 1900 38 |[38, 6, 1]| | Dash and Terminal LE.SC2Replay|
647 1900 38 |[38, 6, 1]| | Dash and Terminal LE.SC2Replay|
648 1900 38 |[38, 6, 1]| | Dash and Terminal LE.SC2Replay|
649 1900 38 |[38, 6, 1]| | Dash and Terminal LE.SC2Replay|
650 1900 38 |[38, 6, 1]| | Dash and Terminal LE.SC2Replay|
651 1900 39 |[39, 6, 1]| | Dash and Terminal LE.SC2Replay|
652 1900 40 |[40, 6, 1]| | Dash and Terminal LE.SC2Replay|
653 1900 41 |[41, 6, 1]| | Dash and Terminal LE.SC2Replay|
654 1900 42 |[42, 6, 1]| | Dash and Terminal LE.SC2Replay|
655 1900 43 |[43, 6, 1]| | Dash and Terminal LE.SC2Replay|
656 1900 43 |[43, 6, 1]| | Dash and Terminal LE.SC2Replay|
657 1900 43 |[43, 6, 1]| | Dash and Terminal LE.SC2Replay|
658 1900 43 |[43, 6, 1]| | Dash and Terminal LE.SC2Replay|
659 1900 43 |[43, 6, 1]| | Dash and Terminal LE.SC2Replay|
660 1900 43 |[43, 6, 1]| | Dash and Terminal LE.SC2Replay|
661 1900 43 |[43, 6, 1]| | Dash and Terminal LE.SC2Replay|
662 1900 43 |[43, 6, 1]| | Dash and Terminal LE.SC2Replay|
663 1900 43 |[43, 6, 1]| | Dash and Terminal LE.SC2Replay|
664 1900 43 |[43, 6, 1]| | Dash and Terminal LE.SC2Replay|
665 1900 43 |[43, 6, 1]| | Dash and Terminal LE.SC2Replay|
666 1900 44 |[44, 6, 1]| | Dash and Terminal LE.SC2Replay|
667 1900 45 |[45, 6, 1]| | Dash and Terminal LE.SC2Replay|
668 1900 46 |[46, 6, 1]| | Dash and Terminal LE.SC2Replay|
669 1900 47 |[47, 6, 1]| | Dash and Terminal LE.SC2Replay|
670 1900 47 |[47, 6, 1]| | Dash and Terminal LE.SC2Replay|
671 1900 47 |[47, 6, 1]| | Dash and Terminal LE.SC2Replay|
672 1900 47 |[47, 6, 1]| | Dash and Terminal LE.SC2Replay|
673 1900 47 |[47, 6, 1]| | Dash and Terminal LE.SC2Replay|
674 1900 47 |[47, 6, 1]| | Dash and Terminal LE.SC2Replay|
675 1900 47 |[47, 6, 1]| | Dash and Terminal LE.SC2Replay|
676 1900 47 |[47, 6, 1]| | Dash and Terminal LE.SC2Replay|
677 1900 47 |[47, 6, 1]| | Dash and Terminal LE.SC2Replay|
678 1900 47 |[47, 6, 1]| | Dash and Terminal LE.SC2Replay|
679 1900 47 |[47, 6, 1]| | Dash and Terminal LE.SC2Replay|
680 1900 47 |[47, 6, 1]| | Dash and Terminal LE.SC2Replay|
681 1900 47 |[47, 6, 1]| | Dash and Terminal LE.SC2Replay|
682 1900 47 |[47, 6, 1]| | Dash and Terminal LE.SC2Replay|
683 1900 47 |[47, 6, 1]| | Dash and Terminal LE.SC2Replay|
684 1900 47 |[47, 6, 1]| | Dash and Terminal LE.SC2Replay|
685 1900 47 |[47, 6, 1]| | Dash and Terminal LE.SC2Replay|
686 1900 47 |[47, 6, 1]| | Dash and Terminal LE.SC2Replay|
687 1900 47 |[47, 6, 1]| | Dash and Terminal LE.SC2Replay|
688 1900 47 |[47, 6, 1]| | Dash and Terminal LE.SC2Replay|
689 1900 48 |[48, 6, 1]| | Dash and Terminal LE.SC2Replay|
690 1900 49 |[49, 6, 1]| | Dash and Terminal LE.SC2Replay|
691 1900 50 |[50, 6, 1]| | Dash and Terminal LE.SC2Replay|
692 1900 51 |[51, 6, 1]| | Dash and Terminal LE.SC2Replay|
693 1900 51 |[51, 6, 1]| | Dash and Terminal LE.SC2Replay|
694 1900 51 |[51, 6, 1]| | Dash and Terminal LE.SC2Replay|
695 1900 51 |[51, 6, 1]| | Dash and Terminal LE.SC2Replay|
696 1900 51 |[51, 6, 1]| | Dash and Terminal LE.SC2Replay|
697 1900 52 |[52, 6, 1]| | Dash and Terminal LE.SC2Replay|
698 1900 53 |[53, 6, 1]| | Dash and Terminal LE.SC2Replay|
699 1900 54 |[54, 6, 1]| | Dash and Terminal LE.SC2Replay|
700 1900 55 |[55, 6, 1]| | Dash and Terminal LE.SC2Replay|
701 1900 55 |[55, 6, 1]| | Dash and Terminal LE.SC2Replay|
702 1900 55 |[55, 6, 1]| | Dash and Terminal LE.SC2Replay|
703 1900 55 |[55, 6, 1]| | Dash and Terminal LE.SC2Replay|
704 1900 55 |[55, 6, 1]| | Dash and Terminal LE.SC2Replay|
705 1900 55 |[55, 6, 1]| | Dash and Terminal LE.SC2Replay|
706 1900 55 |[55, 6, 1]| | Dash and Terminal LE.SC2Replay|
707 1900 55 |[55, 6, 1]| | Dash and Terminal LE.SC2Replay|
708 1900 55 |[55, 6, 1]| | Dash and Terminal LE.SC2Replay|
709 1950 55 |[55, 6, 1]| | Dash and Terminal LE.SC2Replay|
710 2000 55 |[55, 6, 1]| | Dash and Terminal LE.SC2Replay|
711 2050 55 |[55, 6, 1]| | Dash and Terminal LE.SC2Replay|
712 2100 55 |[55, 6, 1]| | Dash and Terminal LE.SC2Replay|
713 2150 55 |[55, 6, 1]| | Dash and Terminal LE.SC2Replay|
714 2200 55 |[55, 6, 1]| | Dash and Terminal LE.SC2Replay|
715 2250 55 |[55, 6, 1]| | Dash and Terminal LE.SC2Replay|
716 2300 55 |[55, 6, 1]| | Dash and Terminal LE.SC2Replay|
717 2300 55 |[55, 6, 1]| | Dash and Terminal LE.SC2Replay|
718 2300 55 |[55, 6, 1]| | Dash and Terminal LE.SC2Replay|
719 2300 55 |[55, 6, 1]| | Dash and Terminal LE.SC2Replay|
720 2300 55 |[55, 6, 1]| | Dash and Terminal LE.SC2Replay|
721 2300 55 |[55, 6, 1]| | Dash and Terminal LE.SC2Replay|
722 2300 55 |[55, 6, 1]| | Dash and Terminal LE.SC2Replay|
723 2300 55 |[55, 6, 1]| | Dash and Terminal LE.SC2Replay|
724 2300 55 |[55, 6, 1]| | Dash and Terminal LE.SC2Replay|
725 2300 55 |[55, 6, 1]| | Dash and Terminal LE.SC2Replay|
726 2300 55 |[55, 6, 1]| | Dash and Terminal LE.SC2Replay|
727 2300 55 |[55, 6, 1]| | Dash and Terminal LE.SC2Replay|
728 2300 55 |[55, 6, 1]| | Dash and Terminal LE.SC2Replay|
729 2300 55 |[55, 6, 1]| | Dash and Terminal LE.SC2Replay|
730 2350 55 |[55, 6, 1]| | Dash and Terminal LE.SC2Replay|
731 2400 55 |[55, 6, 1]| | Dash and Terminal LE.SC2Replay|
732 2450 55 |[55, 6, 1]| | Dash and Terminal LE.SC2Replay|
733 2500 55 |[55, 6, 1]| | Dash and Terminal LE.SC2Replay|
734 2500 55 |[55, 6, 1]| | Dash and Terminal LE.SC2Replay|
735 2500 55 |[55, 6, 1]| | Dash and Terminal LE.SC2Replay|
736 2500 55 |[55, 6, 1]| | Dash and Terminal LE.SC2Replay|
737 2500 55 |[55, 6, 1]| | Dash and Terminal LE.SC2Replay|
738 2500 55 |[55, 6, 1]| | Dash and Terminal LE.SC2Replay|
739 2500 55 |[55, 6, 1]| | Dash and Terminal LE.SC2Replay|
740 2500 55 |[55, 6, 1]| | Dash and Terminal LE.SC2Replay|
741 2500 55 |[55, 6, 1]| | Dash and Terminal LE.SC2Replay|
742 2500 55 |[55, 6, 1]| | Dash and Terminal LE.SC2Replay|
743 2500 55 |[55, 6, 1]| | Dash and Terminal LE.SC2Replay|
744 2500 55 |[55, 6, 1]| | Dash and Terminal LE.SC2Replay|
745 2500 55 |[55, 6, 1]| | Dash and Terminal LE.SC2Replay|
746 2500 55 |[55, 6, 1]| | Dash and Terminal LE.SC2Replay|
747 2500 55 |[55, 6, 1]| | Dash and Terminal LE.SC2Replay|
748 2500 55 |[55, 6, 1]| | Dash and Terminal LE.SC2Replay|
749 2500 55 |[55, 6, 1]| | Dash and Terminal LE.SC2Replay|
750 2500 55 |[55, 6, 1]| | Dash and Terminal LE.SC2Replay|
751 2500 55 |[55, 6, 1]| | Dash and Terminal LE.SC2Replay|
752 2500 55 |[55, 6, 1]| | Dash and Terminal LE.SC2Replay|
753 2500 55 |[55, 6, 1]| | Dash and Terminal LE.SC2Replay|
754 2500 55 |[55, 6, 1]| | Dash and Terminal LE.SC2Replay|
755 2500 55 |[55, 6, 1]| | Dash and Terminal LE.SC2Replay|
756 2500 55 |[55, 6, 1]| | Dash and Terminal LE.SC2Replay|
757 2500 55 |[55, 6, 1]| | Dash and Terminal LE.SC2Replay|
758 2500 55 |[55, 6, 1]| | Dash and Terminal LE.SC2Replay|
759 2550 55 |[55, 6, 1]| | Dash and Terminal LE.SC2Replay|
760 2600 55 |[55, 6, 1]| | Dash and Terminal LE.SC2Replay|
761 2650 55 |[55, 6, 1]| | Dash and Terminal LE.SC2Replay|
762 2700 55 |[55, 6, 1]| | Dash and Terminal LE.SC2Replay|
763 2750 55 |[55, 6, 1]| | Dash and Terminal LE.SC2Replay|
764 2800 55 |[55, 6, 1]| | Dash and Terminal LE.SC2Replay|
765 2850 55 |[55, 6, 1]| | Dash and Terminal LE.SC2Replay|
766 2900 55 |[55, 6, 1]| | Dash and Terminal LE.SC2Replay|
767 2950 55 |[55, 6, 1]| | Dash and Terminal LE.SC2Replay|
768 3000 55 |[55, 6, 1]| | Dash and Terminal LE.SC2Replay|
769 3000 55 |[55, 6, 1]| | Dash and Terminal LE.SC2Replay|
770 3000 55 |[55, 6, 1]| | Dash and Terminal LE.SC2Replay|
771 3000 55 |[55, 6, 1]| | Dash and Terminal LE.SC2Replay|
772 3000 55 |[55, 6, 1]| | Dash and Terminal LE.SC2Replay|
773 3000 55 |[55, 6, 1]| | Dash and Terminal LE.SC2Replay|
774 3000 55 |[55, 6, 1]| | Dash and Terminal LE.SC2Replay|
775 3000 55 |[55, 6, 1]| | Dash and Terminal LE.SC2Replay|
776 3000 55 |[55, 6, 1]| | Dash and Terminal LE.SC2Replay|
777 3000 55 |[55, 6, 1]| | Dash and Terminal LE.SC2Replay|
778 3000 55 |[55, 6, 1]| | Dash and Terminal LE.SC2Replay|
779 3000 55 |[55, 6, 1]| | Dash and Terminal LE.SC2Replay|
780 3000 55 |[55, 6, 1]| | Dash and Terminal LE.SC2Replay|
781 3000 55 |[55, 6, 1]| | Dash and Terminal LE.SC2Replay|
782 3000 55 |[55, 6, 1]| | Dash and Terminal LE.SC2Replay|
783 3000 55 |[55, 6, 1]| | Dash and Terminal LE.SC2Replay|
784 3000 55 |[55, 6, 1]| | Dash and Terminal LE.SC2Replay|
785 3000 55 |[55, 6, 1]| | Dash and Terminal LE.SC2Replay|
786 3000 55 |[55, 6, 1]| | Dash and Terminal LE.SC2Replay|
787 3000 55 |[55, 6, 1]| | Dash and Terminal LE.SC2Replay|
788 3000 55 |[55, 6, 1]| | Dash and Terminal LE.SC2Replay|
789 3000 55 |[55, 6, 1]| | Dash and Terminal LE.SC2Replay|
790 3000 55 |[55, 6, 1]| | Dash and Terminal LE.SC2Replay|
791 3000 55 |[55, 6, 1]| | Dash and Terminal LE.SC2Replay|
792 3000 55 |[55, 6, 1]| | Dash and Terminal LE.SC2Replay|
793 3000 55 |[55, 6, 1]| | Dash and Terminal LE.SC2Replay|
794 3000 55 |[55, 6, 1]| | Dash and Terminal LE.SC2Replay|
795 3000 55 |[55, 6, 1]| | Dash and Terminal LE.SC2Replay|
796 3000 55 |[55, 6, 1]| | Dash and Terminal LE.SC2Replay|
797 3000 55 |[55, 6, 1]| | Dash and Terminal LE.SC2Replay|
798 3000 55 |[55, 6, 1]| | Dash and Terminal LE.SC2Replay|
799 3000 55 |[55, 6, 1]| | Dash and Terminal LE.SC2Replay|
800 3000 55 |[55, 6, 1]| | Dash and Terminal LE.SC2Replay|
801 3000 55 |[55, 6, 1]| | Dash and Terminal LE.SC2Replay|
802 3000 55 |[55, 6, 1]| | Dash and Terminal LE.SC2Replay|
803 3000 55 |[55, 6, 1]| | Dash and Terminal LE.SC2Replay|
804 3000 55 |[55, 6, 1]| | Dash and Terminal LE.SC2Replay|
805 3000 55 |[55, 6, 1]| | Dash and Terminal LE.SC2Replay|
806 3000 55 |[55, 6, 1]| | Dash and Terminal LE.SC2Replay|
807 3000 55 |[55, 6, 1]| | Dash and Terminal LE.SC2Replay|
808 3000 55 |[55, 6, 1]| | Dash and Terminal LE.SC2Replay|
809 3000 55 |[55, 6, 1]| | Dash and Terminal LE.SC2Replay|
810 3000 55 |[55, 6, 1]| | Dash and Terminal LE.SC2Replay|
811 3000 55 |[55, 6, 1]| | Dash and Terminal LE.SC2Replay|
812 3000 55 |[55, 6, 1]| | Dash and Terminal LE.SC2Replay|
813 3000 55 |[55, 6, 1]| | Dash and Terminal LE.SC2Replay|
814 3000 55 |[55, 6, 1]| | Dash and Terminal LE.SC2Replay|
815 3000 55 |[55, 6, 1]| | Dash and Terminal LE.SC2Replay|
816 3000 55 |[55, 6, 1]| | Dash and Terminal LE.SC2Replay|
817 3000 55 |[55, 6, 1]| | Dash and Terminal LE.SC2Replay|
818 3000 55 |[55, 6, 1]| | Dash and Terminal LE.SC2Replay|
819 3000 55 |[55, 6, 1]| | Dash and Terminal LE.SC2Replay|
820 3000 55 |[55, 6, 1]| | Dash and Terminal LE.SC2Replay|
821 3000 55 |[55, 6, 1]| | Dash and Terminal LE.SC2Replay|
822 3000 55 |[55, 6, 1]| | Dash and Terminal LE.SC2Replay|
823 3000 55 |[55, 6, 1]| | Dash and Terminal LE.SC2Replay|
824 3000 55 |[55, 6, 1]| | Dash and Terminal LE.SC2Replay|
825 3000 55 |[55, 6, 1]| | Dash and Terminal LE.SC2Replay|
826 3000 55 |[55, 6, 1]| | Dash and Terminal LE.SC2Replay|
827 3000 55 |[55, 6, 1]| | Dash and Terminal LE.SC2Replay|
828 3000 55 |[55, 6, 1]| | Dash and Terminal LE.SC2Replay|
829 3000 55 |[55, 6, 1]| | Dash and Terminal LE.SC2Replay|
830 3050 55 |[55, 6, 1]| | Dash and Terminal LE.SC2Replay|
831 3100 55 |[55, 6, 1]| | Dash and Terminal LE.SC2Replay|
832 3150 55 |[55, 6, 1]| | Dash and Terminal LE.SC2Replay|
833 3200 55 |[55, 6, 1]| | Dash and Terminal LE.SC2Replay|
834 3200 55 |[55, 6, 1]| | Dash and Terminal LE.SC2Replay|
835 3200 55 |[55, 6, 1]| | Dash and Terminal LE.SC2Replay|
836 3200 55 |[55, 6, 1]| | Dash and Terminal LE.SC2Replay|
837 3200 55 |[55, 6, 1]| | Dash and Terminal LE.SC2Replay|
838 3200 55 |[55, 6, 1]| | Dash and Terminal LE.SC2Replay|
839 3200 55 |[55, 6, 1]| | Dash and Terminal LE.SC2Replay|
840 3200 55 |[55, 6, 1]| | Dash and Terminal LE.SC2Replay|
841 3200 55 |[55, 6, 1]| | Dash and Terminal LE.SC2Replay|
842 3200 55 |[55, 6, 1]| | Dash and Terminal LE.SC2Replay|
843 3200 55 |[55, 6, 1]| | Dash and Terminal LE.SC2Replay|
844 3200 56 |[56, 6, 1]| | Dash and Terminal LE.SC2Replay|
845 3200 57 |[57, 6, 1]| | Dash and Terminal LE.SC2Replay|
846 3200 57 |[57, 6, 1]| | Dash and Terminal LE.SC2Replay|
847 3200 57 |[57, 6, 1]| | Dash and Terminal LE.SC2Replay|
848 3200 57 |[57, 6, 1]| | Dash and Terminal LE.SC2Replay|
849 3200 57 |[57, 6, 1]| | Dash and Terminal LE.SC2Replay|
850 3200 57 |[57, 6, 1]| | Dash and Terminal LE.SC2Replay|
851 3200 57 |[57, 6, 1]| | Dash and Terminal LE.SC2Replay|
852 3200 57 |[57, 6, 1]| | Dash and Terminal LE.SC2Replay|
853 3200 57 |[57, 6, 1]| | Dash and Terminal LE.SC2Replay|
854 3200 57 |[57, 6, 1]| | Dash and Terminal LE.SC2Replay|
855 3200 57 |[57, 6, 1]| | Dash and Terminal LE.SC2Replay|
856 3200 57 |[57, 6, 1]| | Dash and Terminal LE.SC2Replay|
857 3200 57 |[57, 6, 1]| | Dash and Terminal LE.SC2Replay|
858 3200 57 |[57, 6, 1]| | Dash and Terminal LE.SC2Replay|
