0 0 1 |[1, 0, 0]| | King Sejong Station LE.SC2Replay|
1 0 1 |[1, 0, 0]| | King Sejong Station LE.SC2Replay|
2 0 1 |[1, 0, 0]| | King Sejong Station LE.SC2Replay|
3 0 1 |[1, 0, 0]| | King Sejong Station LE.SC2Replay|
4 0 1 |[1, 0, 0]| | King Sejong Station LE.SC2Replay|
5 0 1 |[1, 0, 0]| | King Sejong Station LE.SC2Replay|
6 0 1 |[1, 0, 0]| | King Sejong Station LE.SC2Replay|
7 0 1 |[1, 0, 0]| | King Sejong Station LE.SC2Replay|
8 0 1 |[1, 0, 0]| | King Sejong Station LE.SC2Replay|
9 0 1 |[1, 0, 0]| | King Sejong Station LE.SC2Replay|
10 0 1 |[1, 0, 0]| | King Sejong Station LE.SC2Replay|
11 0 1 |[1, 0, 0]| | King Sejong Station LE.SC2Replay|
12 0 1 |[1, 0, 0]| | King Sejong Station LE.SC2Replay|
13 0 1 |[1, 0, 0]| | King Sejong Station LE.SC2Replay|
14 0 1 |[1, 0, 0]| | King Sejong Station LE.SC2Replay|
15 0 1 |[1, 0, 0]| | King Sejong Station LE.SC2Replay|
16 0 2 |[2, 0, 0]| | King Sejong Station LE.SC2Replay|
17 0 2 |[2, 0, 0]| | King Sejong Station LE.SC2Replay|
18 0 2 |[2, 0, 0]| | King Sejong Station LE.SC2Replay|
19 0 2 |[2, 0, 0]| | King Sejong Station LE.SC2Replay|
20 0 2 |[2, 0, 0]| | King Sejong Station LE.SC2Replay|
21 0 2 |[2, 0, 0]| | King Sejong Station LE.SC2Replay|
22 0 2 |[2, 0, 0]| | King Sejong Station LE.SC2Replay|
23 0 2 |[2, 0, 0]| | King Sejong Station LE.SC2Replay|
24 0 2 |[2, 0, 0]| | King Sejong Station LE.SC2Replay|
25 0 2 |[2, 0, 0]| | King Sejong Station LE.SC2Replay|
26 0 2 |[2, 0, 0]| | King Sejong Station LE.SC2Replay|
27 0 3 |[3, 0, 0]| | King Sejong Station LE.SC2Replay|
28 0 3 |[3, 0, 0]| | King Sejong Station LE.SC2Replay|
29 0 3 |[3, 0, 0]| | King Sejong Station LE.SC2Replay|
30 0 3 |[3, 0, 0]| | King Sejong Station LE.SC2Replay|
31 0 3 |[3, 0, 0]| | King Sejong Station LE.SC2Replay|
32 0 3 |[3, 0, 0]| | King Sejong Station LE.SC2Replay|
33 0 3 |[3, 0, 0]| | King Sejong Station LE.SC2Replay|
34 0 3 |[3, 0, 0]| | King Sejong Station LE.SC2Replay|
35 0 3 |[3, 0, 0]| | King Sejong Station LE.SC2Replay|
36 0 3 |[3, 0, 0]| | King Sejong Station LE.SC2Replay|
37 0 3 |[3, 0, 0]| | King Sejong Station LE.SC2Replay|
38 0 3 |[3, 0, 0]| | King Sejong Station LE.SC2Replay|
39 0 3 |[3, 0, 0]| | King Sejong Station LE.SC2Replay|
40 0 3 |[3, 0, 0]| | King Sejong Station LE.SC2Replay|
41 0 3 |[3, 0, 0]| | King Sejong Station LE.SC2Replay|
42 0 3 |[3, 0, 0]| | King Sejong Station LE.SC2Replay|
43 0 3 |[3, 0, 0]| | King Sejong Station LE.SC2Replay|
44 0 3 |[3, 0, 0]| | King Sejong Station LE.SC2Replay|
45 0 3 |[3, 0, 0]| | King Sejong Station LE.SC2Replay|
46 0 3 |[3, 0, 0]| | King Sejong Station LE.SC2Replay|
47 0 3 |[3, 0, 0]| | King Sejong Station LE.SC2Replay|
48 0 3 |[3, 0, 0]| | King Sejong Station LE.SC2Replay|
49 0 3 |[3, 0, 0]| | King Sejong Station LE.SC2Replay|
50 0 3 |[3, 0, 0]| | King Sejong Station LE.SC2Replay|
51 0 3 |[3, 0, 0]| | King Sejong Station LE.SC2Replay|
52 0 3 |[3, 0, 0]| | King Sejong Station LE.SC2Replay|
53 0 3 |[3, 0, 0]| | King Sejong Station LE.SC2Replay|
54 0 4 |[4, 0, 0]| | King Sejong Station LE.SC2Replay|
55 0 4 |[4, 0, 0]| | King Sejong Station LE.SC2Replay|
56 0 4 |[4, 0, 0]| | King Sejong Station LE.SC2Replay|
57 0 4 |[4, 0, 0]| | King Sejong Station LE.SC2Replay|
58 0 4 |[4, 0, 0]| | King Sejong Station LE.SC2Replay|
59 0 4 |[4, 0, 0]| | King Sejong Station LE.SC2Replay|
60 0 4 |[4, 0, 0]| | King Sejong Station LE.SC2Replay|
61 0 4 |[4, 0, 0]| | King Sejong Station LE.SC2Replay|
62 0 4 |[4, 0, 0]| | King Sejong Station LE.SC2Replay|
63 0 4 |[4, 0, 0]| | King Sejong Station LE.SC2Replay|
64 0 4 |[4, 0, 0]| | King Sejong Station LE.SC2Replay|
65 0 4 |[4, 0, 0]| | King Sejong Station LE.SC2Replay|
66 0 4 |[4, 0, 0]| | King Sejong Station LE.SC2Replay|
67 0 4 |[4, 0, 0]| | King Sejong Station LE.SC2Replay|
68 0 4 |[4, 0, 0]| | King Sejong Station LE.SC2Replay|
69 0 5 |[5, 0, 0]| | King Sejong Station LE.SC2Replay|
70 0 6 |[6, 0, 0]| | King Sejong Station LE.SC2Replay|
71 0 6 |[6, 0, 0]| | King Sejong Station LE.SC2Replay|
72 0 6 |[6, 0, 0]| | King Sejong Station LE.SC2Replay|
73 0 6 |[6, 0, 0]| | King Sejong Station LE.SC2Replay|
74 0 6 |[6, 0, 0]| | King Sejong Station LE.SC2Replay|
75 0 6 |[6, 0, 0]| | King Sejong Station LE.SC2Replay|
76 0 6 |[6, 0, 0]| | King Sejong Station LE.SC2Replay|
77 0 6 |[6, 0, 0]| | King Sejong Station LE.SC2Replay|
78 0 7 |[7, 0, 0]| | King Sejong Station LE.SC2Replay|
79 0 7 |[7, 0, 0]| | King Sejong Station LE.SC2Replay|
80 0 7 |[7, 0, 0]| | King Sejong Station LE.SC2Replay|
81 0 7 |[7, 0, 0]| | King Sejong Station LE.SC2Replay|
82 0 7 |[7, 0, 0]| | King Sejong Station LE.SC2Replay|
83 0 7 |[7, 0, 0]| | King Sejong Station LE.SC2Replay|
84 0 7 |[7, 0, 0]| | King Sejong Station LE.SC2Replay|
85 0 7 |[7, 0, 0]| | King Sejong Station LE.SC2Replay|
86 0 7 |[7, 0, 0]| | King Sejong Station LE.SC2Replay|
87 0 7 |[7, 0, 0]| | King Sejong Station LE.SC2Replay|
88 0 7 |[7, 0, 0]| | King Sejong Station LE.SC2Replay|
89 0 7 |[7, 0, 0]| | King Sejong Station LE.SC2Replay|
90 0 7 |[7, 0, 0]| | King Sejong Station LE.SC2Replay|
91 0 7 |[7, 0, 0]| | King Sejong Station LE.SC2Replay|
92 0 8 |[8, 0, 0]| | King Sejong Station LE.SC2Replay|
93 0 8 |[8, 0, 0]| | King Sejong Station LE.SC2Replay|
94 0 8 |[8, 0, 0]| | King Sejong Station LE.SC2Replay|
95 0 8 |[8, 0, 0]| | King Sejong Station LE.SC2Replay|
96 0 8 |[8, 0, 0]| | King Sejong Station LE.SC2Replay|
97 0 8 |[8, 0, 0]| | King Sejong Station LE.SC2Replay|
98 0 8 |[8, 0, 0]| | King Sejong Station LE.SC2Replay|
99 0 8 |[8, 0, 0]| | King Sejong Station LE.SC2Replay|
100 0 8 |[8, 0, 0]| | King Sejong Station LE.SC2Replay|
101 0 8 |[8, 0, 0]| | King Sejong Station LE.SC2Replay|
102 0 8 |[8, 0, 0]| | King Sejong Station LE.SC2Replay|
103 0 8 |[8, 0, 0]| | King Sejong Station LE.SC2Replay|
104 0 8 |[8, 0, 0]| | King Sejong Station LE.SC2Replay|
105 0 8 |[8, 0, 0]| | King Sejong Station LE.SC2Replay|
106 0 8 |[8, 0, 0]| | King Sejong Station LE.SC2Replay|
107 0 9 |[9, 0, 0]| | King Sejong Station LE.SC2Replay|
108 0 9 |[9, 0, 0]| | King Sejong Station LE.SC2Replay|
109 0 9 |[9, 0, 0]| | King Sejong Station LE.SC2Replay|
110 0 9 |[9, 0, 0]| | King Sejong Station LE.SC2Replay|
111 0 9 |[9, 0, 0]| | King Sejong Station LE.SC2Replay|
112 0 9 |[9, 0, 0]| | King Sejong Station LE.SC2Replay|
113 0 9 |[9, 0, 0]| | King Sejong Station LE.SC2Replay|
114 0 9 |[9, 0, 0]| | King Sejong Station LE.SC2Replay|
115 0 9 |[9, 0, 0]| | King Sejong Station LE.SC2Replay|
116 0 9 |[9, 0, 0]| | King Sejong Station LE.SC2Replay|
117 0 9 |[9, 0, 0]| | King Sejong Station LE.SC2Replay|
118 0 9 |[9, 0, 0]| | King Sejong Station LE.SC2Replay|
119 0 9 |[9, 0, 0]| | King Sejong Station LE.SC2Replay|
120 0 9 |[9, 0, 0]| | King Sejong Station LE.SC2Replay|
121 0 9 |[9, 0, 0]| | King Sejong Station LE.SC2Replay|
122 0 9 |[9, 0, 0]| | King Sejong Station LE.SC2Replay|
123 0 9 |[9, 0, 0]| | King Sejong Station LE.SC2Replay|
124 0 9 |[9, 0, 0]| | King Sejong Station LE.SC2Replay|
125 0 9 |[9, 0, 0]| | King Sejong Station LE.SC2Replay|
126 0 9 |[9, 0, 1]| | King Sejong Station LE.SC2Replay|
127 0 9 |[9, 0, 1]| | King Sejong Station LE.SC2Replay|
128 0 9 |[9, 0, 1]| | King Sejong Station LE.SC2Replay|
129 0 10 |[10, 0, 1]| | King Sejong Station LE.SC2Replay|
130 0 10 |[10, 0, 1]| | King Sejong Station LE.SC2Replay|
131 0 10 |[10, 0, 1]| | King Sejong Station LE.SC2Replay|
132 0 10 |[10, 0, 1]| | King Sejong Station LE.SC2Replay|
133 0 10 |[10, 0, 1]| | King Sejong Station LE.SC2Replay|
134 0 10 |[10, 0, 1]| | King Sejong Station LE.SC2Replay|
135 0 10 |[10, 0, 1]| | King Sejong Station LE.SC2Replay|
136 0 10 |[10, 0, 1]| | King Sejong Station LE.SC2Replay|
137 0 10 |[10, 0, 1]| | King Sejong Station LE.SC2Replay|
138 0 11 |[11, 0, 1]| | King Sejong Station LE.SC2Replay|
139 0 11 |[11, 0, 1]| | King Sejong Station LE.SC2Replay|
140 0 11 |[11, 0, 1]| | King Sejong Station LE.SC2Replay|
141 0 11 |[11, 0, 1]| | King Sejong Station LE.SC2Replay|
142 0 11 |[11, 0, 1]| | King Sejong Station LE.SC2Replay|
143 0 11 |[11, 0, 1]| | King Sejong Station LE.SC2Replay|
144 0 11 |[11, 0, 1]| | King Sejong Station LE.SC2Replay|
145 0 11 |[11, 0, 1]| | King Sejong Station LE.SC2Replay|
146 0 11 |[11, 0, 1]| | King Sejong Station LE.SC2Replay|
147 0 11 |[11, 0, 1]| | King Sejong Station LE.SC2Replay|
148 0 11 |[11, 0, 1]| | King Sejong Station LE.SC2Replay|
149 0 11 |[11, 0, 1]| | King Sejong Station LE.SC2Replay|
150 0 11 |[11, 0, 1]| | King Sejong Station LE.SC2Replay|
151 0 11 |[11, 0, 1]| | King Sejong Station LE.SC2Replay|
152 0 12 |[12, 0, 1]| | King Sejong Station LE.SC2Replay|
153 0 12 |[12, 0, 1]| | King Sejong Station LE.SC2Replay|
154 0 12 |[12, 0, 1]| | King Sejong Station LE.SC2Replay|
155 0 12 |[12, 0, 1]| | King Sejong Station LE.SC2Replay|
156 0 12 |[12, 0, 1]| | King Sejong Station LE.SC2Replay|
157 0 12 |[12, 0, 1]| | King Sejong Station LE.SC2Replay|
158 0 12 |[12, 0, 1]| | King Sejong Station LE.SC2Replay|
159 0 12 |[12, 0, 1]| | King Sejong Station LE.SC2Replay|
160 0 12 |[12, 0, 1]| | King Sejong Station LE.SC2Replay|
161 0 12 |[12, 0, 1]| | King Sejong Station LE.SC2Replay|
162 0 12 |[12, 0, 1]| | King Sejong Station LE.SC2Replay|
163 0 12 |[12, 0, 1]| | King Sejong Station LE.SC2Replay|
164 0 12 |[12, 0, 1]| | King Sejong Station LE.SC2Replay|
165 0 12 |[12, 0, 1]| | King Sejong Station LE.SC2Replay|
166 0 12 |[12, 0, 1]| | King Sejong Station LE.SC2Replay|
167 0 12 |[12, 0, 1]| | King Sejong Station LE.SC2Replay|
168 0 12 |[12, 0, 1]| | King Sejong Station LE.SC2Replay|
169 0 12 |[12, 0, 1]| | King Sejong Station LE.SC2Replay|
170 0 12 |[12, 0, 1]| | King Sejong Station LE.SC2Replay|
171 0 12 |[12, 0, 1]| | King Sejong Station LE.SC2Replay|
172 0 12 |[12, 0, 1]| | King Sejong Station LE.SC2Replay|
173 0 13 |[13, 0, 1]| | King Sejong Station LE.SC2Replay|
174 0 13 |[13, 0, 1]| | King Sejong Station LE.SC2Replay|
175 0 13 |[13, 0, 1]| | King Sejong Station LE.SC2Replay|
176 0 13 |[13, 0, 1]| | King Sejong Station LE.SC2Replay|
177 0 13 |[13, 0, 1]| | King Sejong Station LE.SC2Replay|
178 0 13 |[13, 0, 1]| | King Sejong Station LE.SC2Replay|
179 0 13 |[13, 0, 1]| | King Sejong Station LE.SC2Replay|
180 0 13 |[13, 0, 1]| | King Sejong Station LE.SC2Replay|
181 0 13 |[13, 0, 1]| | King Sejong Station LE.SC2Replay|
182 0 13 |[13, 0, 1]| | King Sejong Station LE.SC2Replay|
183 0 13 |[13, 0, 1]| | King Sejong Station LE.SC2Replay|
184 0 13 |[13, 0, 1]| | King Sejong Station LE.SC2Replay|
185 0 13 |[13, 0, 1]| | King Sejong Station LE.SC2Replay|
186 0 13 |[13, 0, 1]| | King Sejong Station LE.SC2Replay|
187 0 13 |[13, 0, 1]| | King Sejong Station LE.SC2Replay|
188 0 14 |[14, 0, 1]| | King Sejong Station LE.SC2Replay|
189 0 14 |[14, 0, 1]| | King Sejong Station LE.SC2Replay|
190 0 14 |[14, 0, 1]| | King Sejong Station LE.SC2Replay|
191 0 14 |[14, 0, 1]| | King Sejong Station LE.SC2Replay|
192 0 14 |[14, 0, 1]| | King Sejong Station LE.SC2Replay|
193 0 14 |[14, 0, 1]| | King Sejong Station LE.SC2Replay|
194 0 14 |[14, 0, 1]| | King Sejong Station LE.SC2Replay|
195 0 14 |[14, 0, 1]| | King Sejong Station LE.SC2Replay|
196 0 14 |[14, 0, 1]| | King Sejong Station LE.SC2Replay|
197 0 14 |[14, 0, 1]| | King Sejong Station LE.SC2Replay|
198 0 14 |[14, 0, 1]| | King Sejong Station LE.SC2Replay|
199 0 14 |[14, 0, 1]| | King Sejong Station LE.SC2Replay|
200 0 14 |[14, 0, 1]| | King Sejong Station LE.SC2Replay|
201 0 14 |[14, 0, 1]| | King Sejong Station LE.SC2Replay|
202 0 14 |[14, 0, 1]| | King Sejong Station LE.SC2Replay|
203 0 14 |[14, 0, 1]| | King Sejong Station LE.SC2Replay|
204 0 14 |[14, 0, 1]| | King Sejong Station LE.SC2Replay|
205 0 14 |[14, 0, 1]| | King Sejong Station LE.SC2Replay|
206 0 14 |[14, 0, 1]| | King Sejong Station LE.SC2Replay|
207 0 14 |[14, 0, 1]| | King Sejong Station LE.SC2Replay|
208 0 14 |[14, 0, 1]| | King Sejong Station LE.SC2Replay|
209 0 14 |[14, 0, 1]| | King Sejong Station LE.SC2Replay|
210 0 14 |[14, 0, 1]| | King Sejong Station LE.SC2Replay|
211 0 14 |[14, 0, 1]| | King Sejong Station LE.SC2Replay|
212 0 14 |[14, 0, 1]| | King Sejong Station LE.SC2Replay|
213 0 14 |[14, 0, 1]| | King Sejong Station LE.SC2Replay|
214 0 14 |[14, 0, 1]| | King Sejong Station LE.SC2Replay|
215 0 14 |[14, 0, 1]| | King Sejong Station LE.SC2Replay|
216 0 14 |[14, 0, 1]| | King Sejong Station LE.SC2Replay|
217 0 14 |[14, 0, 1]| | King Sejong Station LE.SC2Replay|
218 0 14 |[14, 0, 1]| | King Sejong Station LE.SC2Replay|
219 0 14 |[14, 0, 1]| | King Sejong Station LE.SC2Replay|
220 0 14 |[14, 0, 1]| | King Sejong Station LE.SC2Replay|
221 0 14 |[14, 0, 1]| | King Sejong Station LE.SC2Replay|
222 0 14 |[14, 0, 1]| | King Sejong Station LE.SC2Replay|
223 0 14 |[14, 0, 1]| | King Sejong Station LE.SC2Replay|
224 0 14 |[14, 0, 1]| | King Sejong Station LE.SC2Replay|
225 0 14 |[14, 0, 1]| | King Sejong Station LE.SC2Replay|
226 0 14 |[14, 0, 1]| | King Sejong Station LE.SC2Replay|
227 0 14 |[14, 0, 1]| | King Sejong Station LE.SC2Replay|
228 0 14 |[14, 0, 1]| | King Sejong Station LE.SC2Replay|
229 0 15 |[15, 0, 1]| | King Sejong Station LE.SC2Replay|
230 0 16 |[16, 0, 1]| | King Sejong Station LE.SC2Replay|
231 0 16 |[16, 0, 1]| | King Sejong Station LE.SC2Replay|
232 0 16 |[16, 0, 1]| | King Sejong Station LE.SC2Replay|
233 0 16 |[16, 0, 1]| | King Sejong Station LE.SC2Replay|
234 0 16 |[16, 0, 1]| | King Sejong Station LE.SC2Replay|
235 0 16 |[16, 0, 1]| | King Sejong Station LE.SC2Replay|
236 0 16 |[16, 0, 1]| | King Sejong Station LE.SC2Replay|
237 0 16 |[16, 0, 1]| | King Sejong Station LE.SC2Replay|
238 0 16 |[16, 0, 1]| | King Sejong Station LE.SC2Replay|
239 0 16 |[16, 0, 1]| | King Sejong Station LE.SC2Replay|
240 0 16 |[16, 0, 1]| | King Sejong Station LE.SC2Replay|
241 0 16 |[16, 0, 1]| | King Sejong Station LE.SC2Replay|
242 0 16 |[16, 0, 1]| | King Sejong Station LE.SC2Replay|
243 0 16 |[16, 0, 1]| | King Sejong Station LE.SC2Replay|
244 50 16 |[16, 0, 1]| | King Sejong Station LE.SC2Replay|
245 100 16 |[16, 0, 1]| | King Sejong Station LE.SC2Replay|
246 150 16 |[16, 0, 1]| | King Sejong Station LE.SC2Replay|
247 200 16 |[16, 0, 1]| | King Sejong Station LE.SC2Replay|
248 200 16 |[16, 0, 1]| | King Sejong Station LE.SC2Replay|
249 200 16 |[16, 0, 1]| | King Sejong Station LE.SC2Replay|
250 200 16 |[16, 0, 1]| | King Sejong Station LE.SC2Replay|
251 200 16 |[16, 0, 1]| | King Sejong Station LE.SC2Replay|
252 200 16 |[16, 0, 1]| | King Sejong Station LE.SC2Replay|
253 200 16 |[16, 0, 1]| | King Sejong Station LE.SC2Replay|
254 200 16 |[16, 0, 1]| | King Sejong Station LE.SC2Replay|
255 200 16 |[16, 0, 1]| | King Sejong Station LE.SC2Replay|
256 200 17 |[17, 0, 1]| | King Sejong Station LE.SC2Replay|
257 200 18 |[18, 0, 1]| | King Sejong Station LE.SC2Replay|
258 200 18 |[18, 0, 1]| | King Sejong Station LE.SC2Replay|
259 200 18 |[18, 0, 1]| | King Sejong Station LE.SC2Replay|
260 200 18 |[18, 0, 1]| | King Sejong Station LE.SC2Replay|
261 200 18 |[18, 0, 1]| | King Sejong Station LE.SC2Replay|
262 200 18 |[18, 0, 1]| | King Sejong Station LE.SC2Replay|
263 200 18 |[18, 0, 1]| | King Sejong Station LE.SC2Replay|
264 200 18 |[18, 0, 1]| | King Sejong Station LE.SC2Replay|
265 200 18 |[18, 0, 1]| | King Sejong Station LE.SC2Replay|
266 200 18 |[18, 0, 1]| | King Sejong Station LE.SC2Replay|
267 200 18 |[18, 0, 1]| | King Sejong Station LE.SC2Replay|
268 200 18 |[18, 0, 1]| | King Sejong Station LE.SC2Replay|
269 200 18 |[18, 0, 1]| | King Sejong Station LE.SC2Replay|
270 200 18 |[18, 1, 1]| | King Sejong Station LE.SC2Replay|
271 200 18 |[18, 1, 1]| | King Sejong Station LE.SC2Replay|
272 200 18 |[18, 1, 1]| | King Sejong Station LE.SC2Replay|
273 200 19 |[19, 1, 1]| | King Sejong Station LE.SC2Replay|
274 200 19 |[19, 1, 1]| | King Sejong Station LE.SC2Replay|
275 200 19 |[19, 1, 1]| | King Sejong Station LE.SC2Replay|
276 200 19 |[19, 1, 1]| | King Sejong Station LE.SC2Replay|
277 200 19 |[19, 1, 1]| | King Sejong Station LE.SC2Replay|
278 200 20 |[20, 1, 1]| | King Sejong Station LE.SC2Replay|
279 200 20 |[20, 1, 1]| | King Sejong Station LE.SC2Replay|
280 200 20 |[20, 1, 1]| | King Sejong Station LE.SC2Replay|
281 200 20 |[20, 1, 1]| | King Sejong Station LE.SC2Replay|
282 200 20 |[20, 1, 1]| | King Sejong Station LE.SC2Replay|
283 200 20 |[20, 1, 1]| | King Sejong Station LE.SC2Replay|
284 200 20 |[20, 1, 1]| | King Sejong Station LE.SC2Replay|
285 200 20 |[20, 1, 1]| | King Sejong Station LE.SC2Replay|
286 200 21 |[21, 1, 1]| | King Sejong Station LE.SC2Replay|
287 200 21 |[21, 1, 1]| | King Sejong Station LE.SC2Replay|
288 200 22 |[22, 1, 1]| | King Sejong Station LE.SC2Replay|
289 200 22 |[22, 1, 1]| | King Sejong Station LE.SC2Replay|
290 200 22 |[22, 1, 1]| | King Sejong Station LE.SC2Replay|
291 200 22 |[22, 1, 1]| | King Sejong Station LE.SC2Replay|
292 200 22 |[22, 1, 1]| | King Sejong Station LE.SC2Replay|
293 200 22 |[22, 1, 1]| | King Sejong Station LE.SC2Replay|
294 200 22 |[22, 1, 1]| | King Sejong Station LE.SC2Replay|
295 200 22 |[22, 1, 1]| | King Sejong Station LE.SC2Replay|
296 200 22 |[22, 1, 1]| | King Sejong Station LE.SC2Replay|
297 200 22 |[22, 1, 1]| | King Sejong Station LE.SC2Replay|
298 200 22 |[22, 1, 1]| | King Sejong Station LE.SC2Replay|
299 200 22 |[22, 1, 1]| | King Sejong Station LE.SC2Replay|
300 200 22 |[22, 1, 2]| | King Sejong Station LE.SC2Replay|
301 200 22 |[22, 1, 2]| | King Sejong Station LE.SC2Replay|
302 200 22 |[22, 1, 2]| | King Sejong Station LE.SC2Replay|
303 200 22 |[22, 1, 2]| | King Sejong Station LE.SC2Replay|
304 250 22 |[22, 1, 2]| | King Sejong Station LE.SC2Replay|
305 300 22 |[22, 1, 2]| | King Sejong Station LE.SC2Replay|
306 350 22 |[22, 1, 2]| | King Sejong Station LE.SC2Replay|
307 400 22 |[22, 1, 2]| | King Sejong Station LE.SC2Replay|
308 400 22 |[22, 1, 2]| | King Sejong Station LE.SC2Replay|
309 400 22 |[22, 1, 2]| | King Sejong Station LE.SC2Replay|
310 400 22 |[22, 1, 2]| | King Sejong Station LE.SC2Replay|
311 400 22 |[22, 1, 2]| | King Sejong Station LE.SC2Replay|
312 400 22 |[22, 1, 2]| | King Sejong Station LE.SC2Replay|
313 400 22 |[22, 1, 2]| | King Sejong Station LE.SC2Replay|
314 400 22 |[22, 1, 2]| | King Sejong Station LE.SC2Replay|
315 400 22 |[22, 1, 2]| | King Sejong Station LE.SC2Replay|
316 400 22 |[22, 1, 2]| | King Sejong Station LE.SC2Replay|
317 400 22 |[22, 1, 2]| | King Sejong Station LE.SC2Replay|
318 400 22 |[22, 1, 2]| | King Sejong Station LE.SC2Replay|
319 400 22 |[22, 1, 2]| | King Sejong Station LE.SC2Replay|
320 450 22 |[22, 1, 2]| | King Sejong Station LE.SC2Replay|
321 500 22 |[22, 1, 2]| | King Sejong Station LE.SC2Replay|
322 500 22 |[22, 1, 2]| | King Sejong Station LE.SC2Replay|
323 500 22 |[22, 1, 2]| | King Sejong Station LE.SC2Replay|
324 500 22 |[22, 1, 2]| | King Sejong Station LE.SC2Replay|
325 500 22 |[22, 1, 2]| | King Sejong Station LE.SC2Replay|
326 500 22 |[22, 1, 2]| | King Sejong Station LE.SC2Replay|
327 500 22 |[22, 1, 2]| | King Sejong Station LE.SC2Replay|
328 500 22 |[22, 1, 2]| | King Sejong Station LE.SC2Replay|
329 500 22 |[22, 1, 2]| | King Sejong Station LE.SC2Replay|
330 500 22 |[22, 1, 2]| | King Sejong Station LE.SC2Replay|
331 500 22 |[22, 1, 2]| | King Sejong Station LE.SC2Replay|
332 500 22 |[22, 1, 2]| | King Sejong Station LE.SC2Replay|
333 500 22 |[22, 1, 2]| | King Sejong Station LE.SC2Replay|
334 500 22 |[22, 1, 2]| | King Sejong Station LE.SC2Replay|
335 500 22 |[22, 1, 2]| | King Sejong Station LE.SC2Replay|
336 500 22 |[22, 1, 2]| | King Sejong Station LE.SC2Replay|
337 500 22 |[22, 1, 2]| | King Sejong Station LE.SC2Replay|
338 500 23 |[23, 1, 2]| | King Sejong Station LE.SC2Replay|
339 500 24 |[24, 1, 2]| | King Sejong Station LE.SC2Replay|
340 500 25 |[25, 1, 2]| | King Sejong Station LE.SC2Replay|
341 500 25 |[25, 1, 2]| | King Sejong Station LE.SC2Replay|
342 500 25 |[25, 1, 2]| | King Sejong Station LE.SC2Replay|
343 500 25 |[25, 1, 2]| | King Sejong Station LE.SC2Replay|
344 500 25 |[25, 1, 2]| | King Sejong Station LE.SC2Replay|
345 500 25 |[25, 1, 2]| | King Sejong Station LE.SC2Replay|
346 500 25 |[25, 1, 2]| | King Sejong Station LE.SC2Replay|
347 500 26 |[26, 1, 2]| | King Sejong Station LE.SC2Replay|
348 500 27 |[27, 1, 2]| | King Sejong Station LE.SC2Replay|
349 500 28 |[28, 1, 2]| | King Sejong Station LE.SC2Replay|
350 500 29 |[29, 1, 2]| | King Sejong Station LE.SC2Replay|
351 500 30 |[30, 1, 2]| | King Sejong Station LE.SC2Replay|
352 500 31 |[31, 1, 2]| | King Sejong Station LE.SC2Replay|
353 500 32 |[32, 1, 2]| | King Sejong Station LE.SC2Replay|
354 500 32 |[32, 1, 2]| | King Sejong Station LE.SC2Replay|
355 500 32 |[32, 1, 2]| | King Sejong Station LE.SC2Replay|
356 500 32 |[32, 1, 2]| | King Sejong Station LE.SC2Replay|
357 500 32 |[32, 1, 2]| | King Sejong Station LE.SC2Replay|
358 500 32 |[32, 1, 2]| | King Sejong Station LE.SC2Replay|
359 500 32 |[32, 1, 2]| | King Sejong Station LE.SC2Replay|
360 500 32 |[32, 1, 2]| | King Sejong Station LE.SC2Replay|
361 500 32 |[32, 1, 2]| | King Sejong Station LE.SC2Replay|
362 500 32 |[32, 1, 2]| | King Sejong Station LE.SC2Replay|
363 500 32 |[32, 1, 2]| | King Sejong Station LE.SC2Replay|
364 500 32 |[32, 1, 2]| | King Sejong Station LE.SC2Replay|
365 500 32 |[32, 1, 2]| | King Sejong Station LE.SC2Replay|
366 500 32 |[32, 1, 2]| | King Sejong Station LE.SC2Replay|
367 500 32 |[32, 1, 2]| | King Sejong Station LE.SC2Replay|
368 500 32 |[32, 1, 2]| | King Sejong Station LE.SC2Replay|
369 500 32 |[32, 1, 2]| | King Sejong Station LE.SC2Replay|
370 500 32 |[32, 1, 2]| | King Sejong Station LE.SC2Replay|
371 500 32 |[32, 1, 2]| | King Sejong Station LE.SC2Replay|
372 500 32 |[32, 1, 2]| | King Sejong Station LE.SC2Replay|
373 500 32 |[32, 1, 2]| | King Sejong Station LE.SC2Replay|
374 500 32 |[32, 1, 2]| | King Sejong Station LE.SC2Replay|
375 500 32 |[32, 1, 2]| | King Sejong Station LE.SC2Replay|
376 500 32 |[32, 1, 2]| | King Sejong Station LE.SC2Replay|
377 500 32 |[32, 1, 2]| | King Sejong Station LE.SC2Replay|
378 500 32 |[32, 1, 2]| | King Sejong Station LE.SC2Replay|
379 500 32 |[32, 1, 2]| | King Sejong Station LE.SC2Replay|
380 500 32 |[32, 1, 2]| | King Sejong Station LE.SC2Replay|
381 500 32 |[32, 1, 2]| | King Sejong Station LE.SC2Replay|
382 500 32 |[32, 1, 2]| | King Sejong Station LE.SC2Replay|
383 500 32 |[32, 1, 2]| | King Sejong Station LE.SC2Replay|
384 500 33 |[33, 1, 2]| | King Sejong Station LE.SC2Replay|
385 500 34 |[34, 1, 2]| | King Sejong Station LE.SC2Replay|
386 500 34 |[34, 1, 2]| | King Sejong Station LE.SC2Replay|
387 500 34 |[34, 1, 2]| | King Sejong Station LE.SC2Replay|
388 500 34 |[34, 1, 2]| | King Sejong Station LE.SC2Replay|
389 500 34 |[34, 1, 2]| | King Sejong Station LE.SC2Replay|
390 500 34 |[34, 1, 2]| | King Sejong Station LE.SC2Replay|
391 500 34 |[34, 1, 2]| | King Sejong Station LE.SC2Replay|
392 500 34 |[34, 1, 2]| | King Sejong Station LE.SC2Replay|
393 500 34 |[34, 1, 2]| | King Sejong Station LE.SC2Replay|
394 500 34 |[34, 1, 2]| | King Sejong Station LE.SC2Replay|
395 500 34 |[34, 1, 2]| | King Sejong Station LE.SC2Replay|
396 500 34 |[34, 1, 2]| | King Sejong Station LE.SC2Replay|
397 500 34 |[34, 1, 2]| | King Sejong Station LE.SC2Replay|
398 500 34 |[34, 1, 2]| | King Sejong Station LE.SC2Replay|
399 500 35 |[35, 1, 2]| | King Sejong Station LE.SC2Replay|
400 500 36 |[36, 1, 2]| | King Sejong Station LE.SC2Replay|
401 500 36 |[36, 1, 2]| | King Sejong Station LE.SC2Replay|
402 500 36 |[36, 1, 2]| | King Sejong Station LE.SC2Replay|
403 500 36 |[36, 1, 2]| | King Sejong Station LE.SC2Replay|
404 500 36 |[36, 1, 2]| | King Sejong Station LE.SC2Replay|
405 500 36 |[36, 1, 2]| | King Sejong Station LE.SC2Replay|
406 500 36 |[36, 1, 2]| | King Sejong Station LE.SC2Replay|
407 500 36 |[36, 1, 2]| | King Sejong Station LE.SC2Replay|
408 500 36 |[36, 1, 2]| | King Sejong Station LE.SC2Replay|
409 500 36 |[36, 1, 2]| | King Sejong Station LE.SC2Replay|
410 500 37 |[37, 1, 2]| | King Sejong Station LE.SC2Replay|
411 500 37 |[37, 1, 2]| | King Sejong Station LE.SC2Replay|
412 500 37 |[37, 1, 2]| | King Sejong Station LE.SC2Replay|
413 500 37 |[37, 1, 2]| | King Sejong Station LE.SC2Replay|
414 500 37 |[37, 1, 2]| | King Sejong Station LE.SC2Replay|
415 500 37 |[37, 1, 2]| | King Sejong Station LE.SC2Replay|
416 500 37 |[37, 1, 2]| | King Sejong Station LE.SC2Replay|
417 500 37 |[37, 1, 2]| | King Sejong Station LE.SC2Replay|
418 500 37 |[37, 1, 2]| | King Sejong Station LE.SC2Replay|
419 500 37 |[37, 1, 2]| | King Sejong Station LE.SC2Replay|
420 500 37 |[37, 1, 2]| | King Sejong Station LE.SC2Replay|
421 500 37 |[37, 1, 2]| | King Sejong Station LE.SC2Replay|
422 500 37 |[37, 1, 2]| | King Sejong Station LE.SC2Replay|
423 500 38 |[38, 1, 2]| | King Sejong Station LE.SC2Replay|
424 500 38 |[38, 1, 2]| | King Sejong Station LE.SC2Replay|
425 500 38 |[38, 1, 2]| | King Sejong Station LE.SC2Replay|
426 550 38 |[38, 1, 2]| | King Sejong Station LE.SC2Replay|
427 600 38 |[38, 1, 2]| | King Sejong Station LE.SC2Replay|
428 650 38 |[38, 1, 2]| | King Sejong Station LE.SC2Replay|
429 700 38 |[38, 1, 2]| | King Sejong Station LE.SC2Replay|
430 750 38 |[38, 1, 2]| | King Sejong Station LE.SC2Replay|
431 800 38 |[38, 1, 2]| | King Sejong Station LE.SC2Replay|
432 850 38 |[38, 1, 2]| | King Sejong Station LE.SC2Replay|
433 900 38 |[38, 1, 2]| | King Sejong Station LE.SC2Replay|
434 950 38 |[38, 1, 2]| | King Sejong Station LE.SC2Replay|
435 1000 38 |[38, 1, 2]| | King Sejong Station LE.SC2Replay|
436 1050 38 |[38, 1, 2]| | King Sejong Station LE.SC2Replay|
437 1100 38 |[38, 1, 2]| | King Sejong Station LE.SC2Replay|
438 1150 38 |[38, 1, 2]| | King Sejong Station LE.SC2Replay|
439 1200 38 |[38, 1, 2]| | King Sejong Station LE.SC2Replay|
440 1200 39 |[39, 1, 2]| | King Sejong Station LE.SC2Replay|
441 1200 39 |[39, 1, 2]| | King Sejong Station LE.SC2Replay|
442 1200 39 |[39, 1, 2]| | King Sejong Station LE.SC2Replay|
443 1200 39 |[39, 1, 2]| | King Sejong Station LE.SC2Replay|
444 1200 39 |[39, 1, 2]| | King Sejong Station LE.SC2Replay|
445 1200 39 |[39, 1, 2]| | King Sejong Station LE.SC2Replay|
446 1200 40 |[40, 1, 2]| | King Sejong Station LE.SC2Replay|
447 1200 40 |[40, 1, 2]| | King Sejong Station LE.SC2Replay|
448 1200 40 |[40, 1, 2]| | King Sejong Station LE.SC2Replay|
449 1200 40 |[40, 1, 2]| | King Sejong Station LE.SC2Replay|
450 1200 40 |[40, 1, 2]| | King Sejong Station LE.SC2Replay|
451 1200 40 |[40, 1, 2]| | King Sejong Station LE.SC2Replay|
452 1200 40 |[40, 1, 2]| | King Sejong Station LE.SC2Replay|
453 1200 40 |[40, 1, 2]| | King Sejong Station LE.SC2Replay|
454 1200 40 |[40, 2, 2]| | King Sejong Station LE.SC2Replay|
455 1200 41 |[41, 2, 2]| | King Sejong Station LE.SC2Replay|
456 1200 41 |[41, 2, 2]| | King Sejong Station LE.SC2Replay|
457 1200 41 |[41, 2, 2]| | King Sejong Station LE.SC2Replay|
458 1200 42 |[42, 2, 2]| | King Sejong Station LE.SC2Replay|
459 1200 42 |[42, 2, 2]| | King Sejong Station LE.SC2Replay|
460 1200 42 |[42, 2, 2]| | King Sejong Station LE.SC2Replay|
461 1200 42 |[42, 2, 2]| | King Sejong Station LE.SC2Replay|
462 1200 43 |[43, 2, 2]| | King Sejong Station LE.SC2Replay|
463 1200 44 |[44, 2, 2]| | King Sejong Station LE.SC2Replay|
464 1200 44 |[44, 2, 2]| | King Sejong Station LE.SC2Replay|
465 1200 44 |[44, 2, 2]| | King Sejong Station LE.SC2Replay|
466 1200 44 |[44, 2, 2]| | King Sejong Station LE.SC2Replay|
467 1200 44 |[44, 2, 2]| | King Sejong Station LE.SC2Replay|
468 1200 44 |[44, 2, 2]| | King Sejong Station LE.SC2Replay|
469 1200 44 |[44, 2, 2]| | King Sejong Station LE.SC2Replay|
470 1200 44 |[44, 2, 2]| | King Sejong Station LE.SC2Replay|
471 1200 44 |[44, 2, 2]| | King Sejong Station LE.SC2Replay|
472 1200 44 |[44, 2, 2]| | King Sejong Station LE.SC2Replay|
473 1200 44 |[44, 2, 2]| | King Sejong Station LE.SC2Replay|
474 1200 45 |[45, 2, 2]| | King Sejong Station LE.SC2Replay|
475 1200 46 |[46, 2, 2]| | King Sejong Station LE.SC2Replay|
476 1200 47 |[47, 2, 2]| | King Sejong Station LE.SC2Replay|
477 1200 48 |[48, 2, 2]| | King Sejong Station LE.SC2Replay|
478 1200 49 |[49, 2, 2]| | King Sejong Station LE.SC2Replay|
479 1200 50 |[50, 2, 2]| | King Sejong Station LE.SC2Replay|
480 1200 50 |[50, 2, 2]| | King Sejong Station LE.SC2Replay|
481 1200 50 |[50, 2, 2]| | King Sejong Station LE.SC2Replay|
482 1200 50 |[50, 3, 2]| | King Sejong Station LE.SC2Replay|
483 1200 50 |[50, 3, 2]| | King Sejong Station LE.SC2Replay|
484 1200 50 |[50, 4, 2]| | King Sejong Station LE.SC2Replay|
485 1200 50 |[50, 4, 2]| | King Sejong Station LE.SC2Replay|
486 1200 50 |[50, 4, 2]| | King Sejong Station LE.SC2Replay|
487 1200 50 |[50, 4, 2]| | King Sejong Station LE.SC2Replay|
488 1200 50 |[50, 4, 2]| | King Sejong Station LE.SC2Replay|
489 1200 51 |[51, 4, 2]| | King Sejong Station LE.SC2Replay|
490 1200 52 |[52, 4, 2]| | King Sejong Station LE.SC2Replay|
491 1200 53 |[53, 4, 2]| | King Sejong Station LE.SC2Replay|
492 1200 54 |[54, 4, 2]| | King Sejong Station LE.SC2Replay|
493 1200 55 |[55, 4, 2]| | King Sejong Station LE.SC2Replay|
494 1200 56 |[56, 4, 2]| | King Sejong Station LE.SC2Replay|
495 1200 57 |[57, 4, 2]| | King Sejong Station LE.SC2Replay|
496 1200 58 |[58, 4, 2]| | King Sejong Station LE.SC2Replay|
497 1200 59 |[59, 4, 2]| | King Sejong Station LE.SC2Replay|
498 1200 60 |[60, 4, 2]| | King Sejong Station LE.SC2Replay|
499 1200 60 |[60, 4, 2]| | King Sejong Station LE.SC2Replay|
500 1200 60 |[60, 4, 2]| | King Sejong Station LE.SC2Replay|
501 1200 61 |[61, 4, 2]| | King Sejong Station LE.SC2Replay|
502 1200 62 |[62, 4, 2]| | King Sejong Station LE.SC2Replay|
503 1200 62 |[62, 4, 2]| | King Sejong Station LE.SC2Replay|
504 1200 63 |[63, 4, 2]| | King Sejong Station LE.SC2Replay|
505 1200 63 |[63, 4, 2]| | King Sejong Station LE.SC2Replay|
506 1200 64 |[64, 4, 2]| | King Sejong Station LE.SC2Replay|
507 1200 64 |[64, 4, 2]| | King Sejong Station LE.SC2Replay|
508 1200 64 |[64, 4, 2]| | King Sejong Station LE.SC2Replay|
509 1200 64 |[64, 4, 2]| | King Sejong Station LE.SC2Replay|
510 1200 65 |[65, 4, 2]| | King Sejong Station LE.SC2Replay|
511 1200 65 |[65, 4, 2]| | King Sejong Station LE.SC2Replay|
512 1200 66 |[66, 4, 2]| | King Sejong Station LE.SC2Replay|
513 1200 66 |[66, 4, 2]| | King Sejong Station LE.SC2Replay|
514 1200 66 |[66, 4, 2]| | King Sejong Station LE.SC2Replay|
515 1200 66 |[66, 4, 2]| | King Sejong Station LE.SC2Replay|
516 1200 66 |[66, 4, 2]| | King Sejong Station LE.SC2Replay|
517 1200 67 |[67, 4, 2]| | King Sejong Station LE.SC2Replay|
518 1200 68 |[68, 4, 2]| | King Sejong Station LE.SC2Replay|
519 1200 68 |[68, 4, 2]| | King Sejong Station LE.SC2Replay|
520 1200 68 |[68, 4, 2]| | King Sejong Station LE.SC2Replay|
521 1200 68 |[68, 4, 2]| | King Sejong Station LE.SC2Replay|
522 1200 68 |[68, 4, 2]| | King Sejong Station LE.SC2Replay|
523 1200 68 |[68, 4, 2]| | King Sejong Station LE.SC2Replay|
524 1200 68 |[68, 4, 2]| | King Sejong Station LE.SC2Replay|
525 1200 68 |[68, 4, 2]| | King Sejong Station LE.SC2Replay|
526 1200 68 |[68, 4, 2]| | King Sejong Station LE.SC2Replay|
527 1200 68 |[68, 4, 2]| | King Sejong Station LE.SC2Replay|
528 1200 68 |[68, 4, 2]| | King Sejong Station LE.SC2Replay|
529 1200 68 |[68, 4, 2]| | King Sejong Station LE.SC2Replay|
530 1200 68 |[68, 4, 2]| | King Sejong Station LE.SC2Replay|
531 1200 68 |[68, 4, 2]| | King Sejong Station LE.SC2Replay|
532 1200 68 |[68, 4, 2]| | King Sejong Station LE.SC2Replay|
533 1200 69 |[69, 4, 2]| | King Sejong Station LE.SC2Replay|
534 1200 69 |[69, 5, 2]| | King Sejong Station LE.SC2Replay|
535 1200 69 |[69, 6, 2]| | King Sejong Station LE.SC2Replay|
536 1200 70 |[70, 6, 2]| | King Sejong Station LE.SC2Replay|
537 1200 71 |[71, 6, 2]| | King Sejong Station LE.SC2Replay|
538 1200 72 |[72, 6, 2]| | King Sejong Station LE.SC2Replay|
539 1200 73 |[73, 6, 2]| | King Sejong Station LE.SC2Replay|
540 1200 74 |[74, 6, 2]| | King Sejong Station LE.SC2Replay|
541 1200 75 |[75, 6, 2]| | King Sejong Station LE.SC2Replay|
542 1200 75 |[75, 6, 2]| | King Sejong Station LE.SC2Replay|
543 1200 75 |[75, 6, 2]| | King Sejong Station LE.SC2Replay|
544 1200 75 |[75, 6, 2]| | King Sejong Station LE.SC2Replay|
545 1200 75 |[75, 6, 2]| | King Sejong Station LE.SC2Replay|
546 1200 75 |[75, 6, 2]| | King Sejong Station LE.SC2Replay|
547 1200 75 |[75, 6, 2]| | King Sejong Station LE.SC2Replay|
548 1200 75 |[75, 6, 2]| | King Sejong Station LE.SC2Replay|
549 1200 75 |[75, 6, 2]| | King Sejong Station LE.SC2Replay|
550 1200 76 |[76, 6, 2]| | King Sejong Station LE.SC2Replay|
551 1200 76 |[76, 6, 2]| | King Sejong Station LE.SC2Replay|
552 1200 76 |[76, 6, 2]| | King Sejong Station LE.SC2Replay|
553 1200 76 |[76, 6, 2]| | King Sejong Station LE.SC2Replay|
554 1200 76 |[76, 6, 2]| | King Sejong Station LE.SC2Replay|
555 1200 76 |[76, 6, 2]| | King Sejong Station LE.SC2Replay|
556 1200 76 |[76, 6, 2]| | King Sejong Station LE.SC2Replay|
557 1200 76 |[76, 6, 2]| | King Sejong Station LE.SC2Replay|
558 1200 76 |[76, 6, 2]| | King Sejong Station LE.SC2Replay|
559 1200 76 |[76, 6, 2]| | King Sejong Station LE.SC2Replay|
560 1200 76 |[76, 6, 2]| | King Sejong Station LE.SC2Replay|
561 1200 76 |[76, 6, 2]| | King Sejong Station LE.SC2Replay|
562 1200 76 |[76, 6, 2]| | King Sejong Station LE.SC2Replay|
563 1200 76 |[76, 6, 2]| | King Sejong Station LE.SC2Replay|
564 1200 76 |[76, 6, 2]| | King Sejong Station LE.SC2Replay|
565 1200 76 |[76, 6, 2]| | King Sejong Station LE.SC2Replay|
566 1200 77 |[77, 6, 2]| | King Sejong Station LE.SC2Replay|
567 1200 77 |[77, 6, 2]| | King Sejong Station LE.SC2Replay|
568 1200 77 |[77, 6, 2]| | King Sejong Station LE.SC2Replay|
569 1200 77 |[77, 6, 2]| | King Sejong Station LE.SC2Replay|
570 1200 77 |[77, 6, 2]| | King Sejong Station LE.SC2Replay|
571 1200 77 |[77, 6, 2]| | King Sejong Station LE.SC2Replay|
572 1200 77 |[77, 6, 2]| | King Sejong Station LE.SC2Replay|
573 1200 77 |[77, 6, 2]| | King Sejong Station LE.SC2Replay|
574 1200 78 |[78, 6, 2]| | King Sejong Station LE.SC2Replay|
575 1200 79 |[79, 6, 2]| | King Sejong Station LE.SC2Replay|
576 1200 80 |[80, 6, 2]| | King Sejong Station LE.SC2Replay|
577 1200 81 |[81, 6, 2]| | King Sejong Station LE.SC2Replay|
578 1200 82 |[82, 6, 2]| | King Sejong Station LE.SC2Replay|
579 1200 83 |[83, 6, 2]| | King Sejong Station LE.SC2Replay|
580 1200 84 |[84, 6, 2]| | King Sejong Station LE.SC2Replay|
581 1200 85 |[85, 6, 2]| | King Sejong Station LE.SC2Replay|
582 1200 86 |[86, 6, 2]| | King Sejong Station LE.SC2Replay|
583 1200 87 |[87, 6, 2]| | King Sejong Station LE.SC2Replay|
584 1200 88 |[88, 6, 2]| | King Sejong Station LE.SC2Replay|
585 1200 89 |[89, 6, 2]| | King Sejong Station LE.SC2Replay|
586 1200 90 |[90, 6, 2]| | King Sejong Station LE.SC2Replay|
587 1200 91 |[91, 6, 2]| | King Sejong Station LE.SC2Replay|
588 1200 91 |[91, 6, 2]| | King Sejong Station LE.SC2Replay|
589 1200 91 |[91, 6, 2]| | King Sejong Station LE.SC2Replay|
590 1200 91 |[91, 6, 2]| | King Sejong Station LE.SC2Replay|
591 1200 91 |[91, 6, 2]| | King Sejong Station LE.SC2Replay|
592 1200 91 |[91, 6, 2]| | King Sejong Station LE.SC2Replay|
593 1200 91 |[91, 6, 2]| | King Sejong Station LE.SC2Replay|
594 1200 91 |[91, 6, 2]| | King Sejong Station LE.SC2Replay|
595 1200 91 |[91, 6, 2]| | King Sejong Station LE.SC2Replay|
596 1200 91 |[91, 6, 2]| | King Sejong Station LE.SC2Replay|
597 1200 91 |[91, 6, 2]| | King Sejong Station LE.SC2Replay|
598 1200 91 |[91, 6, 2]| | King Sejong Station LE.SC2Replay|
599 1200 91 |[91, 6, 2]| | King Sejong Station LE.SC2Replay|
600 1200 91 |[91, 6, 2]| | King Sejong Station LE.SC2Replay|
601 1200 91 |[91, 6, 2]| | King Sejong Station LE.SC2Replay|
602 1200 91 |[91, 6, 2]| | King Sejong Station LE.SC2Replay|
603 1200 91 |[91, 6, 2]| | King Sejong Station LE.SC2Replay|
604 1200 91 |[91, 6, 2]| | King Sejong Station LE.SC2Replay|
605 1200 91 |[91, 6, 2]| | King Sejong Station LE.SC2Replay|
606 1200 91 |[91, 6, 2]| | King Sejong Station LE.SC2Replay|
607 1200 91 |[91, 6, 2]| | King Sejong Station LE.SC2Replay|
608 1200 91 |[91, 6, 2]| | King Sejong Station LE.SC2Replay|
609 1200 91 |[91, 6, 2]| | King Sejong Station LE.SC2Replay|
610 1200 91 |[91, 6, 2]| | King Sejong Station LE.SC2Replay|
611 1200 91 |[91, 6, 2]| | King Sejong Station LE.SC2Replay|
612 1200 91 |[91, 6, 2]| | King Sejong Station LE.SC2Replay|
613 1200 91 |[91, 6, 2]| | King Sejong Station LE.SC2Replay|
614 1200 91 |[91, 6, 2]| | King Sejong Station LE.SC2Replay|
615 1200 91 |[91, 6, 2]| | King Sejong Station LE.SC2Replay|
616 1200 91 |[91, 6, 2]| | King Sejong Station LE.SC2Replay|
617 1200 91 |[91, 6, 2]| | King Sejong Station LE.SC2Replay|
618 1200 91 |[91, 6, 2]| | King Sejong Station LE.SC2Replay|
619 1200 91 |[91, 6, 2]| | King Sejong Station LE.SC2Replay|
620 1200 91 |[91, 6, 2]| | King Sejong Station LE.SC2Replay|
621 1200 91 |[91, 6, 2]| | King Sejong Station LE.SC2Replay|
622 1200 91 |[91, 6, 2]| | King Sejong Station LE.SC2Replay|
623 1200 91 |[91, 6, 2]| | King Sejong Station LE.SC2Replay|
624 1200 91 |[91, 6, 2]| | King Sejong Station LE.SC2Replay|
625 1200 91 |[91, 6, 2]| | King Sejong Station LE.SC2Replay|
626 1200 91 |[91, 6, 2]| | King Sejong Station LE.SC2Replay|
627 1200 91 |[91, 6, 2]| | King Sejong Station LE.SC2Replay|
628 1200 91 |[91, 6, 2]| | King Sejong Station LE.SC2Replay|
629 1200 91 |[91, 6, 2]| | King Sejong Station LE.SC2Replay|
630 1200 91 |[91, 6, 2]| | King Sejong Station LE.SC2Replay|
631 1200 91 |[91, 6, 2]| | King Sejong Station LE.SC2Replay|
632 1200 91 |[91, 6, 3]| | King Sejong Station LE.SC2Replay|
633 1200 91 |[91, 6, 3]| | King Sejong Station LE.SC2Replay|
634 1200 91 |[91, 6, 3]| | King Sejong Station LE.SC2Replay|
635 1200 91 |[91, 6, 3]| | King Sejong Station LE.SC2Replay|
636 1200 91 |[91, 6, 3]| | King Sejong Station LE.SC2Replay|
637 1200 91 |[91, 6, 3]| | King Sejong Station LE.SC2Replay|
638 1200 91 |[91, 6, 3]| | King Sejong Station LE.SC2Replay|
639 1200 91 |[91, 6, 3]| | King Sejong Station LE.SC2Replay|
640 1200 91 |[91, 6, 3]| | King Sejong Station LE.SC2Replay|
641 1200 91 |[91, 6, 3]| | King Sejong Station LE.SC2Replay|
642 1200 91 |[91, 6, 3]| | King Sejong Station LE.SC2Replay|
643 1200 91 |[91, 6, 3]| | King Sejong Station LE.SC2Replay|
644 1200 91 |[91, 6, 3]| | King Sejong Station LE.SC2Replay|
645 1200 91 |[91, 6, 3]| | King Sejong Station LE.SC2Replay|
646 1200 91 |[91, 6, 3]| | King Sejong Station LE.SC2Replay|
647 1200 91 |[91, 6, 3]| | King Sejong Station LE.SC2Replay|
648 1200 91 |[91, 6, 3]| | King Sejong Station LE.SC2Replay|
649 1200 91 |[91, 6, 3]| | King Sejong Station LE.SC2Replay|
650 1200 91 |[91, 6, 3]| | King Sejong Station LE.SC2Replay|
651 1200 91 |[91, 6, 3]| | King Sejong Station LE.SC2Replay|
652 1200 91 |[91, 6, 3]| | King Sejong Station LE.SC2Replay|
653 1200 91 |[91, 6, 3]| | King Sejong Station LE.SC2Replay|
654 1200 91 |[91, 6, 3]| | King Sejong Station LE.SC2Replay|
655 1200 91 |[91, 6, 3]| | King Sejong Station LE.SC2Replay|
656 1200 91 |[91, 6, 3]| | King Sejong Station LE.SC2Replay|
657 1200 91 |[91, 6, 3]| | King Sejong Station LE.SC2Replay|
658 1200 91 |[91, 6, 3]| | King Sejong Station LE.SC2Replay|
659 1200 91 |[91, 6, 3]| | King Sejong Station LE.SC2Replay|
660 1200 91 |[91, 6, 3]| | King Sejong Station LE.SC2Replay|
661 1200 91 |[91, 6, 3]| | King Sejong Station LE.SC2Replay|
662 1250 91 |[91, 6, 3]| | King Sejong Station LE.SC2Replay|
663 1300 91 |[91, 6, 3]| | King Sejong Station LE.SC2Replay|
664 1350 91 |[91, 6, 3]| | King Sejong Station LE.SC2Replay|
665 1400 91 |[91, 6, 3]| | King Sejong Station LE.SC2Replay|
666 1400 91 |[91, 6, 3]| | King Sejong Station LE.SC2Replay|
667 1400 91 |[91, 6, 3]| | King Sejong Station LE.SC2Replay|
668 1400 91 |[91, 6, 3]| | King Sejong Station LE.SC2Replay|
669 1400 91 |[91, 6, 3]| | King Sejong Station LE.SC2Replay|
670 1400 91 |[91, 6, 4]| | King Sejong Station LE.SC2Replay|
671 1400 91 |[91, 6, 4]| | King Sejong Station LE.SC2Replay|
672 1400 91 |[91, 6, 4]| | King Sejong Station LE.SC2Replay|
673 1400 91 |[91, 6, 4]| | King Sejong Station LE.SC2Replay|
674 1400 91 |[91, 6, 4]| | King Sejong Station LE.SC2Replay|
675 1400 91 |[91, 6, 4]| | King Sejong Station LE.SC2Replay|
676 1400 91 |[91, 6, 4]| | King Sejong Station LE.SC2Replay|
677 1400 91 |[91, 6, 4]| | King Sejong Station LE.SC2Replay|
678 1400 91 |[91, 6, 4]| | King Sejong Station LE.SC2Replay|
679 1400 91 |[91, 6, 4]| | King Sejong Station LE.SC2Replay|
680 1400 91 |[91, 6, 4]| | King Sejong Station LE.SC2Replay|
681 1400 91 |[91, 6, 4]| | King Sejong Station LE.SC2Replay|
682 1400 91 |[91, 6, 4]| | King Sejong Station LE.SC2Replay|
683 1400 91 |[91, 6, 4]| | King Sejong Station LE.SC2Replay|
684 1400 91 |[91, 6, 4]| | King Sejong Station LE.SC2Replay|
685 1400 91 |[91, 6, 4]| | King Sejong Station LE.SC2Replay|
686 1400 91 |[91, 6, 4]| | King Sejong Station LE.SC2Replay|
687 1400 91 |[91, 6, 4]| | King Sejong Station LE.SC2Replay|
688 1400 91 |[91, 6, 4]| | King Sejong Station LE.SC2Replay|
689 1400 91 |[91, 6, 4]| | King Sejong Station LE.SC2Replay|
690 1400 91 |[91, 6, 4]| | King Sejong Station LE.SC2Replay|
691 1400 91 |[91, 6, 4]| | King Sejong Station LE.SC2Replay|
692 1400 91 |[91, 6, 4]| | King Sejong Station LE.SC2Replay|
693 1400 91 |[91, 6, 4]| | King Sejong Station LE.SC2Replay|
694 1400 91 |[91, 6, 4]| | King Sejong Station LE.SC2Replay|
695 1400 91 |[91, 6, 4]| | King Sejong Station LE.SC2Replay|
696 1400 91 |[91, 6, 4]| | King Sejong Station LE.SC2Replay|
697 1400 91 |[91, 6, 4]| | King Sejong Station LE.SC2Replay|
698 1400 91 |[91, 6, 4]| | King Sejong Station LE.SC2Replay|
699 1400 91 |[91, 6, 4]| | King Sejong Station LE.SC2Replay|
700 1400 91 |[91, 6, 4]| | King Sejong Station LE.SC2Replay|
701 1400 91 |[91, 6, 4]| | King Sejong Station LE.SC2Replay|
702 1400 91 |[91, 6, 4]| | King Sejong Station LE.SC2Replay|
703 1400 91 |[91, 6, 4]| | King Sejong Station LE.SC2Replay|
704 1400 91 |[91, 6, 4]| | King Sejong Station LE.SC2Replay|
705 1400 91 |[91, 6, 4]| | King Sejong Station LE.SC2Replay|
706 1400 91 |[91, 6, 4]| | King Sejong Station LE.SC2Replay|
707 1400 91 |[91, 6, 4]| | King Sejong Station LE.SC2Replay|
708 1400 91 |[91, 6, 4]| | King Sejong Station LE.SC2Replay|
709 1400 91 |[91, 6, 4]| | King Sejong Station LE.SC2Replay|
710 1400 91 |[91, 6, 4]| | King Sejong Station LE.SC2Replay|
711 1400 91 |[91, 7, 4]| | King Sejong Station LE.SC2Replay|
712 1400 91 |[91, 7, 4]| | King Sejong Station LE.SC2Replay|
713 1400 91 |[91, 7, 4]| | King Sejong Station LE.SC2Replay|
714 1400 91 |[91, 7, 4]| | King Sejong Station LE.SC2Replay|
715 1400 91 |[91, 7, 4]| | King Sejong Station LE.SC2Replay|
716 1400 91 |[91, 8, 4]| | King Sejong Station LE.SC2Replay|
717 1400 91 |[91, 8, 4]| | King Sejong Station LE.SC2Replay|
718 1400 91 |[91, 8, 4]| | King Sejong Station LE.SC2Replay|
719 1400 91 |[91, 8, 4]| | King Sejong Station LE.SC2Replay|
720 1400 91 |[91, 8, 4]| | King Sejong Station LE.SC2Replay|
721 1400 91 |[91, 8, 4]| | King Sejong Station LE.SC2Replay|
722 1400 91 |[91, 8, 4]| | King Sejong Station LE.SC2Replay|
723 1400 91 |[91, 8, 4]| | King Sejong Station LE.SC2Replay|
724 1400 91 |[91, 8, 4]| | King Sejong Station LE.SC2Replay|
725 1400 91 |[91, 8, 4]| | King Sejong Station LE.SC2Replay|
726 1400 91 |[91, 8, 4]| | King Sejong Station LE.SC2Replay|
727 1400 91 |[91, 8, 4]| | King Sejong Station LE.SC2Replay|
728 1400 91 |[91, 8, 4]| | King Sejong Station LE.SC2Replay|
729 1400 91 |[91, 8, 4]| | King Sejong Station LE.SC2Replay|
730 1400 91 |[91, 8, 4]| | King Sejong Station LE.SC2Replay|
731 1400 91 |[91, 8, 4]| | King Sejong Station LE.SC2Replay|
732 1400 91 |[91, 8, 4]| | King Sejong Station LE.SC2Replay|
733 1400 91 |[91, 8, 4]| | King Sejong Station LE.SC2Replay|
734 1450 91 |[91, 8, 4]| | King Sejong Station LE.SC2Replay|
735 1500 91 |[91, 8, 4]| | King Sejong Station LE.SC2Replay|
736 1550 91 |[91, 8, 4]| | King Sejong Station LE.SC2Replay|
737 1600 91 |[91, 8, 4]| | King Sejong Station LE.SC2Replay|
738 1650 91 |[91, 8, 4]| | King Sejong Station LE.SC2Replay|
739 1700 91 |[91, 8, 4]| | King Sejong Station LE.SC2Replay|
740 1750 91 |[91, 8, 4]| | King Sejong Station LE.SC2Replay|
741 1800 91 |[91, 8, 4]| | King Sejong Station LE.SC2Replay|
742 1850 91 |[91, 8, 4]| | King Sejong Station LE.SC2Replay|
743 1900 91 |[91, 8, 4]| | King Sejong Station LE.SC2Replay|
744 1950 91 |[91, 8, 4]| | King Sejong Station LE.SC2Replay|
745 2000 91 |[91, 8, 4]| | King Sejong Station LE.SC2Replay|
746 2050 91 |[91, 8, 4]| | King Sejong Station LE.SC2Replay|
747 2100 91 |[91, 8, 4]| | King Sejong Station LE.SC2Replay|
748 2150 91 |[91, 8, 4]| | King Sejong Station LE.SC2Replay|
749 2200 91 |[91, 8, 4]| | King Sejong Station LE.SC2Replay|
750 2200 91 |[91, 8, 4]| | King Sejong Station LE.SC2Replay|
751 2200 91 |[91, 8, 4]| | King Sejong Station LE.SC2Replay|
752 2200 91 |[91, 8, 4]| | King Sejong Station LE.SC2Replay|
753 2200 91 |[91, 8, 4]| | King Sejong Station LE.SC2Replay|
754 2200 91 |[91, 8, 4]| | King Sejong Station LE.SC2Replay|
755 2250 91 |[91, 8, 4]| | King Sejong Station LE.SC2Replay|
756 2300 91 |[91, 8, 4]| | King Sejong Station LE.SC2Replay|
757 2350 91 |[91, 8, 4]| | King Sejong Station LE.SC2Replay|
758 2400 91 |[91, 8, 4]| | King Sejong Station LE.SC2Replay|
759 2450 91 |[91, 8, 4]| | King Sejong Station LE.SC2Replay|
760 2500 91 |[91, 8, 4]| | King Sejong Station LE.SC2Replay|
761 2550 91 |[91, 8, 4]| | King Sejong Station LE.SC2Replay|
762 2600 91 |[91, 8, 4]| | King Sejong Station LE.SC2Replay|
763 2650 91 |[91, 8, 4]| | King Sejong Station LE.SC2Replay|
764 2700 91 |[91, 8, 4]| | King Sejong Station LE.SC2Replay|
765 2750 91 |[91, 8, 4]| | King Sejong Station LE.SC2Replay|
766 2800 91 |[91, 8, 4]| | King Sejong Station LE.SC2Replay|
767 2800 91 |[91, 8, 4]| | King Sejong Station LE.SC2Replay|
768 2800 91 |[91, 8, 4]| | King Sejong Station LE.SC2Replay|
769 2800 91 |[91, 8, 4]| | King Sejong Station LE.SC2Replay|
770 2800 91 |[91, 8, 4]| | King Sejong Station LE.SC2Replay|
771 2800 91 |[91, 8, 4]| | King Sejong Station LE.SC2Replay|
772 2800 91 |[91, 8, 4]| | King Sejong Station LE.SC2Replay|
773 2800 91 |[91, 8, 4]| | King Sejong Station LE.SC2Replay|
774 2800 91 |[91, 8, 4]| | King Sejong Station LE.SC2Replay|
775 2800 91 |[91, 8, 4]| | King Sejong Station LE.SC2Replay|
776 2800 91 |[91, 8, 4]| | King Sejong Station LE.SC2Replay|
777 2800 91 |[91, 8, 4]| | King Sejong Station LE.SC2Replay|
778 2800 91 |[91, 8, 4]| | King Sejong Station LE.SC2Replay|
779 2800 91 |[91, 8, 4]| | King Sejong Station LE.SC2Replay|
780 2800 91 |[91, 8, 4]| | King Sejong Station LE.SC2Replay|
781 2800 91 |[91, 8, 4]| | King Sejong Station LE.SC2Replay|
782 2800 91 |[91, 8, 4]| | King Sejong Station LE.SC2Replay|
783 2800 91 |[91, 8, 4]| | King Sejong Station LE.SC2Replay|
784 2800 91 |[91, 8, 4]| | King Sejong Station LE.SC2Replay|
785 2800 91 |[91, 8, 4]| | King Sejong Station LE.SC2Replay|
786 2800 91 |[91, 8, 4]| | King Sejong Station LE.SC2Replay|
787 2800 91 |[91, 8, 4]| | King Sejong Station LE.SC2Replay|
788 2800 91 |[91, 8, 4]| | King Sejong Station LE.SC2Replay|
789 2800 91 |[91, 8, 4]| | King Sejong Station LE.SC2Replay|
790 2800 92 |[92, 8, 4]| | King Sejong Station LE.SC2Replay|
791 2800 93 |[93, 8, 4]| | King Sejong Station LE.SC2Replay|
792 2800 94 |[94, 8, 4]| | King Sejong Station LE.SC2Replay|
793 2800 95 |[95, 8, 4]| | King Sejong Station LE.SC2Replay|
794 2800 96 |[96, 8, 4]| | King Sejong Station LE.SC2Replay|
795 2800 97 |[97, 8, 4]| | King Sejong Station LE.SC2Replay|
796 2800 97 |[97, 8, 4]| | King Sejong Station LE.SC2Replay|
797 2800 97 |[97, 8, 4]| | King Sejong Station LE.SC2Replay|
798 2800 97 |[97, 8, 4]| | King Sejong Station LE.SC2Replay|
799 2800 97 |[97, 8, 4]| | King Sejong Station LE.SC2Replay|
800 2800 97 |[97, 8, 4]| | King Sejong Station LE.SC2Replay|
801 2800 97 |[97, 8, 4]| | King Sejong Station LE.SC2Replay|
802 2800 97 |[97, 8, 4]| | King Sejong Station LE.SC2Replay|
803 2800 97 |[97, 8, 4]| | King Sejong Station LE.SC2Replay|
804 2800 97 |[97, 8, 4]| | King Sejong Station LE.SC2Replay|
805 2800 98 |[98, 8, 4]| | King Sejong Station LE.SC2Replay|
806 2800 98 |[98, 8, 4]| | King Sejong Station LE.SC2Replay|
807 2800 98 |[98, 8, 4]| | King Sejong Station LE.SC2Replay|
808 2800 98 |[98, 8, 4]| | King Sejong Station LE.SC2Replay|
809 2800 99 |[99, 8, 4]| | King Sejong Station LE.SC2Replay|
810 2800 99 |[99, 8, 4]| | King Sejong Station LE.SC2Replay|
811 2800 99 |[99, 8, 4]| | King Sejong Station LE.SC2Replay|
812 2800 99 |[99, 8, 4]| | King Sejong Station LE.SC2Replay|
813 2800 99 |[99, 8, 4]| | King Sejong Station LE.SC2Replay|
814 2800 99 |[99, 8, 4]| | King Sejong Station LE.SC2Replay|
815 2800 99 |[99, 8, 4]| | King Sejong Station LE.SC2Replay|
816 2800 99 |[99, 8, 4]| | King Sejong Station LE.SC2Replay|
817 2800 99 |[99, 8, 4]| | King Sejong Station LE.SC2Replay|
818 2800 99 |[99, 8, 4]| | King Sejong Station LE.SC2Replay|
819 2800 99 |[99, 8, 4]| | King Sejong Station LE.SC2Replay|
820 2800 99 |[99, 8, 4]| | King Sejong Station LE.SC2Replay|
821 2800 99 |[99, 8, 4]| | King Sejong Station LE.SC2Replay|
822 2800 99 |[99, 8, 4]| | King Sejong Station LE.SC2Replay|
823 2800 99 |[99, 8, 4]| | King Sejong Station LE.SC2Replay|
824 2800 99 |[99, 8, 4]| | King Sejong Station LE.SC2Replay|
825 2800 99 |[99, 8, 4]| | King Sejong Station LE.SC2Replay|
826 2800 99 |[99, 8, 4]| | King Sejong Station LE.SC2Replay|
827 2800 99 |[99, 8, 4]| | King Sejong Station LE.SC2Replay|
828 2800 99 |[99, 8, 4]| | King Sejong Station LE.SC2Replay|
829 2800 99 |[99, 8, 4]| | King Sejong Station LE.SC2Replay|
830 2800 99 |[99, 8, 4]| | King Sejong Station LE.SC2Replay|
831 2800 99 |[99, 8, 4]| | King Sejong Station LE.SC2Replay|
832 2800 99 |[99, 8, 4]| | King Sejong Station LE.SC2Replay|
833 2800 99 |[99, 8, 4]| | King Sejong Station LE.SC2Replay|
834 2800 100 |[100, 8, 4]| | King Sejong Station LE.SC2Replay|
835 2800 100 |[100, 8, 4]| | King Sejong Station LE.SC2Replay|
836 2800 100 |[100, 8, 4]| | King Sejong Station LE.SC2Replay|
837 2800 100 |[100, 9, 4]| | King Sejong Station LE.SC2Replay|
838 2800 100 |[100, 9, 4]| | King Sejong Station LE.SC2Replay|
839 2800 100 |[100, 9, 4]| | King Sejong Station LE.SC2Replay|
840 2800 100 |[100, 9, 4]| | King Sejong Station LE.SC2Replay|
841 2800 100 |[100, 9, 4]| | King Sejong Station LE.SC2Replay|
842 2800 100 |[100, 9, 4]| | King Sejong Station LE.SC2Replay|
843 2800 100 |[100, 9, 4]| | King Sejong Station LE.SC2Replay|
844 2800 101 |[101, 9, 4]| | King Sejong Station LE.SC2Replay|
845 2800 101 |[101, 9, 4]| | King Sejong Station LE.SC2Replay|
846 2800 101 |[101, 9, 4]| | King Sejong Station LE.SC2Replay|
847 2800 101 |[101, 9, 4]| | King Sejong Station LE.SC2Replay|
848 2800 101 |[101, 9, 4]| | King Sejong Station LE.SC2Replay|
849 2800 101 |[101, 9, 4]| | King Sejong Station LE.SC2Replay|
850 2800 101 |[101, 9, 4]| | King Sejong Station LE.SC2Replay|
851 2800 101 |[101, 9, 4]| | King Sejong Station LE.SC2Replay|
852 2800 101 |[101, 9, 4]| | King Sejong Station LE.SC2Replay|
853 2800 101 |[101, 9, 4]| | King Sejong Station LE.SC2Replay|
854 2800 101 |[101, 9, 5]| | King Sejong Station LE.SC2Replay|
855 2800 102 |[102, 9, 5]| | King Sejong Station LE.SC2Replay|
856 2800 102 |[102, 9, 5]| | King Sejong Station LE.SC2Replay|
857 2800 102 |[102, 9, 5]| | King Sejong Station LE.SC2Replay|
858 2800 102 |[102, 9, 5]| | King Sejong Station LE.SC2Replay|
859 2800 102 |[102, 9, 5]| | King Sejong Station LE.SC2Replay|
860 2800 102 |[102, 9, 5]| | King Sejong Station LE.SC2Replay|
861 2800 102 |[102, 9, 5]| | King Sejong Station LE.SC2Replay|
862 2800 102 |[102, 9, 5]| | King Sejong Station LE.SC2Replay|
863 2800 102 |[102, 9, 5]| | King Sejong Station LE.SC2Replay|
864 2800 102 |[102, 9, 5]| | King Sejong Station LE.SC2Replay|
865 2800 102 |[102, 9, 5]| | King Sejong Station LE.SC2Replay|
866 2800 102 |[102, 9, 5]| | King Sejong Station LE.SC2Replay|
867 2800 102 |[102, 9, 5]| | King Sejong Station LE.SC2Replay|
868 2800 102 |[102, 9, 5]| | King Sejong Station LE.SC2Replay|
869 2800 103 |[103, 9, 5]| | King Sejong Station LE.SC2Replay|
870 2800 103 |[103, 9, 5]| | King Sejong Station LE.SC2Replay|
871 2800 103 |[103, 9, 5]| | King Sejong Station LE.SC2Replay|
872 2800 103 |[103, 9, 5]| | King Sejong Station LE.SC2Replay|
873 2800 103 |[103, 9, 5]| | King Sejong Station LE.SC2Replay|
874 2800 103 |[103, 9, 5]| | King Sejong Station LE.SC2Replay|
875 2800 103 |[103, 9, 5]| | King Sejong Station LE.SC2Replay|
876 2800 103 |[103, 9, 5]| | King Sejong Station LE.SC2Replay|
877 2800 103 |[103, 9, 5]| | King Sejong Station LE.SC2Replay|
878 2800 103 |[103, 9, 5]| | King Sejong Station LE.SC2Replay|
879 2800 103 |[103, 9, 5]| | King Sejong Station LE.SC2Replay|
880 2800 103 |[103, 9, 5]| | King Sejong Station LE.SC2Replay|
881 2800 103 |[103, 9, 5]| | King Sejong Station LE.SC2Replay|
882 2800 103 |[103, 9, 5]| | King Sejong Station LE.SC2Replay|
883 2800 103 |[103, 9, 5]| | King Sejong Station LE.SC2Replay|
884 2800 103 |[103, 9, 5]| | King Sejong Station LE.SC2Replay|
885 2800 103 |[103, 9, 5]| | King Sejong Station LE.SC2Replay|
886 2800 103 |[103, 9, 5]| | King Sejong Station LE.SC2Replay|
887 2800 103 |[103, 9, 5]| | King Sejong Station LE.SC2Replay|
888 2800 103 |[103, 9, 5]| | King Sejong Station LE.SC2Replay|
889 2800 103 |[103, 9, 5]| | King Sejong Station LE.SC2Replay|
890 2800 103 |[103, 9, 5]| | King Sejong Station LE.SC2Replay|
891 2800 103 |[103, 9, 5]| | King Sejong Station LE.SC2Replay|
892 2800 103 |[103, 9, 5]| | King Sejong Station LE.SC2Replay|
893 2800 103 |[103, 9, 5]| | King Sejong Station LE.SC2Replay|
894 2800 103 |[103, 9, 5]| | King Sejong Station LE.SC2Replay|
895 2800 103 |[103, 9, 5]| | King Sejong Station LE.SC2Replay|
896 2800 103 |[103, 9, 5]| | King Sejong Station LE.SC2Replay|
897 2800 104 |[104, 9, 5]| | King Sejong Station LE.SC2Replay|
898 2800 105 |[105, 9, 5]| | King Sejong Station LE.SC2Replay|
899 2850 105 |[105, 9, 5]| | King Sejong Station LE.SC2Replay|
900 2900 105 |[105, 9, 5]| | King Sejong Station LE.SC2Replay|
901 2950 105 |[105, 9, 5]| | King Sejong Station LE.SC2Replay|
902 3000 105 |[105, 9, 5]| | King Sejong Station LE.SC2Replay|
903 3050 105 |[105, 9, 5]| | King Sejong Station LE.SC2Replay|
904 3100 105 |[105, 9, 5]| | King Sejong Station LE.SC2Replay|
905 3150 105 |[105, 9, 5]| | King Sejong Station LE.SC2Replay|
906 3200 105 |[105, 9, 5]| | King Sejong Station LE.SC2Replay|
907 3250 105 |[105, 9, 5]| | King Sejong Station LE.SC2Replay|
908 3300 105 |[105, 9, 5]| | King Sejong Station LE.SC2Replay|
909 3350 105 |[105, 9, 5]| | King Sejong Station LE.SC2Replay|
910 3400 105 |[105, 9, 5]| | King Sejong Station LE.SC2Replay|
911 3450 105 |[105, 9, 5]| | King Sejong Station LE.SC2Replay|
912 3500 105 |[105, 9, 5]| | King Sejong Station LE.SC2Replay|
913 3550 105 |[105, 9, 5]| | King Sejong Station LE.SC2Replay|
914 3600 105 |[105, 9, 5]| | King Sejong Station LE.SC2Replay|
915 3650 105 |[105, 9, 5]| | King Sejong Station LE.SC2Replay|
916 3700 105 |[105, 9, 5]| | King Sejong Station LE.SC2Replay|
917 3750 105 |[105, 9, 5]| | King Sejong Station LE.SC2Replay|
918 3800 105 |[105, 9, 5]| | King Sejong Station LE.SC2Replay|
919 3850 105 |[105, 9, 5]| | King Sejong Station LE.SC2Replay|
920 3900 105 |[105, 9, 5]| | King Sejong Station LE.SC2Replay|
921 3950 105 |[105, 9, 5]| | King Sejong Station LE.SC2Replay|
922 4000 105 |[105, 9, 5]| | King Sejong Station LE.SC2Replay|
923 4050 105 |[105, 9, 5]| | King Sejong Station LE.SC2Replay|
924 4100 105 |[105, 9, 5]| | King Sejong Station LE.SC2Replay|
925 4150 105 |[105, 9, 5]| | King Sejong Station LE.SC2Replay|
926 4200 105 |[105, 9, 5]| | King Sejong Station LE.SC2Replay|
927 4250 105 |[105, 9, 5]| | King Sejong Station LE.SC2Replay|
928 4300 105 |[105, 9, 5]| | King Sejong Station LE.SC2Replay|
929 4350 105 |[105, 9, 5]| | King Sejong Station LE.SC2Replay|
930 4400 105 |[105, 9, 5]| | King Sejong Station LE.SC2Replay|
931 4450 105 |[105, 9, 5]| | King Sejong Station LE.SC2Replay|
932 4500 105 |[105, 9, 5]| | King Sejong Station LE.SC2Replay|
933 4550 105 |[105, 9, 5]| | King Sejong Station LE.SC2Replay|
934 4600 105 |[105, 9, 5]| | King Sejong Station LE.SC2Replay|
935 4650 105 |[105, 9, 5]| | King Sejong Station LE.SC2Replay|
936 4700 105 |[105, 9, 5]| | King Sejong Station LE.SC2Replay|
937 4750 105 |[105, 9, 5]| | King Sejong Station LE.SC2Replay|
938 4800 105 |[105, 9, 5]| | King Sejong Station LE.SC2Replay|
939 4850 105 |[105, 9, 5]| | King Sejong Station LE.SC2Replay|
940 4900 105 |[105, 9, 5]| | King Sejong Station LE.SC2Replay|
941 4900 106 |[106, 9, 5]| | King Sejong Station LE.SC2Replay|
942 4900 106 |[106, 9, 5]| | King Sejong Station LE.SC2Replay|
943 4900 106 |[106, 9, 5]| | King Sejong Station LE.SC2Replay|
944 4900 107 |[107, 9, 5]| | King Sejong Station LE.SC2Replay|
945 4900 108 |[108, 9, 5]| | King Sejong Station LE.SC2Replay|
946 4900 109 |[109, 9, 5]| | King Sejong Station LE.SC2Replay|
947 4900 109 |[109, 9, 5]| | King Sejong Station LE.SC2Replay|
948 4900 109 |[109, 9, 5]| | King Sejong Station LE.SC2Replay|
949 4900 109 |[109, 9, 5]| | King Sejong Station LE.SC2Replay|
950 4900 110 |[110, 9, 5]| | King Sejong Station LE.SC2Replay|
951 4900 110 |[110, 9, 5]| | King Sejong Station LE.SC2Replay|
952 4900 110 |[110, 9, 5]| | King Sejong Station LE.SC2Replay|
953 4900 110 |[110, 9, 5]| | King Sejong Station LE.SC2Replay|
954 4900 110 |[110, 9, 5]| | King Sejong Station LE.SC2Replay|
955 4900 110 |[110, 9, 5]| | King Sejong Station LE.SC2Replay|
956 4900 110 |[110, 9, 5]| | King Sejong Station LE.SC2Replay|
957 4900 110 |[110, 9, 5]| | King Sejong Station LE.SC2Replay|
958 4900 110 |[110, 9, 5]| | King Sejong Station LE.SC2Replay|
959 4900 110 |[110, 9, 5]| | King Sejong Station LE.SC2Replay|
960 4900 110 |[110, 9, 5]| | King Sejong Station LE.SC2Replay|
961 4900 110 |[110, 9, 5]| | King Sejong Station LE.SC2Replay|
962 4900 110 |[110, 9, 5]| | King Sejong Station LE.SC2Replay|
963 4900 110 |[110, 9, 5]| | King Sejong Station LE.SC2Replay|
964 4900 110 |[110, 9, 5]| | King Sejong Station LE.SC2Replay|
965 4900 110 |[110, 9, 5]| | King Sejong Station LE.SC2Replay|
966 4900 110 |[110, 9, 5]| | King Sejong Station LE.SC2Replay|
967 4900 110 |[110, 9, 5]| | King Sejong Station LE.SC2Replay|
968 4900 110 |[110, 9, 5]| | King Sejong Station LE.SC2Replay|
969 4900 110 |[110, 9, 5]| | King Sejong Station LE.SC2Replay|
970 4900 110 |[110, 9, 5]| | King Sejong Station LE.SC2Replay|
971 4900 110 |[110, 9, 5]| | King Sejong Station LE.SC2Replay|
972 4900 110 |[110, 9, 5]| | King Sejong Station LE.SC2Replay|
973 4900 110 |[110, 9, 5]| | King Sejong Station LE.SC2Replay|
974 4900 110 |[110, 9, 5]| | King Sejong Station LE.SC2Replay|
975 4900 110 |[110, 9, 5]| | King Sejong Station LE.SC2Replay|
976 4900 110 |[110, 9, 5]| | King Sejong Station LE.SC2Replay|
977 4900 110 |[110, 9, 5]| | King Sejong Station LE.SC2Replay|
978 4900 110 |[110, 9, 5]| | King Sejong Station LE.SC2Replay|
979 4900 110 |[110, 9, 5]| | King Sejong Station LE.SC2Replay|
980 4900 110 |[110, 9, 5]| | King Sejong Station LE.SC2Replay|
981 4900 110 |[110, 9, 5]| | King Sejong Station LE.SC2Replay|
982 4900 110 |[110, 9, 5]| | King Sejong Station LE.SC2Replay|
983 4900 110 |[110, 9, 5]| | King Sejong Station LE.SC2Replay|
984 4900 110 |[110, 9, 5]| | King Sejong Station LE.SC2Replay|
985 4900 110 |[110, 9, 5]| | King Sejong Station LE.SC2Replay|
986 4900 110 |[110, 9, 5]| | King Sejong Station LE.SC2Replay|
987 4900 110 |[110, 9, 5]| | King Sejong Station LE.SC2Replay|
988 4900 110 |[110, 9, 5]| | King Sejong Station LE.SC2Replay|
989 4900 110 |[110, 9, 5]| | King Sejong Station LE.SC2Replay|
990 4900 110 |[110, 9, 5]| | King Sejong Station LE.SC2Replay|
991 4900 110 |[110, 9, 5]| | King Sejong Station LE.SC2Replay|
992 4900 110 |[110, 9, 5]| | King Sejong Station LE.SC2Replay|
993 4900 110 |[110, 9, 5]| | King Sejong Station LE.SC2Replay|
994 4900 110 |[110, 9, 5]| | King Sejong Station LE.SC2Replay|
995 4900 110 |[110, 9, 5]| | King Sejong Station LE.SC2Replay|
996 4900 110 |[110, 9, 5]| | King Sejong Station LE.SC2Replay|
997 4900 110 |[110, 9, 5]| | King Sejong Station LE.SC2Replay|
998 4900 110 |[110, 9, 5]| | King Sejong Station LE.SC2Replay|
999 4900 110 |[110, 9, 5]| | King Sejong Station LE.SC2Replay|
1000 4900 110 |[110, 9, 5]| | King Sejong Station LE.SC2Replay|
1001 4900 110 |[110, 9, 5]| | King Sejong Station LE.SC2Replay|
1002 4900 110 |[110, 9, 5]| | King Sejong Station LE.SC2Replay|
1003 4900 110 |[110, 9, 5]| | King Sejong Station LE.SC2Replay|
1004 4900 110 |[110, 9, 5]| | King Sejong Station LE.SC2Replay|
1005 4900 110 |[110, 9, 5]| | King Sejong Station LE.SC2Replay|
1006 4900 110 |[110, 9, 5]| | King Sejong Station LE.SC2Replay|
1007 4900 110 |[110, 9, 5]| | King Sejong Station LE.SC2Replay|
1008 4900 110 |[110, 9, 5]| | King Sejong Station LE.SC2Replay|
1009 4900 110 |[110, 9, 5]| | King Sejong Station LE.SC2Replay|
1010 4900 110 |[110, 9, 5]| | King Sejong Station LE.SC2Replay|
1011 4900 110 |[110, 9, 5]| | King Sejong Station LE.SC2Replay|
1012 4900 110 |[110, 9, 5]| | King Sejong Station LE.SC2Replay|
1013 4900 110 |[110, 9, 5]| | King Sejong Station LE.SC2Replay|
1014 4900 110 |[110, 9, 5]| | King Sejong Station LE.SC2Replay|
1015 4900 110 |[110, 9, 5]| | King Sejong Station LE.SC2Replay|
1016 4900 110 |[110, 9, 5]| | King Sejong Station LE.SC2Replay|
1017 4900 110 |[110, 9, 5]| | King Sejong Station LE.SC2Replay|
1018 4900 110 |[110, 9, 5]| | King Sejong Station LE.SC2Replay|
1019 4900 110 |[110, 9, 5]| | King Sejong Station LE.SC2Replay|
1020 4900 110 |[110, 9, 5]| | King Sejong Station LE.SC2Replay|
1021 4900 110 |[110, 9, 5]| | King Sejong Station LE.SC2Replay|
1022 4900 110 |[110, 9, 5]| | King Sejong Station LE.SC2Replay|
1023 4900 110 |[110, 9, 5]| | King Sejong Station LE.SC2Replay|
1024 4900 110 |[110, 9, 5]| | King Sejong Station LE.SC2Replay|
1025 4900 110 |[110, 9, 5]| | King Sejong Station LE.SC2Replay|
1026 4900 110 |[110, 9, 5]| | King Sejong Station LE.SC2Replay|
1027 4900 110 |[110, 9, 5]| | King Sejong Station LE.SC2Replay|
1028 4900 110 |[110, 9, 5]| | King Sejong Station LE.SC2Replay|
1029 4900 110 |[110, 9, 5]| | King Sejong Station LE.SC2Replay|
1030 4900 110 |[110, 9, 5]| | King Sejong Station LE.SC2Replay|
1031 4900 110 |[110, 9, 5]| | King Sejong Station LE.SC2Replay|
1032 4900 110 |[110, 9, 5]| | King Sejong Station LE.SC2Replay|
1033 4950 110 |[110, 9, 5]| | King Sejong Station LE.SC2Replay|
1034 5000 110 |[110, 9, 5]| | King Sejong Station LE.SC2Replay|
1035 5000 110 |[110, 9, 5]| | King Sejong Station LE.SC2Replay|
1036 5000 110 |[110, 9, 5]| | King Sejong Station LE.SC2Replay|
1037 5000 110 |[110, 9, 5]| | King Sejong Station LE.SC2Replay|
1038 5000 110 |[110, 9, 5]| | King Sejong Station LE.SC2Replay|
1039 5000 110 |[110, 9, 5]| | King Sejong Station LE.SC2Replay|
1040 5000 110 |[110, 9, 5]| | King Sejong Station LE.SC2Replay|
1041 5000 110 |[110, 9, 5]| | King Sejong Station LE.SC2Replay|
1042 5000 110 |[110, 9, 5]| | King Sejong Station LE.SC2Replay|
1043 5000 110 |[110, 9, 5]| | King Sejong Station LE.SC2Replay|
1044 5000 110 |[110, 9, 5]| | King Sejong Station LE.SC2Replay|
1045 5000 110 |[110, 9, 5]| | King Sejong Station LE.SC2Replay|
1046 5000 110 |[110, 9, 5]| | King Sejong Station LE.SC2Replay|
1047 5000 110 |[110, 9, 5]| | King Sejong Station LE.SC2Replay|
1048 5000 110 |[110, 9, 5]| | King Sejong Station LE.SC2Replay|
1049 5000 110 |[110, 9, 5]| | King Sejong Station LE.SC2Replay|
1050 5000 110 |[110, 9, 5]| | King Sejong Station LE.SC2Replay|
1051 5000 110 |[110, 9, 5]| | King Sejong Station LE.SC2Replay|
1052 5000 110 |[110, 9, 5]| | King Sejong Station LE.SC2Replay|
1053 5000 110 |[110, 9, 5]| | King Sejong Station LE.SC2Replay|
1054 5000 110 |[110, 9, 5]| | King Sejong Station LE.SC2Replay|
1055 5000 111 |[111, 9, 5]| | King Sejong Station LE.SC2Replay|
1056 5000 112 |[112, 9, 5]| | King Sejong Station LE.SC2Replay|
1057 5000 113 |[113, 9, 5]| | King Sejong Station LE.SC2Replay|
1058 5000 113 |[113, 9, 5]| | King Sejong Station LE.SC2Replay|
1059 5000 113 |[113, 9, 5]| | King Sejong Station LE.SC2Replay|
1060 5000 113 |[113, 9, 5]| | King Sejong Station LE.SC2Replay|
1061 5000 113 |[113, 9, 5]| | King Sejong Station LE.SC2Replay|
1062 5000 113 |[113, 9, 5]| | King Sejong Station LE.SC2Replay|
1063 5000 113 |[113, 9, 5]| | King Sejong Station LE.SC2Replay|
1064 5000 113 |[113, 9, 5]| | King Sejong Station LE.SC2Replay|
1065 5000 113 |[113, 9, 5]| | King Sejong Station LE.SC2Replay|
1066 5000 113 |[113, 9, 5]| | King Sejong Station LE.SC2Replay|
1067 5000 113 |[113, 9, 5]| | King Sejong Station LE.SC2Replay|
1068 5000 113 |[113, 9, 5]| | King Sejong Station LE.SC2Replay|
1069 5000 113 |[113, 9, 5]| | King Sejong Station LE.SC2Replay|
1070 5000 113 |[113, 9, 5]| | King Sejong Station LE.SC2Replay|
1071 5000 113 |[113, 9, 5]| | King Sejong Station LE.SC2Replay|
1072 5000 113 |[113, 9, 5]| | King Sejong Station LE.SC2Replay|
1073 5000 113 |[113, 9, 5]| | King Sejong Station LE.SC2Replay|
1074 5000 113 |[113, 9, 5]| | King Sejong Station LE.SC2Replay|
1075 5000 113 |[113, 9, 5]| | King Sejong Station LE.SC2Replay|
1076 5000 113 |[113, 9, 5]| | King Sejong Station LE.SC2Replay|
1077 5000 113 |[113, 9, 5]| | King Sejong Station LE.SC2Replay|
1078 5000 113 |[113, 9, 5]| | King Sejong Station LE.SC2Replay|
1079 5000 113 |[113, 9, 5]| | King Sejong Station LE.SC2Replay|
1080 5000 113 |[113, 9, 5]| | King Sejong Station LE.SC2Replay|
1081 5000 113 |[113, 9, 5]| | King Sejong Station LE.SC2Replay|
1082 5000 113 |[113, 9, 5]| | King Sejong Station LE.SC2Replay|
1083 5000 113 |[113, 9, 5]| | King Sejong Station LE.SC2Replay|
1084 5000 113 |[113, 9, 5]| | King Sejong Station LE.SC2Replay|
1085 5000 113 |[113, 9, 5]| | King Sejong Station LE.SC2Replay|
1086 5000 113 |[113, 9, 5]| | King Sejong Station LE.SC2Replay|
1087 5000 113 |[113, 9, 5]| | King Sejong Station LE.SC2Replay|
1088 5000 113 |[113, 9, 5]| | King Sejong Station LE.SC2Replay|
1089 5000 113 |[113, 9, 5]| | King Sejong Station LE.SC2Replay|
1090 5000 113 |[113, 9, 5]| | King Sejong Station LE.SC2Replay|
1091 5000 113 |[113, 9, 5]| | King Sejong Station LE.SC2Replay|
1092 5000 113 |[113, 9, 5]| | King Sejong Station LE.SC2Replay|
1093 5000 113 |[113, 9, 5]| | King Sejong Station LE.SC2Replay|
1094 5000 113 |[113, 9, 5]| | King Sejong Station LE.SC2Replay|
1095 5000 113 |[113, 9, 5]| | King Sejong Station LE.SC2Replay|
1096 5000 113 |[113, 9, 5]| | King Sejong Station LE.SC2Replay|
1097 5000 113 |[113, 9, 5]| | King Sejong Station LE.SC2Replay|
1098 5000 113 |[113, 9, 5]| | King Sejong Station LE.SC2Replay|
1099 5000 113 |[113, 9, 5]| | King Sejong Station LE.SC2Replay|
1100 5000 113 |[113, 9, 5]| | King Sejong Station LE.SC2Replay|
1101 5000 113 |[113, 9, 5]| | King Sejong Station LE.SC2Replay|
1102 5000 113 |[113, 9, 5]| | King Sejong Station LE.SC2Replay|
1103 5000 113 |[113, 9, 5]| | King Sejong Station LE.SC2Replay|
1104 5000 113 |[113, 9, 5]| | King Sejong Station LE.SC2Replay|
1105 5000 113 |[113, 9, 5]| | King Sejong Station LE.SC2Replay|
1106 5000 113 |[113, 9, 5]| | King Sejong Station LE.SC2Replay|
1107 5000 113 |[113, 9, 5]| | King Sejong Station LE.SC2Replay|
1108 5000 113 |[113, 9, 5]| | King Sejong Station LE.SC2Replay|
1109 5000 113 |[113, 9, 5]| | King Sejong Station LE.SC2Replay|
1110 5000 113 |[113, 9, 5]| | King Sejong Station LE.SC2Replay|
1111 5000 113 |[113, 9, 5]| | King Sejong Station LE.SC2Replay|
1112 5000 113 |[113, 9, 5]| | King Sejong Station LE.SC2Replay|
1113 5000 113 |[113, 9, 5]| | King Sejong Station LE.SC2Replay|
1114 5000 113 |[113, 9, 5]| | King Sejong Station LE.SC2Replay|
1115 5000 113 |[113, 9, 5]| | King Sejong Station LE.SC2Replay|
1116 5000 113 |[113, 9, 5]| | King Sejong Station LE.SC2Replay|
1117 5000 113 |[113, 9, 5]| | King Sejong Station LE.SC2Replay|
1118 5000 113 |[113, 9, 5]| | King Sejong Station LE.SC2Replay|
1119 5000 113 |[113, 9, 5]| | King Sejong Station LE.SC2Replay|
1120 5000 113 |[113, 9, 5]| | King Sejong Station LE.SC2Replay|
1121 5000 113 |[113, 9, 5]| | King Sejong Station LE.SC2Replay|
1122 5000 113 |[113, 9, 5]| | King Sejong Station LE.SC2Replay|
1123 5000 113 |[113, 9, 5]| | King Sejong Station LE.SC2Replay|
1124 5000 113 |[113, 9, 5]| | King Sejong Station LE.SC2Replay|
1125 5000 113 |[113, 9, 5]| | King Sejong Station LE.SC2Replay|
1126 5000 113 |[113, 9, 5]| | King Sejong Station LE.SC2Replay|
1127 5000 113 |[113, 9, 5]| | King Sejong Station LE.SC2Replay|
1128 5000 113 |[113, 9, 5]| | King Sejong Station LE.SC2Replay|
1129 5000 113 |[113, 9, 5]| | King Sejong Station LE.SC2Replay|
1130 5000 113 |[113, 9, 5]| | King Sejong Station LE.SC2Replay|
1131 5000 113 |[113, 9, 5]| | King Sejong Station LE.SC2Replay|
1132 5000 113 |[113, 9, 5]| | King Sejong Station LE.SC2Replay|
1133 5000 113 |[113, 9, 5]| | King Sejong Station LE.SC2Replay|
1134 5000 113 |[113, 9, 5]| | King Sejong Station LE.SC2Replay|
1135 5000 113 |[113, 9, 5]| | King Sejong Station LE.SC2Replay|
1136 5000 113 |[113, 9, 5]| | King Sejong Station LE.SC2Replay|
1137 5000 113 |[113, 9, 5]| | King Sejong Station LE.SC2Replay|
1138 5000 113 |[113, 9, 5]| | King Sejong Station LE.SC2Replay|
1139 5000 113 |[113, 9, 5]| | King Sejong Station LE.SC2Replay|
1140 5000 113 |[113, 9, 5]| | King Sejong Station LE.SC2Replay|
1141 5000 113 |[113, 9, 5]| | King Sejong Station LE.SC2Replay|
1142 5000 113 |[113, 9, 5]| | King Sejong Station LE.SC2Replay|
1143 5000 113 |[113, 9, 5]| | King Sejong Station LE.SC2Replay|
1144 5000 113 |[113, 9, 5]| | King Sejong Station LE.SC2Replay|
1145 5000 113 |[113, 9, 5]| | King Sejong Station LE.SC2Replay|
1146 5000 113 |[113, 9, 5]| | King Sejong Station LE.SC2Replay|
1147 5000 113 |[113, 9, 5]| | King Sejong Station LE.SC2Replay|
1148 5000 113 |[113, 9, 5]| | King Sejong Station LE.SC2Replay|
1149 5000 113 |[113, 9, 5]| | King Sejong Station LE.SC2Replay|
1150 5000 113 |[113, 9, 5]| | King Sejong Station LE.SC2Replay|
1151 5000 113 |[113, 9, 5]| | King Sejong Station LE.SC2Replay|
1152 5000 113 |[113, 9, 5]| | King Sejong Station LE.SC2Replay|
1153 5000 113 |[113, 9, 5]| | King Sejong Station LE.SC2Replay|
1154 5000 113 |[113, 9, 5]| | King Sejong Station LE.SC2Replay|
1155 5000 113 |[113, 9, 5]| | King Sejong Station LE.SC2Replay|
1156 5000 113 |[113, 9, 5]| | King Sejong Station LE.SC2Replay|
1157 5000 113 |[113, 9, 5]| | King Sejong Station LE.SC2Replay|
1158 5000 113 |[113, 9, 5]| | King Sejong Station LE.SC2Replay|
1159 5000 113 |[113, 9, 5]| | King Sejong Station LE.SC2Replay|
1160 5000 113 |[113, 9, 5]| | King Sejong Station LE.SC2Replay|
1161 5000 113 |[113, 9, 5]| | King Sejong Station LE.SC2Replay|
1162 5000 113 |[113, 9, 5]| | King Sejong Station LE.SC2Replay|
1163 5000 113 |[113, 9, 5]| | King Sejong Station LE.SC2Replay|
1164 5000 113 |[113, 9, 5]| | King Sejong Station LE.SC2Replay|
1165 5000 113 |[113, 9, 5]| | King Sejong Station LE.SC2Replay|
1166 5000 113 |[113, 9, 5]| | King Sejong Station LE.SC2Replay|
1167 5000 113 |[113, 9, 5]| | King Sejong Station LE.SC2Replay|
1168 5000 113 |[113, 9, 5]| | King Sejong Station LE.SC2Replay|
1169 5000 113 |[113, 9, 5]| | King Sejong Station LE.SC2Replay|
1170 5000 113 |[113, 9, 5]| | King Sejong Station LE.SC2Replay|
1171 5000 113 |[113, 9, 5]| | King Sejong Station LE.SC2Replay|
1172 5050 113 |[113, 9, 5]| | King Sejong Station LE.SC2Replay|
1173 5100 113 |[113, 9, 5]| | King Sejong Station LE.SC2Replay|
1174 5150 113 |[113, 9, 5]| | King Sejong Station LE.SC2Replay|
1175 5200 113 |[113, 9, 5]| | King Sejong Station LE.SC2Replay|
1176 5250 113 |[113, 9, 5]| | King Sejong Station LE.SC2Replay|
1177 5300 113 |[113, 9, 5]| | King Sejong Station LE.SC2Replay|
1178 5350 113 |[113, 9, 5]| | King Sejong Station LE.SC2Replay|
1179 5400 113 |[113, 9, 5]| | King Sejong Station LE.SC2Replay|
1180 5450 113 |[113, 9, 5]| | King Sejong Station LE.SC2Replay|
1181 5500 113 |[113, 9, 5]| | King Sejong Station LE.SC2Replay|
1182 5550 113 |[113, 9, 5]| | King Sejong Station LE.SC2Replay|
1183 5600 113 |[113, 9, 5]| | King Sejong Station LE.SC2Replay|
1184 5650 113 |[113, 9, 5]| | King Sejong Station LE.SC2Replay|
1185 5700 113 |[113, 9, 5]| | King Sejong Station LE.SC2Replay|
1186 5750 113 |[113, 9, 5]| | King Sejong Station LE.SC2Replay|
1187 5800 113 |[113, 9, 5]| | King Sejong Station LE.SC2Replay|
1188 5850 113 |[113, 9, 5]| | King Sejong Station LE.SC2Replay|
1189 5900 113 |[113, 9, 5]| | King Sejong Station LE.SC2Replay|
1190 5950 113 |[113, 9, 5]| | King Sejong Station LE.SC2Replay|
1191 6000 113 |[113, 9, 5]| | King Sejong Station LE.SC2Replay|
1192 6050 113 |[113, 9, 5]| | King Sejong Station LE.SC2Replay|
1193 6100 113 |[113, 9, 5]| | King Sejong Station LE.SC2Replay|
1194 6150 113 |[113, 9, 5]| | King Sejong Station LE.SC2Replay|
1195 6200 113 |[113, 9, 5]| | King Sejong Station LE.SC2Replay|
1196 6250 113 |[113, 9, 5]| | King Sejong Station LE.SC2Replay|
1197 6300 113 |[113, 9, 5]| | King Sejong Station LE.SC2Replay|
1198 6350 113 |[113, 9, 5]| | King Sejong Station LE.SC2Replay|
1199 6400 113 |[113, 9, 5]| | King Sejong Station LE.SC2Replay|
1200 6450 113 |[113, 9, 5]| | King Sejong Station LE.SC2Replay|
1201 6500 113 |[113, 9, 5]| | King Sejong Station LE.SC2Replay|
1202 6550 113 |[113, 9, 5]| | King Sejong Station LE.SC2Replay|
1203 6600 113 |[113, 9, 5]| | King Sejong Station LE.SC2Replay|
1204 6600 114 |[114, 9, 5]| | King Sejong Station LE.SC2Replay|
1205 6600 115 |[115, 9, 5]| | King Sejong Station LE.SC2Replay|
1206 6600 116 |[116, 9, 5]| | King Sejong Station LE.SC2Replay|
1207 6600 116 |[116, 10, 5]| | King Sejong Station LE.SC2Replay|
1208 6600 116 |[116, 11, 5]| | King Sejong Station LE.SC2Replay|
1209 6600 117 |[117, 11, 5]| | King Sejong Station LE.SC2Replay|
1210 6600 117 |[117, 11, 5]| | King Sejong Station LE.SC2Replay|
1211 6600 118 |[118, 11, 5]| | King Sejong Station LE.SC2Replay|
1212 6600 119 |[119, 11, 5]| | King Sejong Station LE.SC2Replay|
1213 6600 119 |[119, 11, 5]| | King Sejong Station LE.SC2Replay|
1214 6600 119 |[119, 11, 5]| | King Sejong Station LE.SC2Replay|
1215 6600 119 |[119, 11, 5]| | King Sejong Station LE.SC2Replay|
1216 6600 119 |[119, 11, 5]| | King Sejong Station LE.SC2Replay|
1217 6600 119 |[119, 11, 5]| | King Sejong Station LE.SC2Replay|
1218 6600 119 |[119, 11, 5]| | King Sejong Station LE.SC2Replay|
1219 6600 119 |[119, 11, 5]| | King Sejong Station LE.SC2Replay|
1220 6600 119 |[119, 11, 5]| | King Sejong Station LE.SC2Replay|
1221 6600 119 |[119, 11, 5]| | King Sejong Station LE.SC2Replay|
1222 6600 119 |[119, 11, 5]| | King Sejong Station LE.SC2Replay|
1223 6600 119 |[119, 11, 5]| | King Sejong Station LE.SC2Replay|
1224 6600 119 |[119, 11, 5]| | King Sejong Station LE.SC2Replay|
1225 6600 119 |[119, 11, 5]| | King Sejong Station LE.SC2Replay|
1226 6600 119 |[119, 11, 5]| | King Sejong Station LE.SC2Replay|
1227 6600 119 |[119, 11, 5]| | King Sejong Station LE.SC2Replay|
1228 6600 119 |[119, 11, 5]| | King Sejong Station LE.SC2Replay|
1229 6600 119 |[119, 11, 5]| | King Sejong Station LE.SC2Replay|
1230 6600 119 |[119, 11, 5]| | King Sejong Station LE.SC2Replay|
1231 6600 119 |[119, 11, 5]| | King Sejong Station LE.SC2Replay|
1232 6600 119 |[119, 11, 5]| | King Sejong Station LE.SC2Replay|
1233 6600 119 |[119, 11, 5]| | King Sejong Station LE.SC2Replay|
1234 6600 119 |[119, 11, 5]| | King Sejong Station LE.SC2Replay|
1235 6600 119 |[119, 11, 5]| | King Sejong Station LE.SC2Replay|
1236 6600 119 |[119, 11, 5]| | King Sejong Station LE.SC2Replay|
1237 6600 119 |[119, 11, 5]| | King Sejong Station LE.SC2Replay|
1238 6600 119 |[119, 11, 5]| | King Sejong Station LE.SC2Replay|
1239 6600 119 |[119, 11, 5]| | King Sejong Station LE.SC2Replay|
1240 6600 119 |[119, 11, 5]| | King Sejong Station LE.SC2Replay|
1241 6600 119 |[119, 11, 5]| | King Sejong Station LE.SC2Replay|
1242 6600 119 |[119, 11, 5]| | King Sejong Station LE.SC2Replay|
1243 6600 119 |[119, 11, 5]| | King Sejong Station LE.SC2Replay|
1244 6600 119 |[119, 11, 5]| | King Sejong Station LE.SC2Replay|
1245 6600 119 |[119, 11, 5]| | King Sejong Station LE.SC2Replay|
1246 6600 119 |[119, 11, 5]| | King Sejong Station LE.SC2Replay|
1247 6600 119 |[119, 11, 5]| | King Sejong Station LE.SC2Replay|
1248 6600 119 |[119, 11, 5]| | King Sejong Station LE.SC2Replay|
1249 6600 119 |[119, 11, 5]| | King Sejong Station LE.SC2Replay|
1250 6600 119 |[119, 11, 5]| | King Sejong Station LE.SC2Replay|
1251 6600 119 |[119, 11, 5]| | King Sejong Station LE.SC2Replay|
1252 6600 119 |[119, 11, 5]| | King Sejong Station LE.SC2Replay|
1253 6600 119 |[119, 11, 5]| | King Sejong Station LE.SC2Replay|
1254 6600 119 |[119, 11, 5]| | King Sejong Station LE.SC2Replay|
1255 6600 119 |[119, 11, 5]| | King Sejong Station LE.SC2Replay|
1256 6600 119 |[119, 11, 5]| | King Sejong Station LE.SC2Replay|
1257 6600 119 |[119, 11, 5]| | King Sejong Station LE.SC2Replay|
1258 6600 119 |[119, 11, 5]| | King Sejong Station LE.SC2Replay|
1259 6600 119 |[119, 11, 5]| | King Sejong Station LE.SC2Replay|
1260 6600 119 |[119, 11, 5]| | King Sejong Station LE.SC2Replay|
1261 6600 119 |[119, 11, 5]| | King Sejong Station LE.SC2Replay|
1262 6600 119 |[119, 11, 5]| | King Sejong Station LE.SC2Replay|
1263 6600 119 |[119, 11, 5]| | King Sejong Station LE.SC2Replay|
1264 6600 119 |[119, 11, 5]| | King Sejong Station LE.SC2Replay|
1265 6600 119 |[119, 11, 5]| | King Sejong Station LE.SC2Replay|
1266 6600 119 |[119, 11, 5]| | King Sejong Station LE.SC2Replay|
1267 6600 119 |[119, 11, 5]| | King Sejong Station LE.SC2Replay|
1268 6600 119 |[119, 11, 5]| | King Sejong Station LE.SC2Replay|
1269 6600 119 |[119, 11, 5]| | King Sejong Station LE.SC2Replay|
1270 6600 119 |[119, 11, 5]| | King Sejong Station LE.SC2Replay|
1271 6600 119 |[119, 11, 5]| | King Sejong Station LE.SC2Replay|
1272 6600 119 |[119, 11, 5]| | King Sejong Station LE.SC2Replay|
1273 6600 119 |[119, 11, 5]| | King Sejong Station LE.SC2Replay|
1274 6600 119 |[119, 11, 5]| | King Sejong Station LE.SC2Replay|
1275 6600 119 |[119, 11, 5]| | King Sejong Station LE.SC2Replay|
1276 6600 119 |[119, 11, 5]| | King Sejong Station LE.SC2Replay|
1277 6600 119 |[119, 11, 5]| | King Sejong Station LE.SC2Replay|
1278 6600 119 |[119, 11, 5]| | King Sejong Station LE.SC2Replay|
1279 6600 119 |[119, 11, 5]| | King Sejong Station LE.SC2Replay|
1280 6600 119 |[119, 11, 5]| | King Sejong Station LE.SC2Replay|
1281 6600 119 |[119, 11, 5]| | King Sejong Station LE.SC2Replay|
1282 6600 119 |[119, 11, 5]| | King Sejong Station LE.SC2Replay|
1283 6600 119 |[119, 11, 5]| | King Sejong Station LE.SC2Replay|
1284 6600 119 |[119, 11, 5]| | King Sejong Station LE.SC2Replay|
1285 6600 119 |[119, 11, 5]| | King Sejong Station LE.SC2Replay|
1286 6600 119 |[119, 11, 5]| | King Sejong Station LE.SC2Replay|
1287 6600 119 |[119, 11, 5]| | King Sejong Station LE.SC2Replay|
1288 6600 119 |[119, 11, 5]| | King Sejong Station LE.SC2Replay|
1289 6600 119 |[119, 11, 5]| | King Sejong Station LE.SC2Replay|
1290 6600 119 |[119, 11, 5]| | King Sejong Station LE.SC2Replay|
1291 6600 119 |[119, 11, 5]| | King Sejong Station LE.SC2Replay|
1292 6600 119 |[119, 11, 5]| | King Sejong Station LE.SC2Replay|
1293 6600 119 |[119, 11, 5]| | King Sejong Station LE.SC2Replay|
1294 6600 119 |[119, 11, 5]| | King Sejong Station LE.SC2Replay|
1295 6600 119 |[119, 11, 5]| | King Sejong Station LE.SC2Replay|
1296 6600 119 |[119, 11, 5]| | King Sejong Station LE.SC2Replay|
1297 6600 119 |[119, 11, 5]| | King Sejong Station LE.SC2Replay|
1298 6600 119 |[119, 11, 5]| | King Sejong Station LE.SC2Replay|
1299 6600 119 |[119, 11, 5]| | King Sejong Station LE.SC2Replay|
1300 6600 119 |[119, 11, 5]| | King Sejong Station LE.SC2Replay|
1301 6600 119 |[119, 11, 5]| | King Sejong Station LE.SC2Replay|
1302 6600 119 |[119, 11, 5]| | King Sejong Station LE.SC2Replay|
1303 6600 119 |[119, 11, 5]| | King Sejong Station LE.SC2Replay|
1304 6600 119 |[119, 11, 5]| | King Sejong Station LE.SC2Replay|
1305 6600 119 |[119, 11, 5]| | King Sejong Station LE.SC2Replay|
1306 6600 119 |[119, 11, 5]| | King Sejong Station LE.SC2Replay|
1307 6600 119 |[119, 11, 5]| | King Sejong Station LE.SC2Replay|
1308 6600 119 |[119, 11, 5]| | King Sejong Station LE.SC2Replay|
1309 6600 119 |[119, 11, 5]| | King Sejong Station LE.SC2Replay|
1310 6600 119 |[119, 11, 5]| | King Sejong Station LE.SC2Replay|
1311 6600 119 |[119, 11, 5]| | King Sejong Station LE.SC2Replay|
1312 6600 119 |[119, 11, 5]| | King Sejong Station LE.SC2Replay|
1313 6600 119 |[119, 11, 5]| | King Sejong Station LE.SC2Replay|
1314 6600 119 |[119, 11, 5]| | King Sejong Station LE.SC2Replay|
1315 6600 119 |[119, 11, 5]| | King Sejong Station LE.SC2Replay|
1316 6600 119 |[119, 11, 5]| | King Sejong Station LE.SC2Replay|
1317 6600 119 |[119, 11, 5]| | King Sejong Station LE.SC2Replay|
1318 6600 119 |[119, 11, 5]| | King Sejong Station LE.SC2Replay|
1319 6600 119 |[119, 11, 5]| | King Sejong Station LE.SC2Replay|
1320 6600 119 |[119, 11, 5]| | King Sejong Station LE.SC2Replay|
1321 6600 119 |[119, 11, 5]| | King Sejong Station LE.SC2Replay|
1322 6600 119 |[119, 11, 5]| | King Sejong Station LE.SC2Replay|
1323 6600 119 |[119, 11, 5]| | King Sejong Station LE.SC2Replay|
1324 6600 119 |[119, 11, 5]| | King Sejong Station LE.SC2Replay|
1325 6600 119 |[119, 11, 5]| | King Sejong Station LE.SC2Replay|
1326 6600 119 |[119, 11, 5]| | King Sejong Station LE.SC2Replay|
1327 6600 119 |[119, 11, 5]| | King Sejong Station LE.SC2Replay|
1328 6600 119 |[119, 11, 5]| | King Sejong Station LE.SC2Replay|
1329 6600 119 |[119, 11, 5]| | King Sejong Station LE.SC2Replay|
1330 6600 119 |[119, 11, 5]| | King Sejong Station LE.SC2Replay|
1331 6600 119 |[119, 11, 5]| | King Sejong Station LE.SC2Replay|
1332 6600 119 |[119, 11, 5]| | King Sejong Station LE.SC2Replay|
1333 6600 119 |[119, 11, 5]| | King Sejong Station LE.SC2Replay|
1334 6600 119 |[119, 11, 5]| | King Sejong Station LE.SC2Replay|
1335 6600 119 |[119, 11, 5]| | King Sejong Station LE.SC2Replay|
1336 6600 119 |[119, 11, 5]| | King Sejong Station LE.SC2Replay|
1337 6600 119 |[119, 11, 5]| | King Sejong Station LE.SC2Replay|
1338 6600 119 |[119, 11, 5]| | King Sejong Station LE.SC2Replay|
1339 6600 119 |[119, 11, 5]| | King Sejong Station LE.SC2Replay|
1340 6600 119 |[119, 11, 5]| | King Sejong Station LE.SC2Replay|
1341 6600 119 |[119, 11, 5]| | King Sejong Station LE.SC2Replay|
1342 6600 119 |[119, 11, 5]| | King Sejong Station LE.SC2Replay|
1343 6600 119 |[119, 11, 5]| | King Sejong Station LE.SC2Replay|
1344 6600 119 |[119, 11, 5]| | King Sejong Station LE.SC2Replay|
1345 6600 119 |[119, 11, 5]| | King Sejong Station LE.SC2Replay|
1346 6600 119 |[119, 11, 5]| | King Sejong Station LE.SC2Replay|
1347 6600 119 |[119, 11, 5]| | King Sejong Station LE.SC2Replay|
1348 6600 119 |[119, 11, 5]| | King Sejong Station LE.SC2Replay|
1349 6600 119 |[119, 11, 5]| | King Sejong Station LE.SC2Replay|
1350 6600 119 |[119, 11, 5]| | King Sejong Station LE.SC2Replay|
1351 6600 119 |[119, 11, 5]| | King Sejong Station LE.SC2Replay|
1352 6600 119 |[119, 11, 5]| | King Sejong Station LE.SC2Replay|
1353 6600 119 |[119, 11, 5]| | King Sejong Station LE.SC2Replay|
1354 6600 119 |[119, 11, 5]| | King Sejong Station LE.SC2Replay|
1355 6600 119 |[119, 11, 5]| | King Sejong Station LE.SC2Replay|
1356 6600 119 |[119, 11, 5]| | King Sejong Station LE.SC2Replay|
1357 6600 119 |[119, 11, 5]| | King Sejong Station LE.SC2Replay|
1358 6600 119 |[119, 11, 5]| | King Sejong Station LE.SC2Replay|
1359 6600 119 |[119, 11, 5]| | King Sejong Station LE.SC2Replay|
1360 6600 119 |[119, 11, 5]| | King Sejong Station LE.SC2Replay|
1361 6600 119 |[119, 11, 5]| | King Sejong Station LE.SC2Replay|
1362 6600 119 |[119, 11, 5]| | King Sejong Station LE.SC2Replay|
1363 6600 120 |[120, 11, 5]| | King Sejong Station LE.SC2Replay|
1364 6600 121 |[121, 11, 5]| | King Sejong Station LE.SC2Replay|
1365 6600 121 |[121, 11, 5]| | King Sejong Station LE.SC2Replay|
1366 6600 121 |[121, 11, 5]| | King Sejong Station LE.SC2Replay|
1367 6600 121 |[121, 11, 5]| | King Sejong Station LE.SC2Replay|
1368 6600 121 |[121, 11, 5]| | King Sejong Station LE.SC2Replay|
1369 6600 121 |[121, 11, 5]| | King Sejong Station LE.SC2Replay|
1370 6600 121 |[121, 11, 5]| | King Sejong Station LE.SC2Replay|
1371 6600 121 |[121, 11, 5]| | King Sejong Station LE.SC2Replay|
1372 6600 121 |[121, 11, 5]| | King Sejong Station LE.SC2Replay|
1373 6600 121 |[121, 11, 5]| | King Sejong Station LE.SC2Replay|
1374 6600 121 |[121, 11, 5]| | King Sejong Station LE.SC2Replay|
1375 6600 121 |[121, 11, 5]| | King Sejong Station LE.SC2Replay|
1376 6600 121 |[121, 11, 5]| | King Sejong Station LE.SC2Replay|
1377 6600 121 |[121, 11, 5]| | King Sejong Station LE.SC2Replay|
1378 6600 121 |[121, 11, 5]| | King Sejong Station LE.SC2Replay|
1379 6600 121 |[121, 11, 5]| | King Sejong Station LE.SC2Replay|
1380 6600 121 |[121, 11, 5]| | King Sejong Station LE.SC2Replay|
1381 6600 121 |[121, 11, 5]| | King Sejong Station LE.SC2Replay|
1382 6600 121 |[121, 11, 5]| | King Sejong Station LE.SC2Replay|
1383 6600 121 |[121, 11, 5]| | King Sejong Station LE.SC2Replay|
1384 6600 121 |[121, 11, 5]| | King Sejong Station LE.SC2Replay|
1385 6600 121 |[121, 11, 5]| | King Sejong Station LE.SC2Replay|
1386 6600 121 |[121, 11, 5]| | King Sejong Station LE.SC2Replay|
1387 6600 121 |[121, 11, 5]| | King Sejong Station LE.SC2Replay|
1388 6600 121 |[121, 11, 5]| | King Sejong Station LE.SC2Replay|
1389 6600 121 |[121, 11, 5]| | King Sejong Station LE.SC2Replay|
1390 6600 121 |[121, 11, 5]| | King Sejong Station LE.SC2Replay|
1391 6600 121 |[121, 11, 5]| | King Sejong Station LE.SC2Replay|
1392 6600 121 |[121, 11, 5]| | King Sejong Station LE.SC2Replay|
1393 6600 121 |[121, 11, 5]| | King Sejong Station LE.SC2Replay|
1394 6600 121 |[121, 11, 5]| | King Sejong Station LE.SC2Replay|
1395 6600 121 |[121, 11, 5]| | King Sejong Station LE.SC2Replay|
1396 6600 121 |[121, 11, 5]| | King Sejong Station LE.SC2Replay|
1397 6600 121 |[121, 11, 5]| | King Sejong Station LE.SC2Replay|
1398 6600 121 |[121, 11, 5]| | King Sejong Station LE.SC2Replay|
1399 6600 121 |[121, 11, 5]| | King Sejong Station LE.SC2Replay|
1400 6600 121 |[121, 11, 5]| | King Sejong Station LE.SC2Replay|
1401 6600 121 |[121, 11, 5]| | King Sejong Station LE.SC2Replay|
1402 6600 121 |[121, 11, 5]| | King Sejong Station LE.SC2Replay|
1403 6600 121 |[121, 11, 5]| | King Sejong Station LE.SC2Replay|
1404 6600 121 |[121, 11, 5]| | King Sejong Station LE.SC2Replay|
1405 6600 121 |[121, 11, 5]| | King Sejong Station LE.SC2Replay|
1406 6600 121 |[121, 11, 5]| | King Sejong Station LE.SC2Replay|
1407 6600 121 |[121, 11, 5]| | King Sejong Station LE.SC2Replay|
1408 6600 121 |[121, 11, 5]| | King Sejong Station LE.SC2Replay|
1409 6600 121 |[121, 11, 5]| | King Sejong Station LE.SC2Replay|
1410 6600 121 |[121, 11, 5]| | King Sejong Station LE.SC2Replay|
1411 6600 121 |[121, 11, 5]| | King Sejong Station LE.SC2Replay|
1412 6600 121 |[121, 11, 5]| | King Sejong Station LE.SC2Replay|
1413 6600 121 |[121, 11, 5]| | King Sejong Station LE.SC2Replay|
1414 6600 121 |[121, 11, 5]| | King Sejong Station LE.SC2Replay|
1415 6600 121 |[121, 11, 5]| | King Sejong Station LE.SC2Replay|
1416 6600 121 |[121, 11, 5]| | King Sejong Station LE.SC2Replay|
1417 6600 121 |[121, 11, 5]| | King Sejong Station LE.SC2Replay|
1418 6600 121 |[121, 11, 5]| | King Sejong Station LE.SC2Replay|
1419 6600 121 |[121, 11, 5]| | King Sejong Station LE.SC2Replay|
1420 6600 121 |[121, 11, 5]| | King Sejong Station LE.SC2Replay|
1421 6600 121 |[121, 11, 5]| | King Sejong Station LE.SC2Replay|
1422 6600 121 |[121, 11, 5]| | King Sejong Station LE.SC2Replay|
1423 6600 121 |[121, 11, 5]| | King Sejong Station LE.SC2Replay|
1424 6600 121 |[121, 11, 5]| | King Sejong Station LE.SC2Replay|
1425 6600 121 |[121, 11, 6]| | King Sejong Station LE.SC2Replay|
1426 6600 121 |[121, 11, 6]| | King Sejong Station LE.SC2Replay|
1427 6600 121 |[121, 11, 6]| | King Sejong Station LE.SC2Replay|
1428 6600 121 |[121, 11, 6]| | King Sejong Station LE.SC2Replay|
1429 6600 121 |[121, 11, 6]| | King Sejong Station LE.SC2Replay|
1430 6600 121 |[121, 11, 6]| | King Sejong Station LE.SC2Replay|
1431 6600 121 |[121, 11, 6]| | King Sejong Station LE.SC2Replay|
1432 6600 121 |[121, 11, 6]| | King Sejong Station LE.SC2Replay|
1433 6600 121 |[121, 11, 6]| | King Sejong Station LE.SC2Replay|
1434 6600 121 |[121, 11, 6]| | King Sejong Station LE.SC2Replay|
1435 6600 121 |[121, 11, 6]| | King Sejong Station LE.SC2Replay|
1436 6600 121 |[121, 11, 6]| | King Sejong Station LE.SC2Replay|
1437 6600 121 |[121, 11, 6]| | King Sejong Station LE.SC2Replay|
1438 6600 121 |[121, 11, 6]| | King Sejong Station LE.SC2Replay|
1439 6600 121 |[121, 11, 6]| | King Sejong Station LE.SC2Replay|
1440 6600 121 |[121, 11, 6]| | King Sejong Station LE.SC2Replay|
1441 6600 121 |[121, 11, 6]| | King Sejong Station LE.SC2Replay|
1442 6600 121 |[121, 11, 6]| | King Sejong Station LE.SC2Replay|
1443 6600 121 |[121, 11, 6]| | King Sejong Station LE.SC2Replay|
1444 6600 121 |[121, 11, 6]| | King Sejong Station LE.SC2Replay|
1445 6600 121 |[121, 11, 6]| | King Sejong Station LE.SC2Replay|
1446 6600 121 |[121, 11, 6]| | King Sejong Station LE.SC2Replay|
1447 6600 121 |[121, 11, 6]| | King Sejong Station LE.SC2Replay|
1448 6600 121 |[121, 11, 6]| | King Sejong Station LE.SC2Replay|
1449 6600 121 |[121, 11, 6]| | King Sejong Station LE.SC2Replay|
1450 6600 121 |[121, 11, 6]| | King Sejong Station LE.SC2Replay|
1451 6600 121 |[121, 11, 6]| | King Sejong Station LE.SC2Replay|
1452 6600 121 |[121, 11, 6]| | King Sejong Station LE.SC2Replay|
1453 6600 121 |[121, 11, 6]| | King Sejong Station LE.SC2Replay|
1454 6600 121 |[121, 11, 6]| | King Sejong Station LE.SC2Replay|
1455 6600 121 |[121, 11, 6]| | King Sejong Station LE.SC2Replay|
1456 6600 121 |[121, 11, 6]| | King Sejong Station LE.SC2Replay|
1457 6600 121 |[121, 11, 6]| | King Sejong Station LE.SC2Replay|
1458 6600 121 |[121, 11, 6]| | King Sejong Station LE.SC2Replay|
1459 6600 121 |[121, 11, 6]| | King Sejong Station LE.SC2Replay|
1460 6600 121 |[121, 11, 6]| | King Sejong Station LE.SC2Replay|
1461 6600 121 |[121, 11, 6]| | King Sejong Station LE.SC2Replay|
1462 6600 121 |[121, 11, 6]| | King Sejong Station LE.SC2Replay|
1463 6600 121 |[121, 11, 6]| | King Sejong Station LE.SC2Replay|
1464 6600 121 |[121, 11, 6]| | King Sejong Station LE.SC2Replay|
1465 6600 121 |[121, 11, 6]| | King Sejong Station LE.SC2Replay|
1466 6600 121 |[121, 11, 6]| | King Sejong Station LE.SC2Replay|
1467 6600 121 |[121, 11, 6]| | King Sejong Station LE.SC2Replay|
1468 6600 121 |[121, 11, 6]| | King Sejong Station LE.SC2Replay|
1469 6600 121 |[121, 11, 6]| | King Sejong Station LE.SC2Replay|
1470 6600 121 |[121, 11, 6]| | King Sejong Station LE.SC2Replay|
1471 6600 121 |[121, 11, 6]| | King Sejong Station LE.SC2Replay|
1472 6600 121 |[121, 11, 6]| | King Sejong Station LE.SC2Replay|
1473 6600 121 |[121, 11, 6]| | King Sejong Station LE.SC2Replay|
1474 6600 121 |[121, 11, 6]| | King Sejong Station LE.SC2Replay|
1475 6600 121 |[121, 11, 6]| | King Sejong Station LE.SC2Replay|
1476 6600 121 |[121, 11, 6]| | King Sejong Station LE.SC2Replay|
1477 6600 121 |[121, 11, 6]| | King Sejong Station LE.SC2Replay|
1478 6600 121 |[121, 11, 6]| | King Sejong Station LE.SC2Replay|
1479 6600 121 |[121, 11, 6]| | King Sejong Station LE.SC2Replay|
1480 6600 121 |[121, 11, 6]| | King Sejong Station LE.SC2Replay|
1481 6600 121 |[121, 11, 6]| | King Sejong Station LE.SC2Replay|
1482 6600 121 |[121, 11, 6]| | King Sejong Station LE.SC2Replay|
1483 6600 121 |[121, 11, 6]| | King Sejong Station LE.SC2Replay|
1484 6600 121 |[121, 11, 6]| | King Sejong Station LE.SC2Replay|
1485 6600 121 |[121, 11, 6]| | King Sejong Station LE.SC2Replay|
1486 6600 121 |[121, 11, 6]| | King Sejong Station LE.SC2Replay|
1487 6600 121 |[121, 11, 6]| | King Sejong Station LE.SC2Replay|
1488 6600 121 |[121, 11, 6]| | King Sejong Station LE.SC2Replay|
1489 6600 121 |[121, 11, 6]| | King Sejong Station LE.SC2Replay|
1490 6600 121 |[121, 11, 6]| | King Sejong Station LE.SC2Replay|
1491 6600 121 |[121, 11, 6]| | King Sejong Station LE.SC2Replay|
1492 6600 121 |[121, 11, 6]| | King Sejong Station LE.SC2Replay|
1493 6600 121 |[121, 11, 6]| | King Sejong Station LE.SC2Replay|
1494 6600 121 |[121, 11, 6]| | King Sejong Station LE.SC2Replay|
1495 6600 121 |[121, 11, 6]| | King Sejong Station LE.SC2Replay|
1496 6600 121 |[121, 11, 6]| | King Sejong Station LE.SC2Replay|
1497 6600 121 |[121, 11, 6]| | King Sejong Station LE.SC2Replay|
1498 6600 121 |[121, 11, 6]| | King Sejong Station LE.SC2Replay|
1499 6600 121 |[121, 11, 6]| | King Sejong Station LE.SC2Replay|
1500 6600 121 |[121, 11, 6]| | King Sejong Station LE.SC2Replay|
1501 6600 121 |[121, 11, 6]| | King Sejong Station LE.SC2Replay|
1502 6600 121 |[121, 11, 6]| | King Sejong Station LE.SC2Replay|
1503 6600 121 |[121, 11, 6]| | King Sejong Station LE.SC2Replay|
1504 6600 121 |[121, 11, 6]| | King Sejong Station LE.SC2Replay|
1505 6600 121 |[121, 11, 6]| | King Sejong Station LE.SC2Replay|
1506 6600 121 |[121, 11, 6]| | King Sejong Station LE.SC2Replay|
1507 6600 121 |[121, 11, 6]| | King Sejong Station LE.SC2Replay|
1508 6600 121 |[121, 11, 6]| | King Sejong Station LE.SC2Replay|
1509 6600 121 |[121, 11, 6]| | King Sejong Station LE.SC2Replay|
1510 6600 121 |[121, 11, 6]| | King Sejong Station LE.SC2Replay|
1511 6600 121 |[121, 11, 6]| | King Sejong Station LE.SC2Replay|
1512 6600 121 |[121, 11, 6]| | King Sejong Station LE.SC2Replay|
1513 6600 121 |[121, 11, 6]| | King Sejong Station LE.SC2Replay|
1514 6600 121 |[121, 11, 6]| | King Sejong Station LE.SC2Replay|
1515 6600 121 |[121, 11, 6]| | King Sejong Station LE.SC2Replay|
1516 6600 121 |[121, 11, 6]| | King Sejong Station LE.SC2Replay|
1517 6600 121 |[121, 11, 6]| | King Sejong Station LE.SC2Replay|
1518 6600 121 |[121, 11, 6]| | King Sejong Station LE.SC2Replay|
1519 6600 121 |[121, 11, 6]| | King Sejong Station LE.SC2Replay|
1520 6600 121 |[121, 11, 6]| | King Sejong Station LE.SC2Replay|
1521 6600 121 |[121, 11, 6]| | King Sejong Station LE.SC2Replay|
1522 6600 121 |[121, 11, 6]| | King Sejong Station LE.SC2Replay|
1523 6600 121 |[121, 11, 6]| | King Sejong Station LE.SC2Replay|
1524 6600 121 |[121, 11, 6]| | King Sejong Station LE.SC2Replay|
1525 6600 121 |[121, 11, 6]| | King Sejong Station LE.SC2Replay|
1526 6600 121 |[121, 11, 6]| | King Sejong Station LE.SC2Replay|
1527 6600 121 |[121, 11, 6]| | King Sejong Station LE.SC2Replay|
1528 6600 121 |[121, 11, 6]| | King Sejong Station LE.SC2Replay|
1529 6600 121 |[121, 11, 6]| | King Sejong Station LE.SC2Replay|
1530 6600 121 |[121, 11, 6]| | King Sejong Station LE.SC2Replay|
1531 6600 121 |[121, 11, 6]| | King Sejong Station LE.SC2Replay|
1532 6600 121 |[121, 11, 6]| | King Sejong Station LE.SC2Replay|
1533 6600 121 |[121, 11, 6]| | King Sejong Station LE.SC2Replay|
1534 6600 121 |[121, 11, 6]| | King Sejong Station LE.SC2Replay|
1535 6600 121 |[121, 11, 6]| | King Sejong Station LE.SC2Replay|
1536 6600 121 |[121, 11, 6]| | King Sejong Station LE.SC2Replay|
1537 6600 121 |[121, 11, 6]| | King Sejong Station LE.SC2Replay|
1538 6600 121 |[121, 11, 6]| | King Sejong Station LE.SC2Replay|
1539 6600 121 |[121, 11, 6]| | King Sejong Station LE.SC2Replay|
1540 6600 121 |[121, 11, 6]| | King Sejong Station LE.SC2Replay|
1541 6600 121 |[121, 11, 6]| | King Sejong Station LE.SC2Replay|
1542 6600 121 |[121, 11, 6]| | King Sejong Station LE.SC2Replay|
1543 6600 121 |[121, 11, 6]| | King Sejong Station LE.SC2Replay|
1544 6600 121 |[121, 11, 6]| | King Sejong Station LE.SC2Replay|
1545 6600 121 |[121, 11, 6]| | King Sejong Station LE.SC2Replay|
