0 0 1 |[1, 0, 0]| | Vaani Research Station.SC2Replay|
1 0 1 |[1, 0, 0]| | Vaani Research Station.SC2Replay|
2 0 1 |[1, 0, 0]| | Vaani Research Station.SC2Replay|
3 0 1 |[1, 0, 0]| | Vaani Research Station.SC2Replay|
4 0 1 |[1, 0, 0]| | Vaani Research Station.SC2Replay|
5 0 1 |[1, 0, 0]| | Vaani Research Station.SC2Replay|
6 0 1 |[1, 0, 0]| | Vaani Research Station.SC2Replay|
7 0 1 |[1, 0, 0]| | Vaani Research Station.SC2Replay|
8 0 1 |[1, 0, 0]| | Vaani Research Station.SC2Replay|
9 0 1 |[1, 0, 0]| | Vaani Research Station.SC2Replay|
10 0 1 |[1, 0, 0]| | Vaani Research Station.SC2Replay|
11 0 1 |[1, 0, 0]| | Vaani Research Station.SC2Replay|
12 0 1 |[1, 0, 0]| | Vaani Research Station.SC2Replay|
13 0 1 |[1, 0, 0]| | Vaani Research Station.SC2Replay|
14 0 1 |[1, 0, 0]| | Vaani Research Station.SC2Replay|
15 0 1 |[1, 0, 0]| | Vaani Research Station.SC2Replay|
16 0 2 |[2, 0, 0]| | Vaani Research Station.SC2Replay|
17 0 2 |[2, 0, 0]| | Vaani Research Station.SC2Replay|
18 0 2 |[2, 0, 0]| | Vaani Research Station.SC2Replay|
19 0 2 |[2, 0, 0]| | Vaani Research Station.SC2Replay|
20 0 2 |[2, 0, 0]| | Vaani Research Station.SC2Replay|
21 0 2 |[2, 0, 0]| | Vaani Research Station.SC2Replay|
22 0 2 |[2, 0, 0]| | Vaani Research Station.SC2Replay|
23 0 2 |[2, 0, 0]| | Vaani Research Station.SC2Replay|
24 0 2 |[2, 0, 0]| | Vaani Research Station.SC2Replay|
25 0 2 |[2, 0, 0]| | Vaani Research Station.SC2Replay|
26 0 2 |[2, 0, 0]| | Vaani Research Station.SC2Replay|
27 0 2 |[2, 0, 0]| | Vaani Research Station.SC2Replay|
28 0 3 |[3, 0, 0]| | Vaani Research Station.SC2Replay|
29 0 3 |[3, 0, 0]| | Vaani Research Station.SC2Replay|
30 0 3 |[3, 0, 0]| | Vaani Research Station.SC2Replay|
31 0 3 |[3, 0, 0]| | Vaani Research Station.SC2Replay|
32 0 3 |[3, 0, 0]| | Vaani Research Station.SC2Replay|
33 0 3 |[3, 0, 0]| | Vaani Research Station.SC2Replay|
34 0 3 |[3, 0, 0]| | Vaani Research Station.SC2Replay|
35 0 3 |[3, 0, 0]| | Vaani Research Station.SC2Replay|
36 0 3 |[3, 0, 0]| | Vaani Research Station.SC2Replay|
37 0 3 |[3, 0, 0]| | Vaani Research Station.SC2Replay|
38 0 3 |[3, 0, 0]| | Vaani Research Station.SC2Replay|
39 0 4 |[4, 0, 0]| | Vaani Research Station.SC2Replay|
40 0 4 |[4, 0, 0]| | Vaani Research Station.SC2Replay|
41 0 4 |[4, 0, 0]| | Vaani Research Station.SC2Replay|
42 0 4 |[4, 0, 0]| | Vaani Research Station.SC2Replay|
43 0 4 |[4, 0, 0]| | Vaani Research Station.SC2Replay|
44 0 4 |[4, 0, 0]| | Vaani Research Station.SC2Replay|
45 0 4 |[4, 0, 0]| | Vaani Research Station.SC2Replay|
46 0 4 |[4, 0, 0]| | Vaani Research Station.SC2Replay|
47 0 4 |[4, 0, 0]| | Vaani Research Station.SC2Replay|
48 0 4 |[4, 0, 0]| | Vaani Research Station.SC2Replay|
49 0 4 |[4, 0, 0]| | Vaani Research Station.SC2Replay|
50 0 4 |[4, 0, 0]| | Vaani Research Station.SC2Replay|
51 0 4 |[4, 0, 0]| | Vaani Research Station.SC2Replay|
52 0 4 |[4, 0, 0]| | Vaani Research Station.SC2Replay|
53 0 4 |[4, 0, 0]| | Vaani Research Station.SC2Replay|
54 0 4 |[4, 0, 0]| | Vaani Research Station.SC2Replay|
55 0 4 |[4, 0, 0]| | Vaani Research Station.SC2Replay|
56 0 4 |[4, 0, 0]| | Vaani Research Station.SC2Replay|
57 0 4 |[4, 0, 0]| | Vaani Research Station.SC2Replay|
58 0 4 |[4, 0, 0]| | Vaani Research Station.SC2Replay|
59 0 4 |[4, 0, 0]| | Vaani Research Station.SC2Replay|
60 0 4 |[4, 0, 0]| | Vaani Research Station.SC2Replay|
61 0 4 |[4, 0, 0]| | Vaani Research Station.SC2Replay|
62 0 4 |[4, 0, 0]| | Vaani Research Station.SC2Replay|
63 0 4 |[4, 0, 0]| | Vaani Research Station.SC2Replay|
64 0 4 |[4, 0, 0]| | Vaani Research Station.SC2Replay|
65 0 4 |[4, 1, 0]| | Vaani Research Station.SC2Replay|
66 0 5 |[5, 1, 0]| | Vaani Research Station.SC2Replay|
67 0 5 |[5, 1, 0]| | Vaani Research Station.SC2Replay|
68 0 5 |[5, 1, 0]| | Vaani Research Station.SC2Replay|
69 0 5 |[5, 1, 0]| | Vaani Research Station.SC2Replay|
70 0 5 |[5, 1, 0]| | Vaani Research Station.SC2Replay|
71 0 5 |[5, 1, 0]| | Vaani Research Station.SC2Replay|
72 0 5 |[5, 1, 0]| | Vaani Research Station.SC2Replay|
73 0 5 |[5, 1, 0]| | Vaani Research Station.SC2Replay|
74 0 5 |[5, 1, 0]| | Vaani Research Station.SC2Replay|
75 0 5 |[5, 1, 0]| | Vaani Research Station.SC2Replay|
76 0 5 |[5, 1, 0]| | Vaani Research Station.SC2Replay|
77 0 5 |[5, 1, 0]| | Vaani Research Station.SC2Replay|
78 0 5 |[5, 1, 0]| | Vaani Research Station.SC2Replay|
79 0 5 |[5, 1, 0]| | Vaani Research Station.SC2Replay|
80 0 5 |[5, 1, 0]| | Vaani Research Station.SC2Replay|
81 0 6 |[6, 1, 0]| | Vaani Research Station.SC2Replay|
82 0 7 |[7, 1, 0]| | Vaani Research Station.SC2Replay|
83 0 7 |[7, 1, 0]| | Vaani Research Station.SC2Replay|
84 0 7 |[7, 1, 0]| | Vaani Research Station.SC2Replay|
85 0 7 |[7, 1, 0]| | Vaani Research Station.SC2Replay|
86 0 7 |[7, 1, 0]| | Vaani Research Station.SC2Replay|
87 0 7 |[7, 1, 0]| | Vaani Research Station.SC2Replay|
88 0 7 |[7, 1, 0]| | Vaani Research Station.SC2Replay|
89 0 7 |[7, 1, 0]| | Vaani Research Station.SC2Replay|
90 0 7 |[7, 1, 0]| | Vaani Research Station.SC2Replay|
91 0 7 |[7, 1, 0]| | Vaani Research Station.SC2Replay|
92 0 8 |[8, 1, 0]| | Vaani Research Station.SC2Replay|
93 0 8 |[8, 1, 0]| | Vaani Research Station.SC2Replay|
94 0 8 |[8, 1, 0]| | Vaani Research Station.SC2Replay|
95 0 8 |[8, 1, 0]| | Vaani Research Station.SC2Replay|
96 0 8 |[8, 1, 0]| | Vaani Research Station.SC2Replay|
97 0 8 |[8, 1, 0]| | Vaani Research Station.SC2Replay|
98 0 8 |[8, 1, 0]| | Vaani Research Station.SC2Replay|
99 0 8 |[8, 1, 0]| | Vaani Research Station.SC2Replay|
100 0 8 |[8, 1, 0]| | Vaani Research Station.SC2Replay|
101 0 8 |[8, 1, 0]| | Vaani Research Station.SC2Replay|
102 0 8 |[8, 1, 0]| | Vaani Research Station.SC2Replay|
103 0 8 |[8, 1, 0]| | Vaani Research Station.SC2Replay|
104 0 8 |[8, 1, 0]| | Vaani Research Station.SC2Replay|
105 0 8 |[8, 1, 0]| | Vaani Research Station.SC2Replay|
106 0 8 |[8, 1, 0]| | Vaani Research Station.SC2Replay|
107 0 8 |[8, 1, 0]| | Vaani Research Station.SC2Replay|
108 0 9 |[9, 1, 0]| | Vaani Research Station.SC2Replay|
109 0 9 |[9, 1, 0]| | Vaani Research Station.SC2Replay|
110 0 9 |[9, 1, 0]| | Vaani Research Station.SC2Replay|
111 0 9 |[9, 1, 0]| | Vaani Research Station.SC2Replay|
112 0 9 |[9, 1, 0]| | Vaani Research Station.SC2Replay|
113 0 9 |[9, 1, 0]| | Vaani Research Station.SC2Replay|
114 0 9 |[9, 1, 0]| | Vaani Research Station.SC2Replay|
115 0 9 |[9, 1, 0]| | Vaani Research Station.SC2Replay|
116 0 9 |[9, 1, 0]| | Vaani Research Station.SC2Replay|
117 0 9 |[9, 1, 0]| | Vaani Research Station.SC2Replay|
118 0 9 |[9, 1, 0]| | Vaani Research Station.SC2Replay|
119 0 9 |[9, 1, 0]| | Vaani Research Station.SC2Replay|
120 0 9 |[9, 1, 0]| | Vaani Research Station.SC2Replay|
121 0 9 |[9, 1, 0]| | Vaani Research Station.SC2Replay|
122 0 9 |[9, 1, 0]| | Vaani Research Station.SC2Replay|
123 0 9 |[9, 1, 0]| | Vaani Research Station.SC2Replay|
124 0 9 |[9, 1, 0]| | Vaani Research Station.SC2Replay|
125 0 9 |[9, 1, 0]| | Vaani Research Station.SC2Replay|
126 0 9 |[9, 1, 0]| | Vaani Research Station.SC2Replay|
127 0 9 |[9, 1, 0]| | Vaani Research Station.SC2Replay|
128 0 9 |[9, 1, 0]| | Vaani Research Station.SC2Replay|
129 0 9 |[9, 1, 0]| | Vaani Research Station.SC2Replay|
130 0 9 |[9, 1, 0]| | Vaani Research Station.SC2Replay|
131 0 9 |[9, 1, 0]| | Vaani Research Station.SC2Replay|
132 0 9 |[9, 1, 0]| | Vaani Research Station.SC2Replay|
133 0 9 |[9, 1, 1]| | Vaani Research Station.SC2Replay|
134 0 9 |[9, 1, 1]| | Vaani Research Station.SC2Replay|
135 0 10 |[10, 1, 1]| | Vaani Research Station.SC2Replay|
136 0 10 |[10, 1, 1]| | Vaani Research Station.SC2Replay|
137 0 10 |[10, 1, 1]| | Vaani Research Station.SC2Replay|
138 0 10 |[10, 1, 1]| | Vaani Research Station.SC2Replay|
139 0 10 |[10, 1, 1]| | Vaani Research Station.SC2Replay|
140 0 11 |[11, 1, 1]| | Vaani Research Station.SC2Replay|
141 0 11 |[11, 1, 1]| | Vaani Research Station.SC2Replay|
142 0 11 |[11, 1, 1]| | Vaani Research Station.SC2Replay|
143 0 11 |[11, 1, 1]| | Vaani Research Station.SC2Replay|
144 0 11 |[11, 1, 1]| | Vaani Research Station.SC2Replay|
145 0 11 |[11, 1, 1]| | Vaani Research Station.SC2Replay|
146 0 11 |[11, 1, 1]| | Vaani Research Station.SC2Replay|
147 0 11 |[11, 1, 1]| | Vaani Research Station.SC2Replay|
148 0 11 |[11, 1, 1]| | Vaani Research Station.SC2Replay|
149 0 11 |[11, 1, 1]| | Vaani Research Station.SC2Replay|
150 0 11 |[11, 1, 1]| | Vaani Research Station.SC2Replay|
151 0 11 |[11, 1, 1]| | Vaani Research Station.SC2Replay|
152 0 11 |[11, 1, 1]| | Vaani Research Station.SC2Replay|
153 0 11 |[11, 1, 1]| | Vaani Research Station.SC2Replay|
154 0 11 |[11, 1, 1]| | Vaani Research Station.SC2Replay|
155 0 11 |[11, 1, 1]| | Vaani Research Station.SC2Replay|
156 0 11 |[11, 1, 1]| | Vaani Research Station.SC2Replay|
157 0 11 |[11, 1, 1]| | Vaani Research Station.SC2Replay|
158 0 12 |[12, 1, 1]| | Vaani Research Station.SC2Replay|
159 0 12 |[12, 1, 1]| | Vaani Research Station.SC2Replay|
160 0 12 |[12, 1, 1]| | Vaani Research Station.SC2Replay|
161 0 12 |[12, 1, 1]| | Vaani Research Station.SC2Replay|
162 0 12 |[12, 1, 1]| | Vaani Research Station.SC2Replay|
163 0 12 |[12, 1, 1]| | Vaani Research Station.SC2Replay|
164 0 12 |[12, 1, 1]| | Vaani Research Station.SC2Replay|
165 0 12 |[12, 1, 1]| | Vaani Research Station.SC2Replay|
166 0 12 |[12, 1, 1]| | Vaani Research Station.SC2Replay|
167 0 12 |[12, 1, 1]| | Vaani Research Station.SC2Replay|
168 0 12 |[12, 1, 1]| | Vaani Research Station.SC2Replay|
169 0 12 |[12, 1, 1]| | Vaani Research Station.SC2Replay|
170 0 12 |[12, 1, 1]| | Vaani Research Station.SC2Replay|
171 0 12 |[12, 1, 1]| | Vaani Research Station.SC2Replay|
172 0 13 |[13, 1, 1]| | Vaani Research Station.SC2Replay|
173 0 13 |[13, 1, 1]| | Vaani Research Station.SC2Replay|
174 0 13 |[13, 1, 1]| | Vaani Research Station.SC2Replay|
175 0 13 |[13, 1, 1]| | Vaani Research Station.SC2Replay|
176 0 13 |[13, 1, 1]| | Vaani Research Station.SC2Replay|
177 0 13 |[13, 1, 1]| | Vaani Research Station.SC2Replay|
178 0 13 |[13, 1, 1]| | Vaani Research Station.SC2Replay|
179 0 13 |[13, 1, 1]| | Vaani Research Station.SC2Replay|
180 0 13 |[13, 1, 1]| | Vaani Research Station.SC2Replay|
181 0 13 |[13, 1, 1]| | Vaani Research Station.SC2Replay|
182 0 13 |[13, 1, 1]| | Vaani Research Station.SC2Replay|
183 0 13 |[13, 1, 1]| | Vaani Research Station.SC2Replay|
184 0 13 |[13, 1, 1]| | Vaani Research Station.SC2Replay|
185 0 13 |[13, 1, 1]| | Vaani Research Station.SC2Replay|
186 0 13 |[13, 1, 1]| | Vaani Research Station.SC2Replay|
187 0 13 |[13, 1, 1]| | Vaani Research Station.SC2Replay|
188 0 13 |[13, 1, 1]| | Vaani Research Station.SC2Replay|
189 0 13 |[13, 1, 1]| | Vaani Research Station.SC2Replay|
190 0 13 |[13, 1, 1]| | Vaani Research Station.SC2Replay|
191 0 13 |[13, 1, 1]| | Vaani Research Station.SC2Replay|
192 0 13 |[13, 1, 1]| | Vaani Research Station.SC2Replay|
193 0 13 |[13, 1, 1]| | Vaani Research Station.SC2Replay|
194 0 13 |[13, 1, 1]| | Vaani Research Station.SC2Replay|
195 0 13 |[13, 1, 1]| | Vaani Research Station.SC2Replay|
196 0 13 |[13, 1, 1]| | Vaani Research Station.SC2Replay|
197 0 13 |[13, 1, 1]| | Vaani Research Station.SC2Replay|
198 0 13 |[13, 1, 1]| | Vaani Research Station.SC2Replay|
199 0 13 |[13, 1, 1]| | Vaani Research Station.SC2Replay|
200 0 13 |[13, 1, 2]| | Vaani Research Station.SC2Replay|
201 0 13 |[13, 1, 2]| | Vaani Research Station.SC2Replay|
202 0 13 |[13, 1, 2]| | Vaani Research Station.SC2Replay|
203 0 13 |[13, 1, 2]| | Vaani Research Station.SC2Replay|
204 0 13 |[13, 1, 2]| | Vaani Research Station.SC2Replay|
205 0 13 |[13, 1, 2]| | Vaani Research Station.SC2Replay|
206 0 13 |[13, 1, 2]| | Vaani Research Station.SC2Replay|
207 0 13 |[13, 1, 2]| | Vaani Research Station.SC2Replay|
208 0 13 |[13, 1, 2]| | Vaani Research Station.SC2Replay|
209 0 13 |[13, 1, 2]| | Vaani Research Station.SC2Replay|
210 0 13 |[13, 1, 2]| | Vaani Research Station.SC2Replay|
211 0 13 |[13, 1, 2]| | Vaani Research Station.SC2Replay|
212 0 13 |[13, 1, 2]| | Vaani Research Station.SC2Replay|
213 0 13 |[13, 1, 2]| | Vaani Research Station.SC2Replay|
214 0 13 |[13, 1, 2]| | Vaani Research Station.SC2Replay|
215 0 13 |[13, 1, 2]| | Vaani Research Station.SC2Replay|
216 0 13 |[13, 1, 2]| | Vaani Research Station.SC2Replay|
217 0 13 |[13, 1, 2]| | Vaani Research Station.SC2Replay|
218 0 13 |[13, 1, 2]| | Vaani Research Station.SC2Replay|
219 0 13 |[13, 1, 2]| | Vaani Research Station.SC2Replay|
220 0 13 |[13, 1, 2]| | Vaani Research Station.SC2Replay|
221 0 13 |[13, 1, 2]| | Vaani Research Station.SC2Replay|
222 0 13 |[13, 1, 2]| | Vaani Research Station.SC2Replay|
223 0 13 |[13, 1, 2]| | Vaani Research Station.SC2Replay|
224 0 13 |[13, 1, 2]| | Vaani Research Station.SC2Replay|
225 0 13 |[13, 1, 2]| | Vaani Research Station.SC2Replay|
226 0 13 |[13, 1, 2]| | Vaani Research Station.SC2Replay|
227 0 13 |[13, 1, 2]| | Vaani Research Station.SC2Replay|
228 0 13 |[13, 1, 2]| | Vaani Research Station.SC2Replay|
229 0 13 |[13, 1, 2]| | Vaani Research Station.SC2Replay|
230 0 13 |[13, 1, 2]| | Vaani Research Station.SC2Replay|
231 0 13 |[13, 1, 2]| | Vaani Research Station.SC2Replay|
232 0 13 |[13, 1, 2]| | Vaani Research Station.SC2Replay|
233 0 13 |[13, 1, 2]| | Vaani Research Station.SC2Replay|
234 0 13 |[13, 1, 2]| | Vaani Research Station.SC2Replay|
235 0 13 |[13, 1, 2]| | Vaani Research Station.SC2Replay|
236 0 13 |[13, 1, 2]| | Vaani Research Station.SC2Replay|
237 0 13 |[13, 1, 2]| | Vaani Research Station.SC2Replay|
238 0 13 |[13, 1, 2]| | Vaani Research Station.SC2Replay|
239 0 13 |[13, 1, 2]| | Vaani Research Station.SC2Replay|
240 0 13 |[13, 1, 2]| | Vaani Research Station.SC2Replay|
241 50 13 |[13, 1, 2]| | Vaani Research Station.SC2Replay|
242 100 13 |[13, 1, 2]| | Vaani Research Station.SC2Replay|
243 100 13 |[13, 1, 2]| | Vaani Research Station.SC2Replay|
244 100 13 |[13, 1, 2]| | Vaani Research Station.SC2Replay|
245 100 13 |[13, 1, 2]| | Vaani Research Station.SC2Replay|
246 100 13 |[13, 1, 2]| | Vaani Research Station.SC2Replay|
247 100 13 |[13, 1, 2]| | Vaani Research Station.SC2Replay|
248 150 13 |[13, 1, 2]| | Vaani Research Station.SC2Replay|
249 200 13 |[13, 1, 2]| | Vaani Research Station.SC2Replay|
250 200 13 |[13, 1, 2]| | Vaani Research Station.SC2Replay|
251 200 13 |[13, 1, 2]| | Vaani Research Station.SC2Replay|
252 250 13 |[13, 1, 2]| | Vaani Research Station.SC2Replay|
253 300 13 |[13, 1, 2]| | Vaani Research Station.SC2Replay|
254 300 13 |[13, 1, 2]| | Vaani Research Station.SC2Replay|
255 300 13 |[13, 1, 2]| | Vaani Research Station.SC2Replay|
256 300 13 |[13, 1, 2]| | Vaani Research Station.SC2Replay|
257 300 13 |[13, 1, 2]| | Vaani Research Station.SC2Replay|
258 300 13 |[13, 1, 2]| | Vaani Research Station.SC2Replay|
259 300 13 |[13, 1, 2]| | Vaani Research Station.SC2Replay|
260 300 13 |[13, 1, 2]| | Vaani Research Station.SC2Replay|
261 300 13 |[13, 1, 2]| | Vaani Research Station.SC2Replay|
262 300 13 |[13, 1, 2]| | Vaani Research Station.SC2Replay|
263 300 13 |[13, 1, 2]| | Vaani Research Station.SC2Replay|
264 300 13 |[13, 1, 2]| | Vaani Research Station.SC2Replay|
265 300 13 |[13, 1, 2]| | Vaani Research Station.SC2Replay|
266 300 13 |[13, 1, 2]| | Vaani Research Station.SC2Replay|
267 300 13 |[13, 1, 2]| | Vaani Research Station.SC2Replay|
268 300 13 |[13, 1, 2]| | Vaani Research Station.SC2Replay|
269 300 13 |[13, 1, 2]| | Vaani Research Station.SC2Replay|
270 300 13 |[13, 1, 2]| | Vaani Research Station.SC2Replay|
271 350 13 |[13, 1, 2]| | Vaani Research Station.SC2Replay|
272 400 13 |[13, 1, 2]| | Vaani Research Station.SC2Replay|
273 400 13 |[13, 1, 2]| | Vaani Research Station.SC2Replay|
274 400 13 |[13, 1, 2]| | Vaani Research Station.SC2Replay|
275 400 13 |[13, 1, 2]| | Vaani Research Station.SC2Replay|
276 400 13 |[13, 1, 2]| | Vaani Research Station.SC2Replay|
277 400 13 |[13, 1, 2]| | Vaani Research Station.SC2Replay|
278 400 13 |[13, 1, 2]| | Vaani Research Station.SC2Replay|
279 450 13 |[13, 1, 2]| | Vaani Research Station.SC2Replay|
280 500 13 |[13, 1, 2]| | Vaani Research Station.SC2Replay|
281 500 13 |[13, 1, 2]| | Vaani Research Station.SC2Replay|
282 500 13 |[13, 1, 2]| | Vaani Research Station.SC2Replay|
283 500 13 |[13, 1, 2]| | Vaani Research Station.SC2Replay|
284 500 13 |[13, 1, 2]| | Vaani Research Station.SC2Replay|
285 500 13 |[13, 1, 2]| | Vaani Research Station.SC2Replay|
286 500 13 |[13, 1, 2]| | Vaani Research Station.SC2Replay|
287 500 13 |[13, 1, 2]| | Vaani Research Station.SC2Replay|
288 500 13 |[13, 1, 2]| | Vaani Research Station.SC2Replay|
289 500 13 |[13, 1, 2]| | Vaani Research Station.SC2Replay|
290 500 13 |[13, 1, 2]| | Vaani Research Station.SC2Replay|
291 500 13 |[13, 1, 2]| | Vaani Research Station.SC2Replay|
292 500 13 |[13, 1, 2]| | Vaani Research Station.SC2Replay|
293 500 13 |[13, 1, 2]| | Vaani Research Station.SC2Replay|
294 550 13 |[13, 1, 2]| | Vaani Research Station.SC2Replay|
295 600 13 |[13, 1, 2]| | Vaani Research Station.SC2Replay|
296 600 13 |[13, 1, 2]| | Vaani Research Station.SC2Replay|
297 600 13 |[13, 1, 2]| | Vaani Research Station.SC2Replay|
298 600 13 |[13, 1, 2]| | Vaani Research Station.SC2Replay|
299 600 13 |[13, 1, 2]| | Vaani Research Station.SC2Replay|
300 600 13 |[13, 1, 2]| | Vaani Research Station.SC2Replay|
301 600 13 |[13, 1, 2]| | Vaani Research Station.SC2Replay|
302 600 13 |[13, 1, 2]| | Vaani Research Station.SC2Replay|
303 600 13 |[13, 1, 2]| | Vaani Research Station.SC2Replay|
304 600 13 |[13, 1, 2]| | Vaani Research Station.SC2Replay|
305 600 13 |[13, 1, 2]| | Vaani Research Station.SC2Replay|
306 600 14 |[14, 1, 2]| | Vaani Research Station.SC2Replay|
307 600 15 |[15, 1, 2]| | Vaani Research Station.SC2Replay|
308 600 16 |[16, 1, 2]| | Vaani Research Station.SC2Replay|
309 600 16 |[16, 1, 2]| | Vaani Research Station.SC2Replay|
310 600 16 |[16, 1, 2]| | Vaani Research Station.SC2Replay|
311 600 17 |[17, 1, 2]| | Vaani Research Station.SC2Replay|
312 600 17 |[17, 1, 2]| | Vaani Research Station.SC2Replay|
313 600 18 |[18, 1, 2]| | Vaani Research Station.SC2Replay|
314 600 18 |[18, 1, 2]| | Vaani Research Station.SC2Replay|
315 600 18 |[18, 1, 2]| | Vaani Research Station.SC2Replay|
316 600 18 |[18, 1, 2]| | Vaani Research Station.SC2Replay|
317 600 18 |[18, 1, 2]| | Vaani Research Station.SC2Replay|
318 600 18 |[18, 1, 2]| | Vaani Research Station.SC2Replay|
319 600 18 |[18, 1, 2]| | Vaani Research Station.SC2Replay|
320 600 18 |[18, 1, 2]| | Vaani Research Station.SC2Replay|
321 600 18 |[18, 1, 2]| | Vaani Research Station.SC2Replay|
322 600 18 |[18, 1, 2]| | Vaani Research Station.SC2Replay|
323 600 19 |[19, 1, 2]| | Vaani Research Station.SC2Replay|
324 600 19 |[19, 1, 2]| | Vaani Research Station.SC2Replay|
325 600 19 |[19, 1, 2]| | Vaani Research Station.SC2Replay|
326 600 19 |[19, 1, 2]| | Vaani Research Station.SC2Replay|
327 600 20 |[20, 1, 2]| | Vaani Research Station.SC2Replay|
328 600 20 |[20, 1, 2]| | Vaani Research Station.SC2Replay|
329 600 20 |[20, 1, 2]| | Vaani Research Station.SC2Replay|
330 600 20 |[20, 1, 2]| | Vaani Research Station.SC2Replay|
331 600 20 |[20, 1, 2]| | Vaani Research Station.SC2Replay|
332 600 20 |[20, 1, 2]| | Vaani Research Station.SC2Replay|
333 600 20 |[20, 1, 2]| | Vaani Research Station.SC2Replay|
334 600 20 |[20, 1, 2]| | Vaani Research Station.SC2Replay|
335 600 20 |[20, 1, 2]| | Vaani Research Station.SC2Replay|
336 600 20 |[20, 1, 2]| | Vaani Research Station.SC2Replay|
337 600 20 |[20, 1, 2]| | Vaani Research Station.SC2Replay|
338 600 20 |[20, 1, 2]| | Vaani Research Station.SC2Replay|
339 600 20 |[20, 1, 2]| | Vaani Research Station.SC2Replay|
340 600 21 |[21, 1, 2]| | Vaani Research Station.SC2Replay|
341 600 21 |[21, 1, 2]| | Vaani Research Station.SC2Replay|
342 600 21 |[21, 1, 2]| | Vaani Research Station.SC2Replay|
343 600 21 |[21, 1, 2]| | Vaani Research Station.SC2Replay|
344 600 21 |[21, 1, 2]| | Vaani Research Station.SC2Replay|
345 600 21 |[21, 1, 2]| | Vaani Research Station.SC2Replay|
346 600 21 |[21, 1, 2]| | Vaani Research Station.SC2Replay|
347 600 21 |[21, 1, 2]| | Vaani Research Station.SC2Replay|
348 600 21 |[21, 1, 2]| | Vaani Research Station.SC2Replay|
349 600 21 |[21, 1, 2]| | Vaani Research Station.SC2Replay|
350 600 21 |[21, 1, 2]| | Vaani Research Station.SC2Replay|
351 600 21 |[21, 1, 2]| | Vaani Research Station.SC2Replay|
352 600 21 |[21, 1, 2]| | Vaani Research Station.SC2Replay|
353 600 21 |[21, 1, 2]| | Vaani Research Station.SC2Replay|
354 600 21 |[21, 1, 2]| | Vaani Research Station.SC2Replay|
355 600 21 |[21, 1, 2]| | Vaani Research Station.SC2Replay|
356 600 21 |[21, 1, 2]| | Vaani Research Station.SC2Replay|
357 600 21 |[21, 1, 2]| | Vaani Research Station.SC2Replay|
358 600 21 |[21, 1, 2]| | Vaani Research Station.SC2Replay|
359 600 21 |[21, 1, 2]| | Vaani Research Station.SC2Replay|
360 600 21 |[21, 1, 2]| | Vaani Research Station.SC2Replay|
361 600 21 |[21, 1, 2]| | Vaani Research Station.SC2Replay|
362 600 22 |[22, 1, 2]| | Vaani Research Station.SC2Replay|
363 600 22 |[22, 1, 2]| | Vaani Research Station.SC2Replay|
364 600 22 |[22, 1, 2]| | Vaani Research Station.SC2Replay|
365 600 23 |[23, 1, 2]| | Vaani Research Station.SC2Replay|
366 600 23 |[23, 1, 2]| | Vaani Research Station.SC2Replay|
367 600 23 |[23, 1, 2]| | Vaani Research Station.SC2Replay|
368 600 23 |[23, 1, 2]| | Vaani Research Station.SC2Replay|
369 600 24 |[24, 1, 2]| | Vaani Research Station.SC2Replay|
370 600 24 |[24, 1, 2]| | Vaani Research Station.SC2Replay|
371 600 25 |[25, 1, 2]| | Vaani Research Station.SC2Replay|
372 600 25 |[25, 1, 2]| | Vaani Research Station.SC2Replay|
373 600 25 |[25, 1, 2]| | Vaani Research Station.SC2Replay|
374 600 25 |[25, 1, 2]| | Vaani Research Station.SC2Replay|
375 600 25 |[25, 1, 2]| | Vaani Research Station.SC2Replay|
376 600 25 |[25, 1, 2]| | Vaani Research Station.SC2Replay|
377 600 26 |[26, 1, 2]| | Vaani Research Station.SC2Replay|
378 600 27 |[27, 1, 2]| | Vaani Research Station.SC2Replay|
379 600 27 |[27, 1, 2]| | Vaani Research Station.SC2Replay|
380 600 27 |[27, 1, 2]| | Vaani Research Station.SC2Replay|
381 600 27 |[27, 1, 2]| | Vaani Research Station.SC2Replay|
382 600 27 |[27, 1, 2]| | Vaani Research Station.SC2Replay|
383 600 27 |[27, 1, 2]| | Vaani Research Station.SC2Replay|
384 600 28 |[28, 1, 2]| | Vaani Research Station.SC2Replay|
385 600 28 |[28, 1, 2]| | Vaani Research Station.SC2Replay|
386 600 28 |[28, 1, 2]| | Vaani Research Station.SC2Replay|
387 600 29 |[29, 1, 2]| | Vaani Research Station.SC2Replay|
388 600 29 |[29, 1, 2]| | Vaani Research Station.SC2Replay|
389 600 29 |[29, 1, 2]| | Vaani Research Station.SC2Replay|
390 600 29 |[29, 1, 2]| | Vaani Research Station.SC2Replay|
391 600 29 |[29, 1, 2]| | Vaani Research Station.SC2Replay|
392 600 29 |[29, 1, 2]| | Vaani Research Station.SC2Replay|
393 600 29 |[29, 1, 2]| | Vaani Research Station.SC2Replay|
394 600 29 |[29, 1, 2]| | Vaani Research Station.SC2Replay|
395 600 30 |[30, 1, 2]| | Vaani Research Station.SC2Replay|
396 600 30 |[30, 1, 2]| | Vaani Research Station.SC2Replay|
397 600 30 |[30, 1, 2]| | Vaani Research Station.SC2Replay|
398 600 30 |[30, 1, 2]| | Vaani Research Station.SC2Replay|
399 600 30 |[30, 1, 2]| | Vaani Research Station.SC2Replay|
400 600 30 |[30, 1, 2]| | Vaani Research Station.SC2Replay|
401 600 30 |[30, 1, 2]| | Vaani Research Station.SC2Replay|
402 600 30 |[30, 1, 2]| | Vaani Research Station.SC2Replay|
403 600 30 |[30, 1, 2]| | Vaani Research Station.SC2Replay|
404 600 30 |[30, 1, 2]| | Vaani Research Station.SC2Replay|
405 600 30 |[30, 1, 2]| | Vaani Research Station.SC2Replay|
406 600 30 |[30, 1, 2]| | Vaani Research Station.SC2Replay|
407 600 30 |[30, 1, 2]| | Vaani Research Station.SC2Replay|
408 600 30 |[30, 1, 2]| | Vaani Research Station.SC2Replay|
409 600 30 |[30, 1, 2]| | Vaani Research Station.SC2Replay|
410 600 30 |[30, 2, 2]| | Vaani Research Station.SC2Replay|
411 600 30 |[30, 3, 2]| | Vaani Research Station.SC2Replay|
412 600 30 |[30, 3, 2]| | Vaani Research Station.SC2Replay|
413 600 31 |[31, 3, 2]| | Vaani Research Station.SC2Replay|
414 600 32 |[32, 3, 2]| | Vaani Research Station.SC2Replay|
415 600 32 |[32, 3, 2]| | Vaani Research Station.SC2Replay|
416 600 32 |[32, 3, 2]| | Vaani Research Station.SC2Replay|
417 600 32 |[32, 3, 2]| | Vaani Research Station.SC2Replay|
418 600 32 |[32, 3, 2]| | Vaani Research Station.SC2Replay|
419 600 32 |[32, 3, 2]| | Vaani Research Station.SC2Replay|
420 600 32 |[32, 3, 2]| | Vaani Research Station.SC2Replay|
421 600 32 |[32, 3, 2]| | Vaani Research Station.SC2Replay|
422 600 32 |[32, 3, 2]| | Vaani Research Station.SC2Replay|
423 600 32 |[32, 3, 2]| | Vaani Research Station.SC2Replay|
424 600 32 |[32, 3, 2]| | Vaani Research Station.SC2Replay|
425 600 32 |[32, 3, 2]| | Vaani Research Station.SC2Replay|
426 600 32 |[32, 3, 2]| | Vaani Research Station.SC2Replay|
427 600 32 |[32, 3, 2]| | Vaani Research Station.SC2Replay|
428 600 32 |[32, 3, 2]| | Vaani Research Station.SC2Replay|
429 600 33 |[33, 3, 2]| | Vaani Research Station.SC2Replay|
430 600 34 |[34, 3, 2]| | Vaani Research Station.SC2Replay|
431 600 35 |[35, 3, 2]| | Vaani Research Station.SC2Replay|
432 600 36 |[36, 3, 2]| | Vaani Research Station.SC2Replay|
433 600 36 |[36, 3, 2]| | Vaani Research Station.SC2Replay|
434 600 36 |[36, 3, 2]| | Vaani Research Station.SC2Replay|
435 600 36 |[36, 3, 2]| | Vaani Research Station.SC2Replay|
436 600 37 |[37, 3, 2]| | Vaani Research Station.SC2Replay|
437 600 37 |[37, 3, 2]| | Vaani Research Station.SC2Replay|
438 600 37 |[37, 3, 2]| | Vaani Research Station.SC2Replay|
439 600 37 |[37, 3, 2]| | Vaani Research Station.SC2Replay|
440 600 37 |[37, 3, 2]| | Vaani Research Station.SC2Replay|
441 600 37 |[37, 3, 2]| | Vaani Research Station.SC2Replay|
442 600 37 |[37, 3, 2]| | Vaani Research Station.SC2Replay|
443 650 37 |[37, 3, 2]| | Vaani Research Station.SC2Replay|
444 700 37 |[37, 3, 2]| | Vaani Research Station.SC2Replay|
445 750 37 |[37, 3, 2]| | Vaani Research Station.SC2Replay|
446 800 37 |[37, 3, 2]| | Vaani Research Station.SC2Replay|
447 850 37 |[37, 3, 2]| | Vaani Research Station.SC2Replay|
448 900 37 |[37, 3, 2]| | Vaani Research Station.SC2Replay|
449 950 37 |[37, 3, 2]| | Vaani Research Station.SC2Replay|
450 1000 37 |[37, 3, 2]| | Vaani Research Station.SC2Replay|
451 1050 37 |[37, 3, 2]| | Vaani Research Station.SC2Replay|
452 1100 37 |[37, 3, 2]| | Vaani Research Station.SC2Replay|
453 1150 37 |[37, 3, 2]| | Vaani Research Station.SC2Replay|
454 1200 37 |[37, 3, 2]| | Vaani Research Station.SC2Replay|
455 1250 37 |[37, 3, 2]| | Vaani Research Station.SC2Replay|
456 1300 37 |[37, 3, 2]| | Vaani Research Station.SC2Replay|
457 1350 37 |[37, 3, 2]| | Vaani Research Station.SC2Replay|
458 1400 37 |[37, 3, 2]| | Vaani Research Station.SC2Replay|
459 1400 38 |[38, 3, 2]| | Vaani Research Station.SC2Replay|
460 1400 39 |[39, 3, 2]| | Vaani Research Station.SC2Replay|
461 1400 40 |[40, 3, 2]| | Vaani Research Station.SC2Replay|
462 1400 41 |[41, 3, 2]| | Vaani Research Station.SC2Replay|
463 1400 42 |[42, 3, 2]| | Vaani Research Station.SC2Replay|
464 1450 42 |[42, 3, 2]| | Vaani Research Station.SC2Replay|
465 1500 42 |[42, 3, 2]| | Vaani Research Station.SC2Replay|
466 1500 42 |[42, 3, 2]| | Vaani Research Station.SC2Replay|
467 1500 43 |[43, 3, 2]| | Vaani Research Station.SC2Replay|
468 1500 44 |[44, 3, 2]| | Vaani Research Station.SC2Replay|
469 1500 45 |[45, 3, 2]| | Vaani Research Station.SC2Replay|
470 1500 45 |[45, 3, 2]| | Vaani Research Station.SC2Replay|
471 1500 45 |[45, 3, 2]| | Vaani Research Station.SC2Replay|
472 1500 46 |[46, 3, 2]| | Vaani Research Station.SC2Replay|
473 1500 46 |[46, 3, 2]| | Vaani Research Station.SC2Replay|
474 1500 46 |[46, 3, 2]| | Vaani Research Station.SC2Replay|
475 1500 46 |[46, 3, 2]| | Vaani Research Station.SC2Replay|
476 1500 46 |[46, 3, 2]| | Vaani Research Station.SC2Replay|
477 1500 46 |[46, 3, 2]| | Vaani Research Station.SC2Replay|
478 1500 46 |[46, 3, 2]| | Vaani Research Station.SC2Replay|
479 1550 46 |[46, 3, 2]| | Vaani Research Station.SC2Replay|
480 1600 46 |[46, 3, 2]| | Vaani Research Station.SC2Replay|
481 1600 46 |[46, 3, 2]| | Vaani Research Station.SC2Replay|
482 1600 46 |[46, 3, 2]| | Vaani Research Station.SC2Replay|
483 1600 46 |[46, 3, 2]| | Vaani Research Station.SC2Replay|
484 1600 46 |[46, 3, 2]| | Vaani Research Station.SC2Replay|
485 1600 47 |[47, 3, 2]| | Vaani Research Station.SC2Replay|
486 1600 47 |[47, 3, 2]| | Vaani Research Station.SC2Replay|
487 1600 47 |[47, 3, 2]| | Vaani Research Station.SC2Replay|
488 1600 47 |[47, 3, 2]| | Vaani Research Station.SC2Replay|
489 1600 47 |[47, 3, 2]| | Vaani Research Station.SC2Replay|
490 1600 47 |[47, 3, 2]| | Vaani Research Station.SC2Replay|
491 1600 47 |[47, 3, 2]| | Vaani Research Station.SC2Replay|
492 1600 47 |[47, 3, 2]| | Vaani Research Station.SC2Replay|
493 1600 47 |[47, 3, 2]| | Vaani Research Station.SC2Replay|
494 1600 47 |[47, 3, 2]| | Vaani Research Station.SC2Replay|
495 1600 47 |[47, 3, 2]| | Vaani Research Station.SC2Replay|
496 1600 47 |[47, 3, 2]| | Vaani Research Station.SC2Replay|
497 1600 47 |[47, 3, 2]| | Vaani Research Station.SC2Replay|
498 1600 47 |[47, 3, 2]| | Vaani Research Station.SC2Replay|
499 1600 47 |[47, 3, 2]| | Vaani Research Station.SC2Replay|
500 1600 47 |[47, 3, 2]| | Vaani Research Station.SC2Replay|
501 1600 47 |[47, 3, 2]| | Vaani Research Station.SC2Replay|
502 1600 47 |[47, 3, 2]| | Vaani Research Station.SC2Replay|
503 1600 47 |[47, 3, 2]| | Vaani Research Station.SC2Replay|
504 1600 48 |[48, 3, 2]| | Vaani Research Station.SC2Replay|
505 1600 48 |[48, 3, 2]| | Vaani Research Station.SC2Replay|
506 1600 48 |[48, 3, 2]| | Vaani Research Station.SC2Replay|
507 1600 48 |[48, 3, 2]| | Vaani Research Station.SC2Replay|
508 1600 49 |[49, 3, 2]| | Vaani Research Station.SC2Replay|
509 1600 49 |[49, 3, 2]| | Vaani Research Station.SC2Replay|
510 1600 49 |[49, 3, 2]| | Vaani Research Station.SC2Replay|
511 1600 49 |[49, 3, 2]| | Vaani Research Station.SC2Replay|
512 1600 49 |[49, 3, 2]| | Vaani Research Station.SC2Replay|
513 1600 49 |[49, 3, 2]| | Vaani Research Station.SC2Replay|
514 1600 49 |[49, 3, 2]| | Vaani Research Station.SC2Replay|
515 1600 50 |[50, 3, 2]| | Vaani Research Station.SC2Replay|
516 1600 51 |[51, 3, 2]| | Vaani Research Station.SC2Replay|
517 1600 51 |[51, 3, 2]| | Vaani Research Station.SC2Replay|
518 1600 51 |[51, 3, 2]| | Vaani Research Station.SC2Replay|
519 1600 52 |[52, 3, 2]| | Vaani Research Station.SC2Replay|
520 1600 53 |[53, 3, 2]| | Vaani Research Station.SC2Replay|
521 1600 53 |[53, 3, 2]| | Vaani Research Station.SC2Replay|
522 1600 53 |[53, 3, 2]| | Vaani Research Station.SC2Replay|
523 1600 53 |[53, 3, 2]| | Vaani Research Station.SC2Replay|
524 1600 53 |[53, 3, 2]| | Vaani Research Station.SC2Replay|
525 1600 53 |[53, 3, 2]| | Vaani Research Station.SC2Replay|
526 1600 54 |[54, 3, 2]| | Vaani Research Station.SC2Replay|
527 1600 55 |[55, 3, 2]| | Vaani Research Station.SC2Replay|
528 1600 56 |[56, 3, 2]| | Vaani Research Station.SC2Replay|
529 1600 57 |[57, 3, 2]| | Vaani Research Station.SC2Replay|
530 1600 57 |[57, 3, 2]| | Vaani Research Station.SC2Replay|
531 1600 57 |[57, 3, 2]| | Vaani Research Station.SC2Replay|
532 1600 57 |[57, 3, 2]| | Vaani Research Station.SC2Replay|
533 1600 57 |[57, 3, 2]| | Vaani Research Station.SC2Replay|
534 1600 57 |[57, 3, 2]| | Vaani Research Station.SC2Replay|
535 1600 57 |[57, 3, 2]| | Vaani Research Station.SC2Replay|
536 1600 57 |[57, 3, 2]| | Vaani Research Station.SC2Replay|
537 1600 57 |[57, 3, 2]| | Vaani Research Station.SC2Replay|
538 1600 57 |[57, 3, 2]| | Vaani Research Station.SC2Replay|
539 1600 58 |[58, 3, 2]| | Vaani Research Station.SC2Replay|
540 1600 58 |[58, 3, 2]| | Vaani Research Station.SC2Replay|
541 1600 59 |[59, 3, 2]| | Vaani Research Station.SC2Replay|
542 1600 59 |[59, 3, 2]| | Vaani Research Station.SC2Replay|
543 1600 60 |[60, 3, 2]| | Vaani Research Station.SC2Replay|
544 1600 60 |[60, 3, 2]| | Vaani Research Station.SC2Replay|
545 1600 60 |[60, 3, 2]| | Vaani Research Station.SC2Replay|
546 1600 60 |[60, 3, 2]| | Vaani Research Station.SC2Replay|
547 1600 60 |[60, 3, 2]| | Vaani Research Station.SC2Replay|
548 1600 61 |[61, 3, 2]| | Vaani Research Station.SC2Replay|
549 1600 62 |[62, 3, 2]| | Vaani Research Station.SC2Replay|
550 1600 63 |[63, 3, 2]| | Vaani Research Station.SC2Replay|
551 1600 64 |[64, 3, 2]| | Vaani Research Station.SC2Replay|
552 1600 64 |[64, 3, 2]| | Vaani Research Station.SC2Replay|
553 1600 65 |[65, 3, 2]| | Vaani Research Station.SC2Replay|
554 1600 65 |[65, 3, 2]| | Vaani Research Station.SC2Replay|
555 1600 65 |[65, 3, 2]| | Vaani Research Station.SC2Replay|
556 1600 66 |[66, 3, 2]| | Vaani Research Station.SC2Replay|
557 1600 67 |[67, 3, 2]| | Vaani Research Station.SC2Replay|
558 1600 67 |[67, 3, 2]| | Vaani Research Station.SC2Replay|
559 1600 68 |[68, 3, 2]| | Vaani Research Station.SC2Replay|
560 1600 68 |[68, 3, 2]| | Vaani Research Station.SC2Replay|
561 1600 68 |[68, 3, 2]| | Vaani Research Station.SC2Replay|
562 1600 68 |[68, 3, 2]| | Vaani Research Station.SC2Replay|
563 1600 68 |[68, 3, 2]| | Vaani Research Station.SC2Replay|
564 1600 68 |[68, 3, 2]| | Vaani Research Station.SC2Replay|
565 1600 68 |[68, 3, 2]| | Vaani Research Station.SC2Replay|
566 1600 68 |[68, 3, 2]| | Vaani Research Station.SC2Replay|
567 1600 68 |[68, 3, 2]| | Vaani Research Station.SC2Replay|
568 1600 69 |[69, 3, 2]| | Vaani Research Station.SC2Replay|
569 1600 70 |[70, 3, 2]| | Vaani Research Station.SC2Replay|
570 1600 71 |[71, 3, 2]| | Vaani Research Station.SC2Replay|
571 1600 72 |[72, 3, 2]| | Vaani Research Station.SC2Replay|
572 1600 72 |[72, 3, 2]| | Vaani Research Station.SC2Replay|
573 1600 72 |[72, 3, 2]| | Vaani Research Station.SC2Replay|
574 1600 73 |[73, 3, 2]| | Vaani Research Station.SC2Replay|
575 1600 74 |[74, 3, 2]| | Vaani Research Station.SC2Replay|
576 1600 75 |[75, 3, 2]| | Vaani Research Station.SC2Replay|
577 1600 75 |[75, 4, 2]| | Vaani Research Station.SC2Replay|
578 1600 75 |[75, 5, 2]| | Vaani Research Station.SC2Replay|
579 1600 75 |[75, 6, 2]| | Vaani Research Station.SC2Replay|
580 1600 75 |[75, 6, 2]| | Vaani Research Station.SC2Replay|
581 1600 75 |[75, 6, 2]| | Vaani Research Station.SC2Replay|
582 1600 75 |[75, 7, 2]| | Vaani Research Station.SC2Replay|
583 1600 75 |[75, 7, 2]| | Vaani Research Station.SC2Replay|
584 1600 75 |[75, 7, 2]| | Vaani Research Station.SC2Replay|
585 1600 75 |[75, 7, 2]| | Vaani Research Station.SC2Replay|
586 1600 75 |[75, 7, 2]| | Vaani Research Station.SC2Replay|
587 1600 75 |[75, 7, 2]| | Vaani Research Station.SC2Replay|
588 1600 75 |[75, 7, 2]| | Vaani Research Station.SC2Replay|
589 1600 75 |[75, 7, 2]| | Vaani Research Station.SC2Replay|
590 1600 75 |[75, 7, 2]| | Vaani Research Station.SC2Replay|
591 1600 75 |[75, 7, 2]| | Vaani Research Station.SC2Replay|
592 1600 75 |[75, 7, 2]| | Vaani Research Station.SC2Replay|
593 1600 75 |[75, 7, 2]| | Vaani Research Station.SC2Replay|
594 1600 75 |[75, 7, 2]| | Vaani Research Station.SC2Replay|
595 1600 75 |[75, 7, 2]| | Vaani Research Station.SC2Replay|
596 1600 76 |[76, 7, 2]| | Vaani Research Station.SC2Replay|
597 1600 77 |[77, 7, 2]| | Vaani Research Station.SC2Replay|
598 1600 78 |[78, 7, 2]| | Vaani Research Station.SC2Replay|
599 1600 79 |[79, 7, 2]| | Vaani Research Station.SC2Replay|
600 1600 80 |[80, 7, 2]| | Vaani Research Station.SC2Replay|
601 1600 81 |[81, 7, 2]| | Vaani Research Station.SC2Replay|
602 1600 82 |[82, 7, 2]| | Vaani Research Station.SC2Replay|
603 1600 82 |[82, 7, 2]| | Vaani Research Station.SC2Replay|
604 1600 82 |[82, 7, 2]| | Vaani Research Station.SC2Replay|
605 1600 82 |[82, 7, 2]| | Vaani Research Station.SC2Replay|
606 1600 82 |[82, 7, 2]| | Vaani Research Station.SC2Replay|
607 1600 82 |[82, 7, 2]| | Vaani Research Station.SC2Replay|
608 1600 82 |[82, 7, 2]| | Vaani Research Station.SC2Replay|
609 1600 83 |[83, 7, 2]| | Vaani Research Station.SC2Replay|
610 1600 84 |[84, 7, 2]| | Vaani Research Station.SC2Replay|
611 1600 84 |[84, 7, 2]| | Vaani Research Station.SC2Replay|
612 1600 84 |[84, 7, 2]| | Vaani Research Station.SC2Replay|
613 1600 84 |[84, 7, 2]| | Vaani Research Station.SC2Replay|
614 1600 84 |[84, 7, 2]| | Vaani Research Station.SC2Replay|
615 1600 84 |[84, 7, 2]| | Vaani Research Station.SC2Replay|
616 1600 84 |[84, 7, 2]| | Vaani Research Station.SC2Replay|
617 1600 84 |[84, 7, 2]| | Vaani Research Station.SC2Replay|
618 1600 84 |[84, 7, 2]| | Vaani Research Station.SC2Replay|
619 1600 84 |[84, 7, 2]| | Vaani Research Station.SC2Replay|
620 1600 84 |[84, 7, 2]| | Vaani Research Station.SC2Replay|
621 1600 84 |[84, 7, 2]| | Vaani Research Station.SC2Replay|
622 1600 84 |[84, 7, 2]| | Vaani Research Station.SC2Replay|
623 1600 84 |[84, 7, 2]| | Vaani Research Station.SC2Replay|
624 1600 84 |[84, 7, 2]| | Vaani Research Station.SC2Replay|
625 1600 84 |[84, 7, 2]| | Vaani Research Station.SC2Replay|
626 1600 84 |[84, 7, 2]| | Vaani Research Station.SC2Replay|
627 1600 84 |[84, 7, 3]| | Vaani Research Station.SC2Replay|
628 1600 84 |[84, 7, 3]| | Vaani Research Station.SC2Replay|
629 1600 84 |[84, 7, 3]| | Vaani Research Station.SC2Replay|
630 1600 84 |[84, 7, 3]| | Vaani Research Station.SC2Replay|
631 1600 85 |[85, 7, 3]| | Vaani Research Station.SC2Replay|
632 1600 86 |[86, 7, 3]| | Vaani Research Station.SC2Replay|
633 1600 86 |[86, 7, 3]| | Vaani Research Station.SC2Replay|
634 1600 86 |[86, 7, 3]| | Vaani Research Station.SC2Replay|
635 1600 86 |[86, 7, 3]| | Vaani Research Station.SC2Replay|
636 1600 86 |[86, 7, 3]| | Vaani Research Station.SC2Replay|
637 1600 86 |[86, 7, 3]| | Vaani Research Station.SC2Replay|
638 1600 86 |[86, 7, 3]| | Vaani Research Station.SC2Replay|
639 1600 86 |[86, 7, 3]| | Vaani Research Station.SC2Replay|
640 1600 86 |[86, 7, 3]| | Vaani Research Station.SC2Replay|
641 1600 86 |[86, 7, 3]| | Vaani Research Station.SC2Replay|
642 1600 86 |[86, 7, 3]| | Vaani Research Station.SC2Replay|
643 1600 86 |[86, 7, 3]| | Vaani Research Station.SC2Replay|
644 1600 86 |[86, 7, 3]| | Vaani Research Station.SC2Replay|
645 1600 86 |[86, 7, 3]| | Vaani Research Station.SC2Replay|
646 1600 86 |[86, 7, 3]| | Vaani Research Station.SC2Replay|
647 1600 86 |[86, 7, 3]| | Vaani Research Station.SC2Replay|
648 1600 86 |[86, 7, 3]| | Vaani Research Station.SC2Replay|
649 1600 86 |[86, 7, 3]| | Vaani Research Station.SC2Replay|
650 1600 86 |[86, 7, 3]| | Vaani Research Station.SC2Replay|
651 1600 86 |[86, 7, 3]| | Vaani Research Station.SC2Replay|
652 1600 86 |[86, 7, 3]| | Vaani Research Station.SC2Replay|
653 1600 86 |[86, 7, 3]| | Vaani Research Station.SC2Replay|
654 1600 86 |[86, 7, 3]| | Vaani Research Station.SC2Replay|
655 1600 86 |[86, 7, 3]| | Vaani Research Station.SC2Replay|
656 1600 86 |[86, 7, 3]| | Vaani Research Station.SC2Replay|
657 1600 86 |[86, 7, 3]| | Vaani Research Station.SC2Replay|
658 1600 86 |[86, 7, 3]| | Vaani Research Station.SC2Replay|
659 1600 86 |[86, 7, 3]| | Vaani Research Station.SC2Replay|
660 1600 86 |[86, 7, 3]| | Vaani Research Station.SC2Replay|
661 1600 86 |[86, 7, 3]| | Vaani Research Station.SC2Replay|
662 1600 86 |[86, 7, 3]| | Vaani Research Station.SC2Replay|
663 1600 86 |[86, 7, 3]| | Vaani Research Station.SC2Replay|
664 1600 86 |[86, 7, 3]| | Vaani Research Station.SC2Replay|
665 1600 86 |[86, 7, 3]| | Vaani Research Station.SC2Replay|
666 1600 86 |[86, 7, 3]| | Vaani Research Station.SC2Replay|
667 1600 86 |[86, 7, 3]| | Vaani Research Station.SC2Replay|
668 1600 86 |[86, 7, 3]| | Vaani Research Station.SC2Replay|
669 1600 86 |[86, 7, 3]| | Vaani Research Station.SC2Replay|
670 1600 86 |[86, 7, 3]| | Vaani Research Station.SC2Replay|
671 1600 86 |[86, 7, 3]| | Vaani Research Station.SC2Replay|
672 1600 86 |[86, 7, 3]| | Vaani Research Station.SC2Replay|
673 1600 86 |[86, 7, 3]| | Vaani Research Station.SC2Replay|
674 1600 86 |[86, 7, 3]| | Vaani Research Station.SC2Replay|
675 1600 86 |[86, 7, 3]| | Vaani Research Station.SC2Replay|
676 1600 86 |[86, 7, 3]| | Vaani Research Station.SC2Replay|
677 1600 86 |[86, 7, 3]| | Vaani Research Station.SC2Replay|
678 1600 86 |[86, 7, 3]| | Vaani Research Station.SC2Replay|
679 1600 86 |[86, 7, 3]| | Vaani Research Station.SC2Replay|
680 1600 86 |[86, 7, 3]| | Vaani Research Station.SC2Replay|
681 1600 86 |[86, 7, 3]| | Vaani Research Station.SC2Replay|
682 1600 86 |[86, 7, 3]| | Vaani Research Station.SC2Replay|
683 1600 86 |[86, 7, 3]| | Vaani Research Station.SC2Replay|
684 1600 86 |[86, 7, 3]| | Vaani Research Station.SC2Replay|
685 1600 86 |[86, 7, 3]| | Vaani Research Station.SC2Replay|
686 1600 86 |[86, 7, 3]| | Vaani Research Station.SC2Replay|
687 1600 86 |[86, 7, 3]| | Vaani Research Station.SC2Replay|
688 1600 86 |[86, 7, 3]| | Vaani Research Station.SC2Replay|
689 1600 86 |[86, 7, 3]| | Vaani Research Station.SC2Replay|
690 1600 86 |[86, 7, 3]| | Vaani Research Station.SC2Replay|
691 1600 86 |[86, 7, 3]| | Vaani Research Station.SC2Replay|
692 1600 86 |[86, 7, 3]| | Vaani Research Station.SC2Replay|
693 1600 86 |[86, 7, 3]| | Vaani Research Station.SC2Replay|
694 1600 86 |[86, 7, 3]| | Vaani Research Station.SC2Replay|
695 1600 87 |[87, 7, 3]| | Vaani Research Station.SC2Replay|
696 1600 88 |[88, 7, 3]| | Vaani Research Station.SC2Replay|
697 1600 89 |[89, 7, 3]| | Vaani Research Station.SC2Replay|
698 1600 90 |[90, 7, 3]| | Vaani Research Station.SC2Replay|
699 1600 91 |[91, 7, 3]| | Vaani Research Station.SC2Replay|
700 1600 92 |[92, 7, 3]| | Vaani Research Station.SC2Replay|
701 1600 93 |[93, 7, 3]| | Vaani Research Station.SC2Replay|
702 1600 93 |[93, 7, 3]| | Vaani Research Station.SC2Replay|
703 1600 93 |[93, 7, 3]| | Vaani Research Station.SC2Replay|
704 1600 93 |[93, 7, 3]| | Vaani Research Station.SC2Replay|
705 1600 93 |[93, 7, 3]| | Vaani Research Station.SC2Replay|
706 1600 93 |[93, 7, 3]| | Vaani Research Station.SC2Replay|
707 1600 93 |[93, 7, 3]| | Vaani Research Station.SC2Replay|
708 1600 93 |[93, 7, 3]| | Vaani Research Station.SC2Replay|
709 1600 93 |[93, 7, 3]| | Vaani Research Station.SC2Replay|
710 1600 93 |[93, 7, 3]| | Vaani Research Station.SC2Replay|
711 1600 93 |[93, 7, 3]| | Vaani Research Station.SC2Replay|
712 1600 94 |[94, 7, 3]| | Vaani Research Station.SC2Replay|
713 1600 94 |[94, 7, 3]| | Vaani Research Station.SC2Replay|
714 1600 94 |[94, 7, 3]| | Vaani Research Station.SC2Replay|
715 1600 94 |[94, 7, 3]| | Vaani Research Station.SC2Replay|
716 1600 94 |[94, 7, 3]| | Vaani Research Station.SC2Replay|
717 1600 94 |[94, 7, 3]| | Vaani Research Station.SC2Replay|
718 1600 94 |[94, 7, 3]| | Vaani Research Station.SC2Replay|
719 1600 94 |[94, 7, 3]| | Vaani Research Station.SC2Replay|
720 1600 94 |[94, 7, 3]| | Vaani Research Station.SC2Replay|
721 1600 94 |[94, 7, 3]| | Vaani Research Station.SC2Replay|
722 1600 94 |[94, 7, 3]| | Vaani Research Station.SC2Replay|
723 1600 94 |[94, 7, 3]| | Vaani Research Station.SC2Replay|
724 1600 94 |[94, 7, 3]| | Vaani Research Station.SC2Replay|
725 1600 94 |[94, 7, 3]| | Vaani Research Station.SC2Replay|
726 1600 94 |[94, 7, 3]| | Vaani Research Station.SC2Replay|
727 1600 94 |[94, 7, 3]| | Vaani Research Station.SC2Replay|
728 1600 94 |[94, 8, 3]| | Vaani Research Station.SC2Replay|
729 1600 94 |[94, 8, 3]| | Vaani Research Station.SC2Replay|
730 1600 94 |[94, 8, 3]| | Vaani Research Station.SC2Replay|
731 1600 94 |[94, 8, 3]| | Vaani Research Station.SC2Replay|
732 1600 95 |[95, 8, 3]| | Vaani Research Station.SC2Replay|
733 1600 95 |[95, 8, 3]| | Vaani Research Station.SC2Replay|
734 1600 95 |[95, 8, 3]| | Vaani Research Station.SC2Replay|
735 1600 95 |[95, 8, 3]| | Vaani Research Station.SC2Replay|
736 1600 95 |[95, 8, 3]| | Vaani Research Station.SC2Replay|
737 1600 95 |[95, 8, 3]| | Vaani Research Station.SC2Replay|
738 1600 95 |[95, 8, 3]| | Vaani Research Station.SC2Replay|
739 1600 95 |[95, 8, 3]| | Vaani Research Station.SC2Replay|
740 1600 95 |[95, 8, 3]| | Vaani Research Station.SC2Replay|
741 1600 95 |[95, 8, 3]| | Vaani Research Station.SC2Replay|
742 1600 95 |[95, 8, 3]| | Vaani Research Station.SC2Replay|
743 1600 95 |[95, 8, 3]| | Vaani Research Station.SC2Replay|
744 1600 95 |[95, 8, 3]| | Vaani Research Station.SC2Replay|
745 1600 95 |[95, 8, 3]| | Vaani Research Station.SC2Replay|
746 1600 95 |[95, 8, 3]| | Vaani Research Station.SC2Replay|
747 1600 95 |[95, 8, 3]| | Vaani Research Station.SC2Replay|
748 1600 95 |[95, 8, 3]| | Vaani Research Station.SC2Replay|
749 1600 95 |[95, 8, 3]| | Vaani Research Station.SC2Replay|
750 1600 95 |[95, 8, 3]| | Vaani Research Station.SC2Replay|
751 1600 95 |[95, 8, 3]| | Vaani Research Station.SC2Replay|
752 1600 95 |[95, 8, 3]| | Vaani Research Station.SC2Replay|
753 1600 95 |[95, 8, 3]| | Vaani Research Station.SC2Replay|
754 1600 95 |[95, 8, 3]| | Vaani Research Station.SC2Replay|
755 1600 95 |[95, 8, 3]| | Vaani Research Station.SC2Replay|
756 1600 96 |[96, 8, 3]| | Vaani Research Station.SC2Replay|
757 1600 96 |[96, 8, 3]| | Vaani Research Station.SC2Replay|
758 1600 96 |[96, 8, 3]| | Vaani Research Station.SC2Replay|
759 1600 96 |[96, 8, 3]| | Vaani Research Station.SC2Replay|
760 1600 96 |[96, 8, 3]| | Vaani Research Station.SC2Replay|
761 1600 96 |[96, 8, 3]| | Vaani Research Station.SC2Replay|
762 1600 96 |[96, 8, 3]| | Vaani Research Station.SC2Replay|
763 1600 96 |[96, 8, 3]| | Vaani Research Station.SC2Replay|
764 1600 96 |[96, 8, 3]| | Vaani Research Station.SC2Replay|
765 1600 96 |[96, 8, 3]| | Vaani Research Station.SC2Replay|
766 1600 96 |[96, 8, 3]| | Vaani Research Station.SC2Replay|
767 1600 96 |[96, 8, 3]| | Vaani Research Station.SC2Replay|
768 1600 96 |[96, 8, 3]| | Vaani Research Station.SC2Replay|
769 1600 96 |[96, 8, 3]| | Vaani Research Station.SC2Replay|
770 1600 97 |[97, 8, 3]| | Vaani Research Station.SC2Replay|
771 1600 97 |[97, 8, 3]| | Vaani Research Station.SC2Replay|
772 1600 97 |[97, 8, 3]| | Vaani Research Station.SC2Replay|
773 1600 97 |[97, 8, 3]| | Vaani Research Station.SC2Replay|
774 1600 97 |[97, 8, 3]| | Vaani Research Station.SC2Replay|
775 1600 97 |[97, 8, 3]| | Vaani Research Station.SC2Replay|
776 1600 97 |[97, 8, 3]| | Vaani Research Station.SC2Replay|
777 1600 98 |[98, 8, 3]| | Vaani Research Station.SC2Replay|
778 1600 98 |[98, 8, 3]| | Vaani Research Station.SC2Replay|
779 1600 98 |[98, 8, 3]| | Vaani Research Station.SC2Replay|
780 1600 98 |[98, 8, 3]| | Vaani Research Station.SC2Replay|
781 1600 98 |[98, 8, 3]| | Vaani Research Station.SC2Replay|
782 1600 98 |[98, 8, 3]| | Vaani Research Station.SC2Replay|
783 1600 98 |[98, 8, 3]| | Vaani Research Station.SC2Replay|
784 1600 98 |[98, 8, 3]| | Vaani Research Station.SC2Replay|
785 1600 98 |[98, 8, 3]| | Vaani Research Station.SC2Replay|
786 1600 98 |[98, 8, 3]| | Vaani Research Station.SC2Replay|
787 1600 98 |[98, 8, 3]| | Vaani Research Station.SC2Replay|
788 1600 98 |[98, 8, 3]| | Vaani Research Station.SC2Replay|
789 1600 98 |[98, 8, 3]| | Vaani Research Station.SC2Replay|
790 1600 98 |[98, 8, 3]| | Vaani Research Station.SC2Replay|
791 1600 98 |[98, 8, 3]| | Vaani Research Station.SC2Replay|
792 1600 98 |[98, 8, 3]| | Vaani Research Station.SC2Replay|
793 1600 98 |[98, 8, 3]| | Vaani Research Station.SC2Replay|
794 1600 98 |[98, 8, 3]| | Vaani Research Station.SC2Replay|
795 1600 98 |[98, 8, 3]| | Vaani Research Station.SC2Replay|
796 1600 98 |[98, 8, 3]| | Vaani Research Station.SC2Replay|
797 1600 98 |[98, 8, 3]| | Vaani Research Station.SC2Replay|
798 1600 98 |[98, 8, 3]| | Vaani Research Station.SC2Replay|
799 1600 98 |[98, 8, 3]| | Vaani Research Station.SC2Replay|
800 1600 98 |[98, 8, 3]| | Vaani Research Station.SC2Replay|
801 1600 98 |[98, 8, 3]| | Vaani Research Station.SC2Replay|
802 1600 98 |[98, 8, 3]| | Vaani Research Station.SC2Replay|
803 1600 99 |[99, 8, 3]| | Vaani Research Station.SC2Replay|
804 1600 100 |[100, 8, 3]| | Vaani Research Station.SC2Replay|
805 1600 100 |[100, 8, 3]| | Vaani Research Station.SC2Replay|
806 1600 100 |[100, 8, 3]| | Vaani Research Station.SC2Replay|
807 1600 100 |[100, 8, 3]| | Vaani Research Station.SC2Replay|
808 1600 100 |[100, 8, 3]| | Vaani Research Station.SC2Replay|
809 1600 100 |[100, 8, 3]| | Vaani Research Station.SC2Replay|
810 1600 100 |[100, 8, 3]| | Vaani Research Station.SC2Replay|
811 1600 100 |[100, 8, 3]| | Vaani Research Station.SC2Replay|
812 1600 100 |[100, 8, 3]| | Vaani Research Station.SC2Replay|
813 1600 100 |[100, 8, 3]| | Vaani Research Station.SC2Replay|
814 1600 100 |[100, 8, 3]| | Vaani Research Station.SC2Replay|
815 1600 100 |[100, 8, 3]| | Vaani Research Station.SC2Replay|
816 1600 100 |[100, 8, 3]| | Vaani Research Station.SC2Replay|
817 1600 100 |[100, 8, 3]| | Vaani Research Station.SC2Replay|
818 1600 100 |[100, 8, 3]| | Vaani Research Station.SC2Replay|
819 1600 100 |[100, 8, 3]| | Vaani Research Station.SC2Replay|
820 1600 100 |[100, 8, 3]| | Vaani Research Station.SC2Replay|
821 1600 100 |[100, 8, 3]| | Vaani Research Station.SC2Replay|
822 1600 100 |[100, 8, 3]| | Vaani Research Station.SC2Replay|
823 1600 100 |[100, 8, 3]| | Vaani Research Station.SC2Replay|
824 1600 100 |[100, 8, 3]| | Vaani Research Station.SC2Replay|
825 1600 100 |[100, 8, 3]| | Vaani Research Station.SC2Replay|
826 1600 100 |[100, 8, 3]| | Vaani Research Station.SC2Replay|
827 1600 100 |[100, 8, 3]| | Vaani Research Station.SC2Replay|
828 1600 100 |[100, 8, 3]| | Vaani Research Station.SC2Replay|
829 1600 100 |[100, 8, 3]| | Vaani Research Station.SC2Replay|
830 1600 100 |[100, 8, 3]| | Vaani Research Station.SC2Replay|
831 1600 100 |[100, 8, 3]| | Vaani Research Station.SC2Replay|
832 1600 100 |[100, 8, 3]| | Vaani Research Station.SC2Replay|
833 1600 100 |[100, 8, 3]| | Vaani Research Station.SC2Replay|
834 1600 100 |[100, 8, 3]| | Vaani Research Station.SC2Replay|
835 1600 100 |[100, 8, 3]| | Vaani Research Station.SC2Replay|
836 1600 100 |[100, 8, 3]| | Vaani Research Station.SC2Replay|
837 1600 100 |[100, 8, 3]| | Vaani Research Station.SC2Replay|
838 1600 100 |[100, 8, 3]| | Vaani Research Station.SC2Replay|
839 1600 100 |[100, 8, 3]| | Vaani Research Station.SC2Replay|
840 1600 100 |[100, 8, 3]| | Vaani Research Station.SC2Replay|
841 1600 100 |[100, 8, 3]| | Vaani Research Station.SC2Replay|
842 1600 100 |[100, 8, 3]| | Vaani Research Station.SC2Replay|
843 1600 101 |[101, 8, 3]| | Vaani Research Station.SC2Replay|
844 1600 101 |[101, 8, 3]| | Vaani Research Station.SC2Replay|
845 1600 101 |[101, 8, 3]| | Vaani Research Station.SC2Replay|
846 1600 101 |[101, 8, 3]| | Vaani Research Station.SC2Replay|
847 1600 101 |[101, 8, 3]| | Vaani Research Station.SC2Replay|
848 1600 101 |[101, 8, 3]| | Vaani Research Station.SC2Replay|
849 1600 101 |[101, 8, 3]| | Vaani Research Station.SC2Replay|
850 1600 101 |[101, 8, 3]| | Vaani Research Station.SC2Replay|
851 1650 101 |[101, 8, 3]| | Vaani Research Station.SC2Replay|
852 1700 101 |[101, 8, 3]| | Vaani Research Station.SC2Replay|
853 1700 101 |[101, 8, 3]| | Vaani Research Station.SC2Replay|
854 1700 101 |[101, 8, 3]| | Vaani Research Station.SC2Replay|
855 1700 102 |[102, 8, 3]| | Vaani Research Station.SC2Replay|
856 1700 103 |[103, 8, 3]| | Vaani Research Station.SC2Replay|
857 1700 103 |[103, 8, 3]| | Vaani Research Station.SC2Replay|
858 1700 103 |[103, 8, 3]| | Vaani Research Station.SC2Replay|
859 1700 103 |[103, 8, 3]| | Vaani Research Station.SC2Replay|
860 1700 103 |[103, 8, 3]| | Vaani Research Station.SC2Replay|
861 1700 103 |[103, 8, 3]| | Vaani Research Station.SC2Replay|
862 1700 103 |[103, 8, 3]| | Vaani Research Station.SC2Replay|
863 1700 103 |[103, 8, 3]| | Vaani Research Station.SC2Replay|
864 1700 103 |[103, 8, 3]| | Vaani Research Station.SC2Replay|
865 1700 103 |[103, 8, 3]| | Vaani Research Station.SC2Replay|
866 1700 103 |[103, 8, 3]| | Vaani Research Station.SC2Replay|
867 1700 104 |[104, 8, 3]| | Vaani Research Station.SC2Replay|
868 1700 104 |[104, 8, 3]| | Vaani Research Station.SC2Replay|
869 1700 104 |[104, 8, 3]| | Vaani Research Station.SC2Replay|
870 1700 104 |[104, 9, 3]| | Vaani Research Station.SC2Replay|
871 1700 104 |[104, 9, 3]| | Vaani Research Station.SC2Replay|
872 1700 104 |[104, 9, 3]| | Vaani Research Station.SC2Replay|
873 1700 104 |[104, 9, 3]| | Vaani Research Station.SC2Replay|
874 1700 104 |[104, 9, 3]| | Vaani Research Station.SC2Replay|
875 1700 104 |[104, 9, 3]| | Vaani Research Station.SC2Replay|
876 1700 104 |[104, 9, 3]| | Vaani Research Station.SC2Replay|
877 1700 104 |[104, 9, 3]| | Vaani Research Station.SC2Replay|
878 1700 104 |[104, 9, 3]| | Vaani Research Station.SC2Replay|
879 1700 104 |[104, 9, 3]| | Vaani Research Station.SC2Replay|
880 1700 104 |[104, 9, 3]| | Vaani Research Station.SC2Replay|
881 1700 104 |[104, 9, 3]| | Vaani Research Station.SC2Replay|
882 1700 104 |[104, 9, 3]| | Vaani Research Station.SC2Replay|
883 1700 104 |[104, 9, 3]| | Vaani Research Station.SC2Replay|
884 1700 104 |[104, 9, 3]| | Vaani Research Station.SC2Replay|
885 1700 104 |[104, 9, 3]| | Vaani Research Station.SC2Replay|
886 1700 104 |[104, 9, 3]| | Vaani Research Station.SC2Replay|
887 1700 104 |[104, 9, 3]| | Vaani Research Station.SC2Replay|
888 1700 104 |[104, 9, 3]| | Vaani Research Station.SC2Replay|
889 1700 104 |[104, 9, 3]| | Vaani Research Station.SC2Replay|
890 1700 104 |[104, 9, 3]| | Vaani Research Station.SC2Replay|
891 1700 104 |[104, 9, 3]| | Vaani Research Station.SC2Replay|
892 1700 104 |[104, 9, 3]| | Vaani Research Station.SC2Replay|
893 1700 104 |[104, 9, 3]| | Vaani Research Station.SC2Replay|
894 1700 104 |[104, 9, 3]| | Vaani Research Station.SC2Replay|
895 1700 104 |[104, 9, 3]| | Vaani Research Station.SC2Replay|
896 1700 104 |[104, 9, 3]| | Vaani Research Station.SC2Replay|
897 1700 104 |[104, 9, 3]| | Vaani Research Station.SC2Replay|
898 1700 104 |[104, 9, 3]| | Vaani Research Station.SC2Replay|
899 1700 104 |[104, 9, 3]| | Vaani Research Station.SC2Replay|
900 1700 104 |[104, 9, 3]| | Vaani Research Station.SC2Replay|
901 1700 104 |[104, 9, 3]| | Vaani Research Station.SC2Replay|
902 1700 104 |[104, 9, 3]| | Vaani Research Station.SC2Replay|
903 1700 104 |[104, 9, 3]| | Vaani Research Station.SC2Replay|
904 1700 104 |[104, 9, 3]| | Vaani Research Station.SC2Replay|
905 1700 104 |[104, 9, 3]| | Vaani Research Station.SC2Replay|
906 1700 104 |[104, 9, 3]| | Vaani Research Station.SC2Replay|
907 1700 104 |[104, 9, 3]| | Vaani Research Station.SC2Replay|
908 1700 104 |[104, 9, 3]| | Vaani Research Station.SC2Replay|
909 1700 104 |[104, 9, 3]| | Vaani Research Station.SC2Replay|
910 1700 104 |[104, 9, 3]| | Vaani Research Station.SC2Replay|
911 1700 104 |[104, 9, 3]| | Vaani Research Station.SC2Replay|
912 1700 105 |[105, 9, 3]| | Vaani Research Station.SC2Replay|
913 1700 106 |[106, 9, 3]| | Vaani Research Station.SC2Replay|
914 1700 107 |[107, 9, 3]| | Vaani Research Station.SC2Replay|
915 1700 107 |[107, 9, 3]| | Vaani Research Station.SC2Replay|
916 1700 107 |[107, 9, 3]| | Vaani Research Station.SC2Replay|
917 1700 107 |[107, 9, 3]| | Vaani Research Station.SC2Replay|
918 1700 107 |[107, 9, 3]| | Vaani Research Station.SC2Replay|
919 1700 107 |[107, 9, 3]| | Vaani Research Station.SC2Replay|
920 1700 107 |[107, 9, 3]| | Vaani Research Station.SC2Replay|
921 1700 107 |[107, 9, 3]| | Vaani Research Station.SC2Replay|
922 1700 107 |[107, 9, 3]| | Vaani Research Station.SC2Replay|
923 1700 107 |[107, 9, 3]| | Vaani Research Station.SC2Replay|
924 1700 107 |[107, 9, 3]| | Vaani Research Station.SC2Replay|
925 1700 107 |[107, 9, 3]| | Vaani Research Station.SC2Replay|
926 1700 107 |[107, 9, 3]| | Vaani Research Station.SC2Replay|
927 1700 107 |[107, 9, 3]| | Vaani Research Station.SC2Replay|
928 1700 107 |[107, 9, 3]| | Vaani Research Station.SC2Replay|
929 1700 107 |[107, 9, 3]| | Vaani Research Station.SC2Replay|
930 1700 107 |[107, 9, 3]| | Vaani Research Station.SC2Replay|
931 1700 107 |[107, 9, 3]| | Vaani Research Station.SC2Replay|
932 1700 107 |[107, 9, 3]| | Vaani Research Station.SC2Replay|
933 1700 107 |[107, 9, 3]| | Vaani Research Station.SC2Replay|
934 1700 107 |[107, 9, 3]| | Vaani Research Station.SC2Replay|
935 1700 107 |[107, 9, 3]| | Vaani Research Station.SC2Replay|
936 1700 107 |[107, 9, 3]| | Vaani Research Station.SC2Replay|
937 1700 107 |[107, 9, 3]| | Vaani Research Station.SC2Replay|
938 1700 107 |[107, 9, 3]| | Vaani Research Station.SC2Replay|
939 1700 107 |[107, 9, 3]| | Vaani Research Station.SC2Replay|
940 1700 107 |[107, 9, 3]| | Vaani Research Station.SC2Replay|
941 1700 107 |[107, 9, 3]| | Vaani Research Station.SC2Replay|
942 1700 107 |[107, 9, 3]| | Vaani Research Station.SC2Replay|
943 1700 107 |[107, 9, 3]| | Vaani Research Station.SC2Replay|
944 1700 107 |[107, 9, 3]| | Vaani Research Station.SC2Replay|
945 1700 107 |[107, 9, 3]| | Vaani Research Station.SC2Replay|
946 1700 107 |[107, 9, 3]| | Vaani Research Station.SC2Replay|
947 1700 107 |[107, 9, 3]| | Vaani Research Station.SC2Replay|
948 1700 107 |[107, 9, 3]| | Vaani Research Station.SC2Replay|
949 1700 107 |[107, 9, 3]| | Vaani Research Station.SC2Replay|
950 1700 107 |[107, 9, 3]| | Vaani Research Station.SC2Replay|
951 1700 107 |[107, 9, 3]| | Vaani Research Station.SC2Replay|
952 1700 107 |[107, 9, 3]| | Vaani Research Station.SC2Replay|
953 1700 107 |[107, 9, 3]| | Vaani Research Station.SC2Replay|
954 1700 107 |[107, 9, 3]| | Vaani Research Station.SC2Replay|
955 1700 107 |[107, 9, 3]| | Vaani Research Station.SC2Replay|
956 1700 107 |[107, 9, 3]| | Vaani Research Station.SC2Replay|
957 1700 107 |[107, 9, 3]| | Vaani Research Station.SC2Replay|
958 1700 107 |[107, 9, 3]| | Vaani Research Station.SC2Replay|
959 1700 107 |[107, 9, 3]| | Vaani Research Station.SC2Replay|
960 1700 107 |[107, 9, 3]| | Vaani Research Station.SC2Replay|
961 1700 107 |[107, 9, 3]| | Vaani Research Station.SC2Replay|
962 1700 107 |[107, 9, 3]| | Vaani Research Station.SC2Replay|
963 1700 107 |[107, 9, 3]| | Vaani Research Station.SC2Replay|
964 1700 107 |[107, 9, 3]| | Vaani Research Station.SC2Replay|
965 1700 107 |[107, 9, 3]| | Vaani Research Station.SC2Replay|
966 1700 107 |[107, 9, 3]| | Vaani Research Station.SC2Replay|
967 1700 107 |[107, 9, 3]| | Vaani Research Station.SC2Replay|
968 1700 107 |[107, 9, 3]| | Vaani Research Station.SC2Replay|
969 1700 107 |[107, 9, 3]| | Vaani Research Station.SC2Replay|
970 1700 107 |[107, 9, 3]| | Vaani Research Station.SC2Replay|
971 1700 107 |[107, 9, 3]| | Vaani Research Station.SC2Replay|
972 1700 107 |[107, 9, 3]| | Vaani Research Station.SC2Replay|
973 1700 107 |[107, 9, 3]| | Vaani Research Station.SC2Replay|
974 1700 107 |[107, 9, 3]| | Vaani Research Station.SC2Replay|
975 1700 107 |[107, 9, 3]| | Vaani Research Station.SC2Replay|
976 1700 107 |[107, 9, 3]| | Vaani Research Station.SC2Replay|
977 1700 107 |[107, 9, 3]| | Vaani Research Station.SC2Replay|
978 1700 107 |[107, 9, 3]| | Vaani Research Station.SC2Replay|
979 1700 107 |[107, 9, 3]| | Vaani Research Station.SC2Replay|
980 1700 107 |[107, 9, 3]| | Vaani Research Station.SC2Replay|
981 1700 107 |[107, 9, 3]| | Vaani Research Station.SC2Replay|
982 1700 107 |[107, 9, 3]| | Vaani Research Station.SC2Replay|
983 1700 107 |[107, 9, 3]| | Vaani Research Station.SC2Replay|
984 1700 107 |[107, 9, 3]| | Vaani Research Station.SC2Replay|
985 1700 107 |[107, 9, 3]| | Vaani Research Station.SC2Replay|
986 1700 107 |[107, 9, 3]| | Vaani Research Station.SC2Replay|
987 1700 107 |[107, 9, 3]| | Vaani Research Station.SC2Replay|
988 1700 107 |[107, 9, 3]| | Vaani Research Station.SC2Replay|
989 1700 107 |[107, 9, 3]| | Vaani Research Station.SC2Replay|
990 1700 107 |[107, 9, 3]| | Vaani Research Station.SC2Replay|
991 1700 107 |[107, 9, 3]| | Vaani Research Station.SC2Replay|
992 1700 108 |[108, 9, 3]| | Vaani Research Station.SC2Replay|
993 1700 109 |[109, 9, 3]| | Vaani Research Station.SC2Replay|
994 1700 109 |[109, 9, 3]| | Vaani Research Station.SC2Replay|
995 1700 109 |[109, 9, 3]| | Vaani Research Station.SC2Replay|
996 1700 109 |[109, 9, 3]| | Vaani Research Station.SC2Replay|
997 1700 109 |[109, 9, 3]| | Vaani Research Station.SC2Replay|
998 1700 109 |[109, 9, 3]| | Vaani Research Station.SC2Replay|
999 1700 109 |[109, 9, 3]| | Vaani Research Station.SC2Replay|
1000 1700 109 |[109, 9, 3]| | Vaani Research Station.SC2Replay|
1001 1700 109 |[109, 9, 3]| | Vaani Research Station.SC2Replay|
1002 1700 109 |[109, 9, 3]| | Vaani Research Station.SC2Replay|
1003 1700 109 |[109, 9, 3]| | Vaani Research Station.SC2Replay|
1004 1700 109 |[109, 9, 3]| | Vaani Research Station.SC2Replay|
1005 1700 109 |[109, 9, 3]| | Vaani Research Station.SC2Replay|
1006 1700 109 |[109, 9, 3]| | Vaani Research Station.SC2Replay|
1007 1700 109 |[109, 9, 4]| | Vaani Research Station.SC2Replay|
1008 1700 109 |[109, 9, 4]| | Vaani Research Station.SC2Replay|
1009 1700 109 |[109, 9, 4]| | Vaani Research Station.SC2Replay|
1010 1700 109 |[109, 9, 4]| | Vaani Research Station.SC2Replay|
1011 1700 109 |[109, 9, 4]| | Vaani Research Station.SC2Replay|
1012 1700 109 |[109, 9, 4]| | Vaani Research Station.SC2Replay|
1013 1700 109 |[109, 9, 4]| | Vaani Research Station.SC2Replay|
1014 1700 109 |[109, 9, 4]| | Vaani Research Station.SC2Replay|
1015 1700 109 |[109, 9, 4]| | Vaani Research Station.SC2Replay|
1016 1700 109 |[109, 9, 4]| | Vaani Research Station.SC2Replay|
1017 1700 109 |[109, 9, 4]| | Vaani Research Station.SC2Replay|
1018 1700 109 |[109, 9, 4]| | Vaani Research Station.SC2Replay|
1019 1700 109 |[109, 9, 4]| | Vaani Research Station.SC2Replay|
1020 1700 109 |[109, 9, 4]| | Vaani Research Station.SC2Replay|
1021 1700 109 |[109, 9, 4]| | Vaani Research Station.SC2Replay|
1022 1700 109 |[109, 9, 4]| | Vaani Research Station.SC2Replay|
1023 1700 109 |[109, 9, 4]| | Vaani Research Station.SC2Replay|
1024 1700 109 |[109, 9, 4]| | Vaani Research Station.SC2Replay|
1025 1700 109 |[109, 9, 4]| | Vaani Research Station.SC2Replay|
1026 1700 109 |[109, 9, 4]| | Vaani Research Station.SC2Replay|
1027 1700 109 |[109, 9, 4]| | Vaani Research Station.SC2Replay|
1028 1700 109 |[109, 9, 4]| | Vaani Research Station.SC2Replay|
1029 1700 109 |[109, 9, 4]| | Vaani Research Station.SC2Replay|
1030 1700 109 |[109, 9, 4]| | Vaani Research Station.SC2Replay|
1031 1700 109 |[109, 9, 4]| | Vaani Research Station.SC2Replay|
1032 1700 109 |[109, 9, 4]| | Vaani Research Station.SC2Replay|
1033 1700 109 |[109, 9, 4]| | Vaani Research Station.SC2Replay|
1034 1700 109 |[109, 9, 4]| | Vaani Research Station.SC2Replay|
1035 1700 109 |[109, 9, 4]| | Vaani Research Station.SC2Replay|
1036 1700 109 |[109, 9, 4]| | Vaani Research Station.SC2Replay|
1037 1700 109 |[109, 9, 4]| | Vaani Research Station.SC2Replay|
1038 1700 109 |[109, 9, 4]| | Vaani Research Station.SC2Replay|
1039 1700 109 |[109, 9, 4]| | Vaani Research Station.SC2Replay|
1040 1700 109 |[109, 9, 4]| | Vaani Research Station.SC2Replay|
1041 1700 109 |[109, 9, 4]| | Vaani Research Station.SC2Replay|
1042 1700 109 |[109, 9, 4]| | Vaani Research Station.SC2Replay|
1043 1700 109 |[109, 9, 4]| | Vaani Research Station.SC2Replay|
1044 1700 109 |[109, 9, 4]| | Vaani Research Station.SC2Replay|
1045 1700 109 |[109, 9, 4]| | Vaani Research Station.SC2Replay|
1046 1700 109 |[109, 9, 4]| | Vaani Research Station.SC2Replay|
1047 1700 109 |[109, 9, 4]| | Vaani Research Station.SC2Replay|
1048 1700 109 |[109, 9, 4]| | Vaani Research Station.SC2Replay|
1049 1700 109 |[109, 9, 4]| | Vaani Research Station.SC2Replay|
1050 1700 109 |[109, 9, 4]| | Vaani Research Station.SC2Replay|
1051 1700 109 |[109, 9, 4]| | Vaani Research Station.SC2Replay|
1052 1700 109 |[109, 9, 4]| | Vaani Research Station.SC2Replay|
1053 1700 109 |[109, 9, 4]| | Vaani Research Station.SC2Replay|
1054 1700 109 |[109, 9, 4]| | Vaani Research Station.SC2Replay|
1055 1700 109 |[109, 9, 4]| | Vaani Research Station.SC2Replay|
1056 1700 109 |[109, 9, 4]| | Vaani Research Station.SC2Replay|
1057 1700 109 |[109, 9, 4]| | Vaani Research Station.SC2Replay|
1058 1700 109 |[109, 9, 4]| | Vaani Research Station.SC2Replay|
1059 1700 109 |[109, 9, 4]| | Vaani Research Station.SC2Replay|
1060 1700 109 |[109, 9, 4]| | Vaani Research Station.SC2Replay|
1061 1700 109 |[109, 9, 4]| | Vaani Research Station.SC2Replay|
1062 1700 109 |[109, 9, 4]| | Vaani Research Station.SC2Replay|
1063 1700 109 |[109, 9, 4]| | Vaani Research Station.SC2Replay|
1064 1700 109 |[109, 9, 4]| | Vaani Research Station.SC2Replay|
1065 1700 109 |[109, 9, 4]| | Vaani Research Station.SC2Replay|
1066 1700 109 |[109, 9, 4]| | Vaani Research Station.SC2Replay|
1067 1700 109 |[109, 9, 4]| | Vaani Research Station.SC2Replay|
1068 1700 109 |[109, 9, 4]| | Vaani Research Station.SC2Replay|
1069 1700 109 |[109, 9, 4]| | Vaani Research Station.SC2Replay|
1070 1700 109 |[109, 9, 4]| | Vaani Research Station.SC2Replay|
1071 1700 109 |[109, 9, 4]| | Vaani Research Station.SC2Replay|
1072 1700 109 |[109, 9, 4]| | Vaani Research Station.SC2Replay|
1073 1700 109 |[109, 9, 4]| | Vaani Research Station.SC2Replay|
1074 1700 109 |[109, 9, 4]| | Vaani Research Station.SC2Replay|
1075 1700 109 |[109, 9, 4]| | Vaani Research Station.SC2Replay|
1076 1700 109 |[109, 9, 4]| | Vaani Research Station.SC2Replay|
1077 1700 109 |[109, 9, 4]| | Vaani Research Station.SC2Replay|
1078 1700 109 |[109, 9, 4]| | Vaani Research Station.SC2Replay|
1079 1700 109 |[109, 9, 4]| | Vaani Research Station.SC2Replay|
1080 1700 109 |[109, 9, 4]| | Vaani Research Station.SC2Replay|
1081 1700 109 |[109, 9, 4]| | Vaani Research Station.SC2Replay|
1082 1700 109 |[109, 9, 4]| | Vaani Research Station.SC2Replay|
1083 1700 109 |[109, 9, 4]| | Vaani Research Station.SC2Replay|
1084 1700 109 |[109, 9, 4]| | Vaani Research Station.SC2Replay|
1085 1700 109 |[109, 9, 4]| | Vaani Research Station.SC2Replay|
1086 1700 109 |[109, 9, 4]| | Vaani Research Station.SC2Replay|
1087 1700 109 |[109, 9, 4]| | Vaani Research Station.SC2Replay|
1088 1700 109 |[109, 9, 4]| | Vaani Research Station.SC2Replay|
1089 1700 109 |[109, 9, 4]| | Vaani Research Station.SC2Replay|
1090 1700 109 |[109, 9, 4]| | Vaani Research Station.SC2Replay|
1091 1700 109 |[109, 9, 4]| | Vaani Research Station.SC2Replay|
1092 1700 109 |[109, 9, 4]| | Vaani Research Station.SC2Replay|
1093 1700 109 |[109, 9, 4]| | Vaani Research Station.SC2Replay|
1094 1700 109 |[109, 9, 4]| | Vaani Research Station.SC2Replay|
1095 1700 109 |[109, 9, 4]| | Vaani Research Station.SC2Replay|
1096 1700 109 |[109, 9, 4]| | Vaani Research Station.SC2Replay|
1097 1700 109 |[109, 9, 4]| | Vaani Research Station.SC2Replay|
1098 1700 109 |[109, 9, 4]| | Vaani Research Station.SC2Replay|
1099 1700 109 |[109, 9, 4]| | Vaani Research Station.SC2Replay|
1100 1700 109 |[109, 9, 4]| | Vaani Research Station.SC2Replay|
1101 1700 109 |[109, 9, 4]| | Vaani Research Station.SC2Replay|
1102 1700 109 |[109, 9, 4]| | Vaani Research Station.SC2Replay|
1103 1700 109 |[109, 9, 4]| | Vaani Research Station.SC2Replay|
1104 1700 109 |[109, 9, 4]| | Vaani Research Station.SC2Replay|
1105 1700 109 |[109, 9, 4]| | Vaani Research Station.SC2Replay|
1106 1700 109 |[109, 9, 4]| | Vaani Research Station.SC2Replay|
1107 1700 109 |[109, 9, 4]| | Vaani Research Station.SC2Replay|
1108 1700 109 |[109, 9, 4]| | Vaani Research Station.SC2Replay|
1109 1700 109 |[109, 9, 4]| | Vaani Research Station.SC2Replay|
1110 1700 109 |[109, 9, 4]| | Vaani Research Station.SC2Replay|
1111 1700 109 |[109, 9, 4]| | Vaani Research Station.SC2Replay|
1112 1700 109 |[109, 9, 4]| | Vaani Research Station.SC2Replay|
1113 1700 109 |[109, 9, 4]| | Vaani Research Station.SC2Replay|
1114 1700 109 |[109, 9, 4]| | Vaani Research Station.SC2Replay|
1115 1700 109 |[109, 9, 4]| | Vaani Research Station.SC2Replay|
1116 1700 109 |[109, 9, 4]| | Vaani Research Station.SC2Replay|
1117 1700 109 |[109, 9, 4]| | Vaani Research Station.SC2Replay|
1118 1700 109 |[109, 9, 4]| | Vaani Research Station.SC2Replay|
1119 1700 109 |[109, 9, 4]| | Vaani Research Station.SC2Replay|
1120 1700 109 |[109, 9, 4]| | Vaani Research Station.SC2Replay|
1121 1700 109 |[109, 9, 4]| | Vaani Research Station.SC2Replay|
1122 1700 109 |[109, 9, 4]| | Vaani Research Station.SC2Replay|
1123 1700 109 |[109, 9, 4]| | Vaani Research Station.SC2Replay|
1124 1700 109 |[109, 9, 4]| | Vaani Research Station.SC2Replay|
1125 1700 109 |[109, 9, 4]| | Vaani Research Station.SC2Replay|
1126 1700 109 |[109, 9, 4]| | Vaani Research Station.SC2Replay|
1127 1700 109 |[109, 9, 4]| | Vaani Research Station.SC2Replay|
1128 1700 109 |[109, 9, 4]| | Vaani Research Station.SC2Replay|
1129 1700 109 |[109, 9, 4]| | Vaani Research Station.SC2Replay|
1130 1700 109 |[109, 9, 4]| | Vaani Research Station.SC2Replay|
1131 1700 109 |[109, 9, 4]| | Vaani Research Station.SC2Replay|
1132 1700 109 |[109, 9, 4]| | Vaani Research Station.SC2Replay|
1133 1700 109 |[109, 9, 4]| | Vaani Research Station.SC2Replay|
1134 1700 109 |[109, 9, 4]| | Vaani Research Station.SC2Replay|
1135 1700 109 |[109, 9, 4]| | Vaani Research Station.SC2Replay|
1136 1700 109 |[109, 9, 4]| | Vaani Research Station.SC2Replay|
1137 1700 109 |[109, 9, 4]| | Vaani Research Station.SC2Replay|
1138 1700 109 |[109, 9, 4]| | Vaani Research Station.SC2Replay|
1139 1700 109 |[109, 9, 4]| | Vaani Research Station.SC2Replay|
1140 1700 109 |[109, 9, 4]| | Vaani Research Station.SC2Replay|
1141 1700 109 |[109, 9, 4]| | Vaani Research Station.SC2Replay|
1142 1700 109 |[109, 9, 4]| | Vaani Research Station.SC2Replay|
1143 1700 109 |[109, 9, 4]| | Vaani Research Station.SC2Replay|
1144 1700 109 |[109, 9, 4]| | Vaani Research Station.SC2Replay|
1145 1700 109 |[109, 9, 4]| | Vaani Research Station.SC2Replay|
1146 1700 109 |[109, 9, 4]| | Vaani Research Station.SC2Replay|
1147 1700 109 |[109, 9, 4]| | Vaani Research Station.SC2Replay|
1148 1700 109 |[109, 9, 4]| | Vaani Research Station.SC2Replay|
1149 1700 109 |[109, 9, 4]| | Vaani Research Station.SC2Replay|
1150 1700 109 |[109, 9, 4]| | Vaani Research Station.SC2Replay|
1151 1700 109 |[109, 9, 4]| | Vaani Research Station.SC2Replay|
1152 1700 109 |[109, 9, 4]| | Vaani Research Station.SC2Replay|
1153 1700 109 |[109, 9, 4]| | Vaani Research Station.SC2Replay|
1154 1700 109 |[109, 10, 4]| | Vaani Research Station.SC2Replay|
1155 1700 109 |[109, 10, 4]| | Vaani Research Station.SC2Replay|
1156 1700 109 |[109, 10, 4]| | Vaani Research Station.SC2Replay|
1157 1700 109 |[109, 10, 4]| | Vaani Research Station.SC2Replay|
1158 1700 109 |[109, 10, 4]| | Vaani Research Station.SC2Replay|
1159 1700 109 |[109, 10, 4]| | Vaani Research Station.SC2Replay|
1160 1700 109 |[109, 10, 4]| | Vaani Research Station.SC2Replay|
1161 1700 109 |[109, 10, 4]| | Vaani Research Station.SC2Replay|
1162 1700 109 |[109, 10, 4]| | Vaani Research Station.SC2Replay|
1163 1700 109 |[109, 10, 4]| | Vaani Research Station.SC2Replay|
1164 1700 109 |[109, 10, 4]| | Vaani Research Station.SC2Replay|
1165 1700 109 |[109, 10, 4]| | Vaani Research Station.SC2Replay|
1166 1700 109 |[109, 10, 4]| | Vaani Research Station.SC2Replay|
1167 1700 109 |[109, 10, 4]| | Vaani Research Station.SC2Replay|
1168 1700 109 |[109, 10, 4]| | Vaani Research Station.SC2Replay|
1169 1700 109 |[109, 10, 4]| | Vaani Research Station.SC2Replay|
1170 1700 109 |[109, 10, 4]| | Vaani Research Station.SC2Replay|
1171 1700 109 |[109, 10, 4]| | Vaani Research Station.SC2Replay|
1172 1700 109 |[109, 10, 4]| | Vaani Research Station.SC2Replay|
1173 1700 110 |[110, 10, 4]| | Vaani Research Station.SC2Replay|
1174 1700 111 |[111, 10, 4]| | Vaani Research Station.SC2Replay|
1175 1700 111 |[111, 10, 4]| | Vaani Research Station.SC2Replay|
1176 1700 111 |[111, 10, 4]| | Vaani Research Station.SC2Replay|
1177 1700 111 |[111, 10, 4]| | Vaani Research Station.SC2Replay|
1178 1700 111 |[111, 10, 4]| | Vaani Research Station.SC2Replay|
1179 1700 111 |[111, 10, 4]| | Vaani Research Station.SC2Replay|
1180 1700 111 |[111, 10, 4]| | Vaani Research Station.SC2Replay|
1181 1700 111 |[111, 10, 4]| | Vaani Research Station.SC2Replay|
1182 1700 111 |[111, 10, 4]| | Vaani Research Station.SC2Replay|
1183 1700 111 |[111, 10, 4]| | Vaani Research Station.SC2Replay|
1184 1700 111 |[111, 10, 4]| | Vaani Research Station.SC2Replay|
1185 1700 111 |[111, 10, 4]| | Vaani Research Station.SC2Replay|
1186 1700 111 |[111, 10, 4]| | Vaani Research Station.SC2Replay|
1187 1700 111 |[111, 10, 4]| | Vaani Research Station.SC2Replay|
1188 1700 111 |[111, 10, 4]| | Vaani Research Station.SC2Replay|
1189 1700 111 |[111, 10, 4]| | Vaani Research Station.SC2Replay|
1190 1700 111 |[111, 10, 4]| | Vaani Research Station.SC2Replay|
1191 1700 111 |[111, 10, 4]| | Vaani Research Station.SC2Replay|
1192 1700 111 |[111, 10, 4]| | Vaani Research Station.SC2Replay|
