0 0 1 |[1, 0, 0]| | Overgrowth LE.SC2Replay|
1 0 1 |[1, 0, 0]| | Overgrowth LE.SC2Replay|
2 0 1 |[1, 0, 0]| | Overgrowth LE.SC2Replay|
3 0 1 |[1, 0, 0]| | Overgrowth LE.SC2Replay|
4 0 1 |[1, 0, 0]| | Overgrowth LE.SC2Replay|
5 0 1 |[1, 0, 0]| | Overgrowth LE.SC2Replay|
6 0 1 |[1, 0, 0]| | Overgrowth LE.SC2Replay|
7 0 1 |[1, 0, 0]| | Overgrowth LE.SC2Replay|
8 0 1 |[1, 0, 0]| | Overgrowth LE.SC2Replay|
9 0 1 |[1, 0, 0]| | Overgrowth LE.SC2Replay|
10 0 1 |[1, 0, 0]| | Overgrowth LE.SC2Replay|
11 0 1 |[1, 0, 0]| | Overgrowth LE.SC2Replay|
12 0 1 |[1, 0, 0]| | Overgrowth LE.SC2Replay|
13 0 1 |[1, 0, 0]| | Overgrowth LE.SC2Replay|
14 0 1 |[1, 0, 0]| | Overgrowth LE.SC2Replay|
15 0 1 |[1, 0, 0]| | Overgrowth LE.SC2Replay|
16 0 2 |[2, 0, 0]| | Overgrowth LE.SC2Replay|
17 0 2 |[2, 0, 0]| | Overgrowth LE.SC2Replay|
18 0 2 |[2, 0, 0]| | Overgrowth LE.SC2Replay|
19 0 2 |[2, 0, 0]| | Overgrowth LE.SC2Replay|
20 0 2 |[2, 0, 0]| | Overgrowth LE.SC2Replay|
21 0 2 |[2, 0, 0]| | Overgrowth LE.SC2Replay|
22 0 2 |[2, 0, 0]| | Overgrowth LE.SC2Replay|
23 0 2 |[2, 0, 0]| | Overgrowth LE.SC2Replay|
24 0 2 |[2, 0, 0]| | Overgrowth LE.SC2Replay|
25 0 2 |[2, 0, 0]| | Overgrowth LE.SC2Replay|
26 0 2 |[2, 0, 0]| | Overgrowth LE.SC2Replay|
27 0 2 |[2, 0, 0]| | Overgrowth LE.SC2Replay|
28 0 3 |[3, 0, 0]| | Overgrowth LE.SC2Replay|
29 0 3 |[3, 0, 0]| | Overgrowth LE.SC2Replay|
30 0 3 |[3, 0, 0]| | Overgrowth LE.SC2Replay|
31 0 3 |[3, 0, 0]| | Overgrowth LE.SC2Replay|
32 0 3 |[3, 0, 0]| | Overgrowth LE.SC2Replay|
33 0 3 |[3, 0, 0]| | Overgrowth LE.SC2Replay|
34 0 3 |[3, 0, 0]| | Overgrowth LE.SC2Replay|
35 0 3 |[3, 0, 0]| | Overgrowth LE.SC2Replay|
36 0 3 |[3, 0, 0]| | Overgrowth LE.SC2Replay|
37 0 3 |[3, 0, 0]| | Overgrowth LE.SC2Replay|
38 0 3 |[3, 0, 0]| | Overgrowth LE.SC2Replay|
39 0 3 |[3, 0, 0]| | Overgrowth LE.SC2Replay|
40 0 3 |[3, 0, 0]| | Overgrowth LE.SC2Replay|
41 0 3 |[3, 0, 0]| | Overgrowth LE.SC2Replay|
42 0 3 |[3, 0, 0]| | Overgrowth LE.SC2Replay|
43 0 3 |[3, 0, 0]| | Overgrowth LE.SC2Replay|
44 0 3 |[3, 0, 0]| | Overgrowth LE.SC2Replay|
45 0 3 |[3, 0, 0]| | Overgrowth LE.SC2Replay|
46 0 3 |[3, 0, 0]| | Overgrowth LE.SC2Replay|
47 0 3 |[3, 0, 0]| | Overgrowth LE.SC2Replay|
48 0 3 |[3, 0, 0]| | Overgrowth LE.SC2Replay|
49 0 3 |[3, 0, 0]| | Overgrowth LE.SC2Replay|
50 0 3 |[3, 0, 0]| | Overgrowth LE.SC2Replay|
51 0 3 |[3, 0, 0]| | Overgrowth LE.SC2Replay|
52 0 3 |[3, 0, 0]| | Overgrowth LE.SC2Replay|
53 0 3 |[3, 0, 0]| | Overgrowth LE.SC2Replay|
54 0 4 |[4, 0, 0]| | Overgrowth LE.SC2Replay|
55 0 4 |[4, 0, 0]| | Overgrowth LE.SC2Replay|
56 0 4 |[4, 0, 0]| | Overgrowth LE.SC2Replay|
57 0 4 |[4, 0, 0]| | Overgrowth LE.SC2Replay|
58 0 4 |[4, 0, 0]| | Overgrowth LE.SC2Replay|
59 0 4 |[4, 0, 0]| | Overgrowth LE.SC2Replay|
60 0 4 |[4, 0, 0]| | Overgrowth LE.SC2Replay|
61 0 4 |[4, 0, 0]| | Overgrowth LE.SC2Replay|
62 0 4 |[4, 0, 0]| | Overgrowth LE.SC2Replay|
63 0 4 |[4, 0, 0]| | Overgrowth LE.SC2Replay|
64 0 4 |[4, 0, 0]| | Overgrowth LE.SC2Replay|
65 0 4 |[4, 0, 0]| | Overgrowth LE.SC2Replay|
66 0 4 |[4, 0, 0]| | Overgrowth LE.SC2Replay|
67 0 4 |[4, 0, 0]| | Overgrowth LE.SC2Replay|
68 0 4 |[4, 0, 0]| | Overgrowth LE.SC2Replay|
69 0 4 |[4, 0, 0]| | Overgrowth LE.SC2Replay|
70 0 4 |[4, 0, 0]| | Overgrowth LE.SC2Replay|
71 0 4 |[4, 0, 0]| | Overgrowth LE.SC2Replay|
72 0 5 |[5, 0, 0]| | Overgrowth LE.SC2Replay|
73 0 6 |[6, 0, 0]| | Overgrowth LE.SC2Replay|
74 0 6 |[6, 0, 0]| | Overgrowth LE.SC2Replay|
75 0 6 |[6, 0, 0]| | Overgrowth LE.SC2Replay|
76 0 6 |[6, 0, 0]| | Overgrowth LE.SC2Replay|
77 0 6 |[6, 0, 0]| | Overgrowth LE.SC2Replay|
78 0 6 |[6, 0, 0]| | Overgrowth LE.SC2Replay|
79 0 6 |[6, 0, 0]| | Overgrowth LE.SC2Replay|
80 0 7 |[7, 0, 0]| | Overgrowth LE.SC2Replay|
81 0 7 |[7, 0, 0]| | Overgrowth LE.SC2Replay|
82 0 7 |[7, 0, 0]| | Overgrowth LE.SC2Replay|
83 0 7 |[7, 0, 0]| | Overgrowth LE.SC2Replay|
84 0 7 |[7, 0, 0]| | Overgrowth LE.SC2Replay|
85 0 7 |[7, 0, 0]| | Overgrowth LE.SC2Replay|
86 0 7 |[7, 0, 0]| | Overgrowth LE.SC2Replay|
87 0 7 |[7, 0, 0]| | Overgrowth LE.SC2Replay|
88 0 7 |[7, 0, 0]| | Overgrowth LE.SC2Replay|
89 0 7 |[7, 0, 0]| | Overgrowth LE.SC2Replay|
90 0 7 |[7, 0, 0]| | Overgrowth LE.SC2Replay|
91 0 7 |[7, 0, 0]| | Overgrowth LE.SC2Replay|
92 0 8 |[8, 0, 0]| | Overgrowth LE.SC2Replay|
93 0 8 |[8, 0, 0]| | Overgrowth LE.SC2Replay|
94 0 8 |[8, 0, 0]| | Overgrowth LE.SC2Replay|
95 0 8 |[8, 0, 0]| | Overgrowth LE.SC2Replay|
96 0 8 |[8, 0, 0]| | Overgrowth LE.SC2Replay|
97 0 8 |[8, 0, 0]| | Overgrowth LE.SC2Replay|
98 0 8 |[8, 0, 0]| | Overgrowth LE.SC2Replay|
99 0 8 |[8, 0, 0]| | Overgrowth LE.SC2Replay|
100 0 8 |[8, 0, 0]| | Overgrowth LE.SC2Replay|
101 0 8 |[8, 0, 0]| | Overgrowth LE.SC2Replay|
102 0 8 |[8, 0, 0]| | Overgrowth LE.SC2Replay|
103 0 8 |[8, 0, 0]| | Overgrowth LE.SC2Replay|
104 0 8 |[8, 0, 0]| | Overgrowth LE.SC2Replay|
105 0 8 |[8, 0, 0]| | Overgrowth LE.SC2Replay|
106 0 8 |[8, 0, 0]| | Overgrowth LE.SC2Replay|
107 0 9 |[9, 0, 0]| | Overgrowth LE.SC2Replay|
108 0 9 |[9, 0, 0]| | Overgrowth LE.SC2Replay|
109 0 9 |[9, 0, 0]| | Overgrowth LE.SC2Replay|
110 0 9 |[9, 0, 0]| | Overgrowth LE.SC2Replay|
111 0 9 |[9, 0, 0]| | Overgrowth LE.SC2Replay|
112 0 9 |[9, 0, 0]| | Overgrowth LE.SC2Replay|
113 0 9 |[9, 0, 0]| | Overgrowth LE.SC2Replay|
114 0 9 |[9, 0, 0]| | Overgrowth LE.SC2Replay|
115 0 9 |[9, 0, 0]| | Overgrowth LE.SC2Replay|
116 0 9 |[9, 0, 0]| | Overgrowth LE.SC2Replay|
117 0 9 |[9, 0, 0]| | Overgrowth LE.SC2Replay|
118 0 9 |[9, 0, 0]| | Overgrowth LE.SC2Replay|
119 0 9 |[9, 0, 0]| | Overgrowth LE.SC2Replay|
120 0 9 |[9, 0, 0]| | Overgrowth LE.SC2Replay|
121 0 9 |[9, 0, 0]| | Overgrowth LE.SC2Replay|
122 0 9 |[9, 0, 0]| | Overgrowth LE.SC2Replay|
123 0 9 |[9, 0, 0]| | Overgrowth LE.SC2Replay|
124 0 9 |[9, 0, 0]| | Overgrowth LE.SC2Replay|
125 0 9 |[9, 0, 1]| | Overgrowth LE.SC2Replay|
126 0 9 |[9, 0, 1]| | Overgrowth LE.SC2Replay|
127 0 9 |[9, 0, 1]| | Overgrowth LE.SC2Replay|
128 0 9 |[9, 0, 1]| | Overgrowth LE.SC2Replay|
129 0 10 |[10, 0, 1]| | Overgrowth LE.SC2Replay|
130 0 10 |[10, 0, 1]| | Overgrowth LE.SC2Replay|
131 0 10 |[10, 0, 1]| | Overgrowth LE.SC2Replay|
132 0 10 |[10, 0, 1]| | Overgrowth LE.SC2Replay|
133 0 10 |[10, 0, 1]| | Overgrowth LE.SC2Replay|
134 0 10 |[10, 0, 1]| | Overgrowth LE.SC2Replay|
135 0 10 |[10, 0, 1]| | Overgrowth LE.SC2Replay|
136 0 10 |[10, 0, 1]| | Overgrowth LE.SC2Replay|
137 0 11 |[11, 0, 1]| | Overgrowth LE.SC2Replay|
138 0 11 |[11, 0, 1]| | Overgrowth LE.SC2Replay|
139 0 11 |[11, 0, 1]| | Overgrowth LE.SC2Replay|
140 0 11 |[11, 0, 1]| | Overgrowth LE.SC2Replay|
141 0 11 |[11, 0, 1]| | Overgrowth LE.SC2Replay|
142 0 11 |[11, 0, 1]| | Overgrowth LE.SC2Replay|
143 0 11 |[11, 0, 1]| | Overgrowth LE.SC2Replay|
144 0 11 |[11, 0, 1]| | Overgrowth LE.SC2Replay|
145 0 11 |[11, 0, 1]| | Overgrowth LE.SC2Replay|
146 0 11 |[11, 0, 1]| | Overgrowth LE.SC2Replay|
147 0 11 |[11, 0, 1]| | Overgrowth LE.SC2Replay|
148 0 11 |[11, 0, 1]| | Overgrowth LE.SC2Replay|
149 0 11 |[11, 1, 1]| | Overgrowth LE.SC2Replay|
150 0 11 |[11, 1, 1]| | Overgrowth LE.SC2Replay|
151 0 11 |[11, 1, 1]| | Overgrowth LE.SC2Replay|
152 0 11 |[11, 1, 1]| | Overgrowth LE.SC2Replay|
153 0 11 |[11, 1, 1]| | Overgrowth LE.SC2Replay|
154 0 11 |[11, 1, 1]| | Overgrowth LE.SC2Replay|
155 0 11 |[11, 1, 1]| | Overgrowth LE.SC2Replay|
156 0 11 |[11, 1, 1]| | Overgrowth LE.SC2Replay|
157 0 11 |[11, 1, 1]| | Overgrowth LE.SC2Replay|
158 0 11 |[11, 1, 1]| | Overgrowth LE.SC2Replay|
159 0 11 |[11, 1, 1]| | Overgrowth LE.SC2Replay|
160 0 11 |[11, 1, 1]| | Overgrowth LE.SC2Replay|
161 0 12 |[12, 1, 1]| | Overgrowth LE.SC2Replay|
162 0 12 |[12, 1, 1]| | Overgrowth LE.SC2Replay|
163 0 12 |[12, 1, 1]| | Overgrowth LE.SC2Replay|
164 0 12 |[12, 1, 1]| | Overgrowth LE.SC2Replay|
165 0 12 |[12, 1, 1]| | Overgrowth LE.SC2Replay|
166 0 12 |[12, 1, 1]| | Overgrowth LE.SC2Replay|
167 0 13 |[13, 1, 1]| | Overgrowth LE.SC2Replay|
168 0 13 |[13, 1, 1]| | Overgrowth LE.SC2Replay|
169 0 13 |[13, 1, 1]| | Overgrowth LE.SC2Replay|
170 0 13 |[13, 1, 1]| | Overgrowth LE.SC2Replay|
171 0 13 |[13, 1, 1]| | Overgrowth LE.SC2Replay|
172 0 13 |[13, 1, 1]| | Overgrowth LE.SC2Replay|
173 0 13 |[13, 1, 1]| | Overgrowth LE.SC2Replay|
174 0 13 |[13, 1, 1]| | Overgrowth LE.SC2Replay|
175 0 13 |[13, 1, 1]| | Overgrowth LE.SC2Replay|
176 0 13 |[13, 1, 1]| | Overgrowth LE.SC2Replay|
177 0 13 |[13, 1, 1]| | Overgrowth LE.SC2Replay|
178 0 13 |[13, 1, 1]| | Overgrowth LE.SC2Replay|
179 0 13 |[13, 1, 1]| | Overgrowth LE.SC2Replay|
180 0 13 |[13, 1, 1]| | Overgrowth LE.SC2Replay|
181 0 13 |[13, 1, 1]| | Overgrowth LE.SC2Replay|
182 0 13 |[13, 1, 1]| | Overgrowth LE.SC2Replay|
183 0 13 |[13, 1, 1]| | Overgrowth LE.SC2Replay|
184 0 13 |[13, 1, 1]| | Overgrowth LE.SC2Replay|
185 0 13 |[13, 1, 1]| | Overgrowth LE.SC2Replay|
186 0 13 |[13, 1, 1]| | Overgrowth LE.SC2Replay|
187 0 13 |[13, 1, 1]| | Overgrowth LE.SC2Replay|
188 0 13 |[13, 1, 1]| | Overgrowth LE.SC2Replay|
189 0 13 |[13, 1, 1]| | Overgrowth LE.SC2Replay|
190 0 13 |[13, 1, 1]| | Overgrowth LE.SC2Replay|
191 0 13 |[13, 1, 1]| | Overgrowth LE.SC2Replay|
192 0 13 |[13, 1, 1]| | Overgrowth LE.SC2Replay|
193 0 13 |[13, 1, 1]| | Overgrowth LE.SC2Replay|
194 0 13 |[13, 1, 1]| | Overgrowth LE.SC2Replay|
195 0 13 |[13, 1, 1]| | Overgrowth LE.SC2Replay|
196 0 13 |[13, 1, 1]| | Overgrowth LE.SC2Replay|
197 0 13 |[13, 1, 1]| | Overgrowth LE.SC2Replay|
198 0 13 |[13, 1, 1]| | Overgrowth LE.SC2Replay|
199 0 13 |[13, 1, 1]| | Overgrowth LE.SC2Replay|
200 0 13 |[13, 1, 1]| | Overgrowth LE.SC2Replay|
201 0 13 |[13, 1, 1]| | Overgrowth LE.SC2Replay|
202 0 13 |[13, 1, 1]| | Overgrowth LE.SC2Replay|
203 0 13 |[13, 1, 1]| | Overgrowth LE.SC2Replay|
204 0 13 |[13, 1, 1]| | Overgrowth LE.SC2Replay|
205 0 13 |[13, 1, 1]| | Overgrowth LE.SC2Replay|
206 0 13 |[13, 1, 1]| | Overgrowth LE.SC2Replay|
207 0 13 |[13, 1, 1]| | Overgrowth LE.SC2Replay|
208 0 13 |[13, 1, 1]| | Overgrowth LE.SC2Replay|
209 0 13 |[13, 1, 1]| | Overgrowth LE.SC2Replay|
210 0 13 |[13, 1, 1]| | Overgrowth LE.SC2Replay|
211 0 13 |[13, 1, 1]| | Overgrowth LE.SC2Replay|
212 0 13 |[13, 1, 1]| | Overgrowth LE.SC2Replay|
213 0 13 |[13, 1, 1]| | Overgrowth LE.SC2Replay|
214 0 13 |[13, 1, 1]| | Overgrowth LE.SC2Replay|
215 0 13 |[13, 1, 1]| | Overgrowth LE.SC2Replay|
216 0 13 |[13, 1, 1]| | Overgrowth LE.SC2Replay|
217 0 13 |[13, 1, 1]| | Overgrowth LE.SC2Replay|
218 0 13 |[13, 1, 1]| | Overgrowth LE.SC2Replay|
219 0 13 |[13, 1, 1]| | Overgrowth LE.SC2Replay|
220 0 13 |[13, 1, 1]| | Overgrowth LE.SC2Replay|
221 0 13 |[13, 1, 1]| | Overgrowth LE.SC2Replay|
222 0 13 |[13, 1, 1]| | Overgrowth LE.SC2Replay|
223 0 13 |[13, 1, 1]| | Overgrowth LE.SC2Replay|
224 50 13 |[13, 1, 1]| | Overgrowth LE.SC2Replay|
225 100 13 |[13, 1, 1]| | Overgrowth LE.SC2Replay|
226 150 13 |[13, 1, 1]| | Overgrowth LE.SC2Replay|
227 200 13 |[13, 1, 1]| | Overgrowth LE.SC2Replay|
228 200 13 |[13, 1, 1]| | Overgrowth LE.SC2Replay|
229 250 13 |[13, 1, 1]| | Overgrowth LE.SC2Replay|
230 300 13 |[13, 1, 1]| | Overgrowth LE.SC2Replay|
231 350 13 |[13, 1, 1]| | Overgrowth LE.SC2Replay|
232 400 13 |[13, 1, 1]| | Overgrowth LE.SC2Replay|
233 400 13 |[13, 1, 1]| | Overgrowth LE.SC2Replay|
234 400 13 |[13, 1, 1]| | Overgrowth LE.SC2Replay|
235 400 13 |[13, 1, 1]| | Overgrowth LE.SC2Replay|
236 400 13 |[13, 1, 1]| | Overgrowth LE.SC2Replay|
237 400 13 |[13, 1, 1]| | Overgrowth LE.SC2Replay|
238 400 13 |[13, 1, 1]| | Overgrowth LE.SC2Replay|
239 400 13 |[13, 1, 1]| | Overgrowth LE.SC2Replay|
240 400 13 |[13, 1, 1]| | Overgrowth LE.SC2Replay|
241 450 13 |[13, 1, 1]| | Overgrowth LE.SC2Replay|
242 500 13 |[13, 1, 1]| | Overgrowth LE.SC2Replay|
243 550 13 |[13, 1, 1]| | Overgrowth LE.SC2Replay|
244 600 13 |[13, 1, 1]| | Overgrowth LE.SC2Replay|
245 600 13 |[13, 1, 1]| | Overgrowth LE.SC2Replay|
246 600 13 |[13, 1, 1]| | Overgrowth LE.SC2Replay|
247 600 13 |[13, 1, 1]| | Overgrowth LE.SC2Replay|
248 600 13 |[13, 1, 1]| | Overgrowth LE.SC2Replay|
249 600 13 |[13, 1, 1]| | Overgrowth LE.SC2Replay|
250 600 13 |[13, 1, 1]| | Overgrowth LE.SC2Replay|
251 600 13 |[13, 1, 1]| | Overgrowth LE.SC2Replay|
252 600 13 |[13, 1, 1]| | Overgrowth LE.SC2Replay|
253 600 13 |[13, 1, 1]| | Overgrowth LE.SC2Replay|
254 600 13 |[13, 1, 1]| | Overgrowth LE.SC2Replay|
255 600 13 |[13, 1, 1]| | Overgrowth LE.SC2Replay|
256 600 13 |[13, 1, 1]| | Overgrowth LE.SC2Replay|
257 600 13 |[13, 1, 1]| | Overgrowth LE.SC2Replay|
258 600 13 |[13, 1, 1]| | Overgrowth LE.SC2Replay|
259 600 13 |[13, 1, 1]| | Overgrowth LE.SC2Replay|
260 600 13 |[13, 1, 1]| | Overgrowth LE.SC2Replay|
261 600 13 |[13, 1, 1]| | Overgrowth LE.SC2Replay|
262 600 13 |[13, 1, 1]| | Overgrowth LE.SC2Replay|
263 600 13 |[13, 1, 1]| | Overgrowth LE.SC2Replay|
264 600 13 |[13, 1, 1]| | Overgrowth LE.SC2Replay|
265 600 13 |[13, 1, 1]| | Overgrowth LE.SC2Replay|
266 600 13 |[13, 1, 1]| | Overgrowth LE.SC2Replay|
267 600 13 |[13, 1, 1]| | Overgrowth LE.SC2Replay|
268 600 13 |[13, 1, 1]| | Overgrowth LE.SC2Replay|
269 600 13 |[13, 1, 1]| | Overgrowth LE.SC2Replay|
270 600 13 |[13, 1, 1]| | Overgrowth LE.SC2Replay|
271 600 13 |[13, 1, 1]| | Overgrowth LE.SC2Replay|
272 600 13 |[13, 1, 1]| | Overgrowth LE.SC2Replay|
273 600 14 |[14, 1, 1]| | Overgrowth LE.SC2Replay|
274 600 14 |[14, 1, 1]| | Overgrowth LE.SC2Replay|
275 600 14 |[14, 1, 1]| | Overgrowth LE.SC2Replay|
276 600 15 |[15, 1, 1]| | Overgrowth LE.SC2Replay|
277 600 15 |[15, 1, 1]| | Overgrowth LE.SC2Replay|
278 600 15 |[15, 1, 1]| | Overgrowth LE.SC2Replay|
279 600 15 |[15, 1, 1]| | Overgrowth LE.SC2Replay|
280 600 15 |[15, 1, 1]| | Overgrowth LE.SC2Replay|
281 600 15 |[15, 1, 1]| | Overgrowth LE.SC2Replay|
282 600 15 |[15, 1, 1]| | Overgrowth LE.SC2Replay|
283 600 15 |[15, 1, 1]| | Overgrowth LE.SC2Replay|
284 600 15 |[15, 1, 2]| | Overgrowth LE.SC2Replay|
285 600 15 |[15, 1, 2]| | Overgrowth LE.SC2Replay|
286 600 15 |[15, 1, 2]| | Overgrowth LE.SC2Replay|
287 600 15 |[15, 1, 2]| | Overgrowth LE.SC2Replay|
288 600 15 |[15, 1, 2]| | Overgrowth LE.SC2Replay|
289 600 15 |[15, 1, 2]| | Overgrowth LE.SC2Replay|
290 600 15 |[15, 1, 2]| | Overgrowth LE.SC2Replay|
291 600 15 |[15, 1, 2]| | Overgrowth LE.SC2Replay|
292 600 15 |[15, 1, 2]| | Overgrowth LE.SC2Replay|
293 600 15 |[15, 1, 2]| | Overgrowth LE.SC2Replay|
294 600 15 |[15, 1, 2]| | Overgrowth LE.SC2Replay|
295 600 15 |[15, 1, 2]| | Overgrowth LE.SC2Replay|
296 600 15 |[15, 1, 2]| | Overgrowth LE.SC2Replay|
297 600 15 |[15, 1, 2]| | Overgrowth LE.SC2Replay|
298 600 15 |[15, 1, 2]| | Overgrowth LE.SC2Replay|
299 600 15 |[15, 1, 2]| | Overgrowth LE.SC2Replay|
300 600 15 |[15, 1, 2]| | Overgrowth LE.SC2Replay|
301 600 15 |[15, 1, 2]| | Overgrowth LE.SC2Replay|
302 600 15 |[15, 1, 2]| | Overgrowth LE.SC2Replay|
303 600 15 |[15, 1, 2]| | Overgrowth LE.SC2Replay|
304 600 15 |[15, 1, 2]| | Overgrowth LE.SC2Replay|
305 600 15 |[15, 1, 2]| | Overgrowth LE.SC2Replay|
306 600 15 |[15, 1, 2]| | Overgrowth LE.SC2Replay|
307 600 15 |[15, 1, 2]| | Overgrowth LE.SC2Replay|
308 600 15 |[15, 1, 2]| | Overgrowth LE.SC2Replay|
309 600 15 |[15, 1, 2]| | Overgrowth LE.SC2Replay|
310 600 15 |[15, 1, 2]| | Overgrowth LE.SC2Replay|
311 600 15 |[15, 1, 2]| | Overgrowth LE.SC2Replay|
312 600 15 |[15, 1, 2]| | Overgrowth LE.SC2Replay|
313 600 15 |[15, 1, 2]| | Overgrowth LE.SC2Replay|
314 600 15 |[15, 1, 2]| | Overgrowth LE.SC2Replay|
315 600 15 |[15, 1, 2]| | Overgrowth LE.SC2Replay|
316 600 15 |[15, 1, 2]| | Overgrowth LE.SC2Replay|
317 600 15 |[15, 1, 2]| | Overgrowth LE.SC2Replay|
318 600 15 |[15, 1, 2]| | Overgrowth LE.SC2Replay|
319 600 15 |[15, 1, 2]| | Overgrowth LE.SC2Replay|
320 600 15 |[15, 1, 2]| | Overgrowth LE.SC2Replay|
321 600 15 |[15, 1, 2]| | Overgrowth LE.SC2Replay|
322 600 15 |[15, 1, 2]| | Overgrowth LE.SC2Replay|
323 600 15 |[15, 1, 2]| | Overgrowth LE.SC2Replay|
324 600 15 |[15, 1, 2]| | Overgrowth LE.SC2Replay|
325 600 15 |[15, 1, 2]| | Overgrowth LE.SC2Replay|
326 600 15 |[15, 1, 2]| | Overgrowth LE.SC2Replay|
327 600 15 |[15, 1, 2]| | Overgrowth LE.SC2Replay|
328 600 15 |[15, 1, 2]| | Overgrowth LE.SC2Replay|
329 650 15 |[15, 1, 2]| | Overgrowth LE.SC2Replay|
330 700 15 |[15, 1, 2]| | Overgrowth LE.SC2Replay|
331 750 15 |[15, 1, 2]| | Overgrowth LE.SC2Replay|
332 800 15 |[15, 1, 2]| | Overgrowth LE.SC2Replay|
333 850 15 |[15, 1, 2]| | Overgrowth LE.SC2Replay|
334 900 15 |[15, 1, 2]| | Overgrowth LE.SC2Replay|
335 950 15 |[15, 1, 2]| | Overgrowth LE.SC2Replay|
336 1000 15 |[15, 1, 2]| | Overgrowth LE.SC2Replay|
337 1050 15 |[15, 1, 2]| | Overgrowth LE.SC2Replay|
338 1100 15 |[15, 1, 2]| | Overgrowth LE.SC2Replay|
339 1150 15 |[15, 1, 2]| | Overgrowth LE.SC2Replay|
340 1200 15 |[15, 1, 2]| | Overgrowth LE.SC2Replay|
341 1200 15 |[15, 1, 2]| | Overgrowth LE.SC2Replay|
342 1200 15 |[15, 1, 2]| | Overgrowth LE.SC2Replay|
343 1200 15 |[15, 1, 2]| | Overgrowth LE.SC2Replay|
344 1200 15 |[15, 1, 2]| | Overgrowth LE.SC2Replay|
345 1200 15 |[15, 1, 2]| | Overgrowth LE.SC2Replay|
346 1250 15 |[15, 1, 2]| | Overgrowth LE.SC2Replay|
347 1300 15 |[15, 1, 2]| | Overgrowth LE.SC2Replay|
348 1300 15 |[15, 1, 2]| | Overgrowth LE.SC2Replay|
349 1300 15 |[15, 1, 2]| | Overgrowth LE.SC2Replay|
350 1300 15 |[15, 1, 2]| | Overgrowth LE.SC2Replay|
351 1300 15 |[15, 1, 2]| | Overgrowth LE.SC2Replay|
352 1300 15 |[15, 1, 2]| | Overgrowth LE.SC2Replay|
353 1300 15 |[15, 1, 2]| | Overgrowth LE.SC2Replay|
354 1300 15 |[15, 1, 2]| | Overgrowth LE.SC2Replay|
355 1300 15 |[15, 1, 2]| | Overgrowth LE.SC2Replay|
356 1300 15 |[15, 1, 2]| | Overgrowth LE.SC2Replay|
357 1300 15 |[15, 1, 2]| | Overgrowth LE.SC2Replay|
358 1300 15 |[15, 1, 2]| | Overgrowth LE.SC2Replay|
359 1300 15 |[15, 1, 2]| | Overgrowth LE.SC2Replay|
360 1350 15 |[15, 1, 2]| | Overgrowth LE.SC2Replay|
361 1400 15 |[15, 1, 2]| | Overgrowth LE.SC2Replay|
362 1400 15 |[15, 1, 2]| | Overgrowth LE.SC2Replay|
363 1400 15 |[15, 1, 2]| | Overgrowth LE.SC2Replay|
364 1400 15 |[15, 1, 2]| | Overgrowth LE.SC2Replay|
365 1400 15 |[15, 1, 2]| | Overgrowth LE.SC2Replay|
366 1400 15 |[15, 1, 2]| | Overgrowth LE.SC2Replay|
367 1400 15 |[15, 1, 2]| | Overgrowth LE.SC2Replay|
368 1400 15 |[15, 1, 2]| | Overgrowth LE.SC2Replay|
369 1400 15 |[15, 1, 2]| | Overgrowth LE.SC2Replay|
370 1400 15 |[15, 1, 2]| | Overgrowth LE.SC2Replay|
371 1400 15 |[15, 1, 2]| | Overgrowth LE.SC2Replay|
372 1400 15 |[15, 1, 2]| | Overgrowth LE.SC2Replay|
373 1400 15 |[15, 1, 2]| | Overgrowth LE.SC2Replay|
374 1400 15 |[15, 1, 2]| | Overgrowth LE.SC2Replay|
375 1400 15 |[15, 1, 3]| | Overgrowth LE.SC2Replay|
376 1400 15 |[15, 1, 3]| | Overgrowth LE.SC2Replay|
377 1450 15 |[15, 1, 3]| | Overgrowth LE.SC2Replay|
378 1500 15 |[15, 1, 3]| | Overgrowth LE.SC2Replay|
379 1500 15 |[15, 1, 3]| | Overgrowth LE.SC2Replay|
380 1500 15 |[15, 1, 3]| | Overgrowth LE.SC2Replay|
381 1500 15 |[15, 1, 3]| | Overgrowth LE.SC2Replay|
382 1500 15 |[15, 1, 3]| | Overgrowth LE.SC2Replay|
383 1500 15 |[15, 1, 3]| | Overgrowth LE.SC2Replay|
384 1500 15 |[15, 1, 3]| | Overgrowth LE.SC2Replay|
385 1500 15 |[15, 1, 3]| | Overgrowth LE.SC2Replay|
386 1500 15 |[15, 1, 3]| | Overgrowth LE.SC2Replay|
387 1500 15 |[15, 1, 3]| | Overgrowth LE.SC2Replay|
388 1500 15 |[15, 1, 3]| | Overgrowth LE.SC2Replay|
389 1500 15 |[15, 1, 3]| | Overgrowth LE.SC2Replay|
390 1500 15 |[15, 1, 3]| | Overgrowth LE.SC2Replay|
391 1500 15 |[15, 1, 3]| | Overgrowth LE.SC2Replay|
392 1500 15 |[15, 1, 3]| | Overgrowth LE.SC2Replay|
393 1500 15 |[15, 1, 3]| | Overgrowth LE.SC2Replay|
394 1500 15 |[15, 1, 3]| | Overgrowth LE.SC2Replay|
395 1500 15 |[15, 1, 3]| | Overgrowth LE.SC2Replay|
396 1500 15 |[15, 1, 3]| | Overgrowth LE.SC2Replay|
397 1500 15 |[15, 1, 3]| | Overgrowth LE.SC2Replay|
398 1500 15 |[15, 1, 3]| | Overgrowth LE.SC2Replay|
399 1500 15 |[15, 1, 3]| | Overgrowth LE.SC2Replay|
400 1500 15 |[15, 1, 3]| | Overgrowth LE.SC2Replay|
401 1500 15 |[15, 1, 3]| | Overgrowth LE.SC2Replay|
402 1550 15 |[15, 1, 3]| | Overgrowth LE.SC2Replay|
403 1600 15 |[15, 1, 3]| | Overgrowth LE.SC2Replay|
404 1650 15 |[15, 1, 3]| | Overgrowth LE.SC2Replay|
405 1700 15 |[15, 1, 3]| | Overgrowth LE.SC2Replay|
406 1750 15 |[15, 1, 3]| | Overgrowth LE.SC2Replay|
407 1800 15 |[15, 1, 3]| | Overgrowth LE.SC2Replay|
408 1850 15 |[15, 1, 3]| | Overgrowth LE.SC2Replay|
409 1900 15 |[15, 1, 3]| | Overgrowth LE.SC2Replay|
410 1950 15 |[15, 1, 3]| | Overgrowth LE.SC2Replay|
411 2000 15 |[15, 1, 3]| | Overgrowth LE.SC2Replay|
412 2000 15 |[15, 1, 3]| | Overgrowth LE.SC2Replay|
413 2000 15 |[15, 1, 3]| | Overgrowth LE.SC2Replay|
414 2000 15 |[15, 1, 3]| | Overgrowth LE.SC2Replay|
415 2000 15 |[15, 1, 3]| | Overgrowth LE.SC2Replay|
416 2000 15 |[15, 1, 3]| | Overgrowth LE.SC2Replay|
417 2000 15 |[15, 1, 3]| | Overgrowth LE.SC2Replay|
418 2000 15 |[15, 1, 3]| | Overgrowth LE.SC2Replay|
419 2000 16 |[16, 1, 3]| | Overgrowth LE.SC2Replay|
420 2000 16 |[16, 1, 3]| | Overgrowth LE.SC2Replay|
421 2000 16 |[16, 1, 3]| | Overgrowth LE.SC2Replay|
422 2000 16 |[16, 1, 3]| | Overgrowth LE.SC2Replay|
423 2000 16 |[16, 1, 3]| | Overgrowth LE.SC2Replay|
424 2000 16 |[16, 1, 3]| | Overgrowth LE.SC2Replay|
425 2000 16 |[16, 1, 3]| | Overgrowth LE.SC2Replay|
426 2000 16 |[16, 1, 3]| | Overgrowth LE.SC2Replay|
427 2000 16 |[16, 1, 3]| | Overgrowth LE.SC2Replay|
428 2000 16 |[16, 1, 3]| | Overgrowth LE.SC2Replay|
429 2000 16 |[16, 1, 3]| | Overgrowth LE.SC2Replay|
430 2000 16 |[16, 1, 3]| | Overgrowth LE.SC2Replay|
431 2000 16 |[16, 1, 3]| | Overgrowth LE.SC2Replay|
432 2000 16 |[16, 1, 3]| | Overgrowth LE.SC2Replay|
433 2000 16 |[16, 1, 3]| | Overgrowth LE.SC2Replay|
434 2000 17 |[17, 1, 3]| | Overgrowth LE.SC2Replay|
435 2000 17 |[17, 1, 3]| | Overgrowth LE.SC2Replay|
436 2000 18 |[18, 1, 3]| | Overgrowth LE.SC2Replay|
437 2000 19 |[19, 1, 3]| | Overgrowth LE.SC2Replay|
438 2000 19 |[19, 1, 3]| | Overgrowth LE.SC2Replay|
439 2000 19 |[19, 1, 3]| | Overgrowth LE.SC2Replay|
440 2000 19 |[19, 1, 3]| | Overgrowth LE.SC2Replay|
441 2000 20 |[20, 1, 3]| | Overgrowth LE.SC2Replay|
442 2000 20 |[20, 1, 3]| | Overgrowth LE.SC2Replay|
443 2000 20 |[20, 1, 3]| | Overgrowth LE.SC2Replay|
444 2000 20 |[20, 1, 3]| | Overgrowth LE.SC2Replay|
445 2000 20 |[20, 1, 3]| | Overgrowth LE.SC2Replay|
446 2000 20 |[20, 1, 3]| | Overgrowth LE.SC2Replay|
447 2000 20 |[20, 1, 3]| | Overgrowth LE.SC2Replay|
448 2000 20 |[20, 1, 3]| | Overgrowth LE.SC2Replay|
449 2000 20 |[20, 1, 3]| | Overgrowth LE.SC2Replay|
450 2000 20 |[20, 1, 3]| | Overgrowth LE.SC2Replay|
451 2000 20 |[20, 1, 3]| | Overgrowth LE.SC2Replay|
452 2000 20 |[20, 1, 3]| | Overgrowth LE.SC2Replay|
453 2000 20 |[20, 1, 3]| | Overgrowth LE.SC2Replay|
454 2000 21 |[21, 1, 3]| | Overgrowth LE.SC2Replay|
455 2000 21 |[21, 1, 3]| | Overgrowth LE.SC2Replay|
456 2000 21 |[21, 1, 3]| | Overgrowth LE.SC2Replay|
457 2000 21 |[21, 1, 3]| | Overgrowth LE.SC2Replay|
458 2000 21 |[21, 1, 3]| | Overgrowth LE.SC2Replay|
459 2000 21 |[21, 1, 3]| | Overgrowth LE.SC2Replay|
460 2000 21 |[21, 1, 3]| | Overgrowth LE.SC2Replay|
461 2000 21 |[21, 1, 3]| | Overgrowth LE.SC2Replay|
462 2000 21 |[21, 1, 3]| | Overgrowth LE.SC2Replay|
463 2000 21 |[21, 1, 3]| | Overgrowth LE.SC2Replay|
464 2000 21 |[21, 1, 3]| | Overgrowth LE.SC2Replay|
465 2000 21 |[21, 1, 3]| | Overgrowth LE.SC2Replay|
466 2000 22 |[22, 1, 3]| | Overgrowth LE.SC2Replay|
467 2000 22 |[22, 1, 3]| | Overgrowth LE.SC2Replay|
468 2000 22 |[22, 1, 3]| | Overgrowth LE.SC2Replay|
469 2000 22 |[22, 1, 3]| | Overgrowth LE.SC2Replay|
470 2000 22 |[22, 1, 3]| | Overgrowth LE.SC2Replay|
471 2000 22 |[22, 1, 3]| | Overgrowth LE.SC2Replay|
472 2000 22 |[22, 1, 3]| | Overgrowth LE.SC2Replay|
473 2000 22 |[22, 1, 3]| | Overgrowth LE.SC2Replay|
474 2000 22 |[22, 1, 3]| | Overgrowth LE.SC2Replay|
475 2000 23 |[23, 1, 3]| | Overgrowth LE.SC2Replay|
476 2000 23 |[23, 1, 3]| | Overgrowth LE.SC2Replay|
477 2000 23 |[23, 1, 3]| | Overgrowth LE.SC2Replay|
478 2000 23 |[23, 1, 3]| | Overgrowth LE.SC2Replay|
479 2000 23 |[23, 1, 3]| | Overgrowth LE.SC2Replay|
480 2000 23 |[23, 1, 3]| | Overgrowth LE.SC2Replay|
481 2000 23 |[23, 1, 3]| | Overgrowth LE.SC2Replay|
482 2000 23 |[23, 1, 3]| | Overgrowth LE.SC2Replay|
483 2000 24 |[24, 1, 3]| | Overgrowth LE.SC2Replay|
484 2000 25 |[25, 1, 3]| | Overgrowth LE.SC2Replay|
485 2000 26 |[26, 1, 3]| | Overgrowth LE.SC2Replay|
486 2000 27 |[27, 1, 3]| | Overgrowth LE.SC2Replay|
487 2000 27 |[27, 1, 3]| | Overgrowth LE.SC2Replay|
488 2000 27 |[27, 1, 3]| | Overgrowth LE.SC2Replay|
489 2000 27 |[27, 1, 3]| | Overgrowth LE.SC2Replay|
490 2000 27 |[27, 1, 3]| | Overgrowth LE.SC2Replay|
491 2000 27 |[27, 1, 3]| | Overgrowth LE.SC2Replay|
492 2000 27 |[27, 1, 3]| | Overgrowth LE.SC2Replay|
493 2000 27 |[27, 1, 3]| | Overgrowth LE.SC2Replay|
494 2000 27 |[27, 1, 3]| | Overgrowth LE.SC2Replay|
495 2000 27 |[27, 1, 3]| | Overgrowth LE.SC2Replay|
496 2000 27 |[27, 1, 3]| | Overgrowth LE.SC2Replay|
497 2000 27 |[27, 1, 3]| | Overgrowth LE.SC2Replay|
498 2000 27 |[27, 1, 3]| | Overgrowth LE.SC2Replay|
499 2000 28 |[28, 1, 3]| | Overgrowth LE.SC2Replay|
500 2000 28 |[28, 1, 3]| | Overgrowth LE.SC2Replay|
501 2000 28 |[28, 1, 3]| | Overgrowth LE.SC2Replay|
502 2000 28 |[28, 1, 3]| | Overgrowth LE.SC2Replay|
503 2000 28 |[28, 1, 3]| | Overgrowth LE.SC2Replay|
504 2000 28 |[28, 1, 3]| | Overgrowth LE.SC2Replay|
505 2000 28 |[28, 1, 3]| | Overgrowth LE.SC2Replay|
506 2000 29 |[29, 1, 3]| | Overgrowth LE.SC2Replay|
507 2000 29 |[29, 1, 3]| | Overgrowth LE.SC2Replay|
508 2000 29 |[29, 1, 3]| | Overgrowth LE.SC2Replay|
509 2000 29 |[29, 1, 3]| | Overgrowth LE.SC2Replay|
510 2000 29 |[29, 1, 3]| | Overgrowth LE.SC2Replay|
511 2000 29 |[29, 1, 3]| | Overgrowth LE.SC2Replay|
512 2000 29 |[29, 1, 3]| | Overgrowth LE.SC2Replay|
513 2000 29 |[29, 1, 3]| | Overgrowth LE.SC2Replay|
514 2000 30 |[30, 1, 3]| | Overgrowth LE.SC2Replay|
515 2000 30 |[30, 1, 3]| | Overgrowth LE.SC2Replay|
516 2000 30 |[30, 1, 3]| | Overgrowth LE.SC2Replay|
517 2000 30 |[30, 1, 3]| | Overgrowth LE.SC2Replay|
518 2000 30 |[30, 1, 3]| | Overgrowth LE.SC2Replay|
519 2000 30 |[30, 1, 3]| | Overgrowth LE.SC2Replay|
520 2000 30 |[30, 1, 3]| | Overgrowth LE.SC2Replay|
521 2000 31 |[31, 1, 3]| | Overgrowth LE.SC2Replay|
522 2000 31 |[31, 1, 3]| | Overgrowth LE.SC2Replay|
523 2000 31 |[31, 1, 3]| | Overgrowth LE.SC2Replay|
524 2000 31 |[31, 1, 3]| | Overgrowth LE.SC2Replay|
525 2000 31 |[31, 1, 3]| | Overgrowth LE.SC2Replay|
526 2000 31 |[31, 1, 3]| | Overgrowth LE.SC2Replay|
527 2000 31 |[31, 1, 3]| | Overgrowth LE.SC2Replay|
528 2000 31 |[31, 1, 3]| | Overgrowth LE.SC2Replay|
529 2000 31 |[31, 1, 3]| | Overgrowth LE.SC2Replay|
530 2000 31 |[31, 1, 3]| | Overgrowth LE.SC2Replay|
531 2000 32 |[32, 1, 3]| | Overgrowth LE.SC2Replay|
532 2000 33 |[33, 1, 3]| | Overgrowth LE.SC2Replay|
533 2000 34 |[34, 1, 3]| | Overgrowth LE.SC2Replay|
534 2000 35 |[35, 1, 3]| | Overgrowth LE.SC2Replay|
535 2000 36 |[36, 1, 3]| | Overgrowth LE.SC2Replay|
536 2000 36 |[36, 1, 3]| | Overgrowth LE.SC2Replay|
537 2000 37 |[37, 1, 3]| | Overgrowth LE.SC2Replay|
538 2000 37 |[37, 1, 3]| | Overgrowth LE.SC2Replay|
539 2000 37 |[37, 1, 3]| | Overgrowth LE.SC2Replay|
540 2000 38 |[38, 1, 3]| | Overgrowth LE.SC2Replay|
541 2000 38 |[38, 1, 3]| | Overgrowth LE.SC2Replay|
542 2000 39 |[39, 1, 3]| | Overgrowth LE.SC2Replay|
543 2000 39 |[39, 1, 3]| | Overgrowth LE.SC2Replay|
544 2000 39 |[39, 1, 3]| | Overgrowth LE.SC2Replay|
545 2000 40 |[40, 1, 3]| | Overgrowth LE.SC2Replay|
546 2000 40 |[40, 1, 3]| | Overgrowth LE.SC2Replay|
547 2000 40 |[40, 1, 3]| | Overgrowth LE.SC2Replay|
548 2000 40 |[40, 1, 3]| | Overgrowth LE.SC2Replay|
549 2000 40 |[40, 1, 3]| | Overgrowth LE.SC2Replay|
550 2000 40 |[40, 1, 3]| | Overgrowth LE.SC2Replay|
551 2000 40 |[40, 2, 3]| | Overgrowth LE.SC2Replay|
552 2000 40 |[40, 3, 3]| | Overgrowth LE.SC2Replay|
553 2000 40 |[40, 3, 3]| | Overgrowth LE.SC2Replay|
554 2000 40 |[40, 3, 3]| | Overgrowth LE.SC2Replay|
555 2000 40 |[40, 3, 3]| | Overgrowth LE.SC2Replay|
556 2000 40 |[40, 3, 3]| | Overgrowth LE.SC2Replay|
557 2000 40 |[40, 3, 3]| | Overgrowth LE.SC2Replay|
558 2000 40 |[40, 3, 3]| | Overgrowth LE.SC2Replay|
559 2000 40 |[40, 3, 3]| | Overgrowth LE.SC2Replay|
560 2000 41 |[41, 3, 3]| | Overgrowth LE.SC2Replay|
561 2000 41 |[41, 3, 3]| | Overgrowth LE.SC2Replay|
562 2000 41 |[41, 3, 3]| | Overgrowth LE.SC2Replay|
563 2000 42 |[42, 3, 3]| | Overgrowth LE.SC2Replay|
564 2000 43 |[43, 3, 3]| | Overgrowth LE.SC2Replay|
565 2000 43 |[43, 3, 3]| | Overgrowth LE.SC2Replay|
566 2000 43 |[43, 3, 3]| | Overgrowth LE.SC2Replay|
567 2000 43 |[43, 3, 3]| | Overgrowth LE.SC2Replay|
568 2000 43 |[43, 3, 3]| | Overgrowth LE.SC2Replay|
569 2000 43 |[43, 3, 3]| | Overgrowth LE.SC2Replay|
570 2000 43 |[43, 3, 3]| | Overgrowth LE.SC2Replay|
571 2000 43 |[43, 3, 3]| | Overgrowth LE.SC2Replay|
572 2000 43 |[43, 3, 3]| | Overgrowth LE.SC2Replay|
573 2000 43 |[43, 3, 3]| | Overgrowth LE.SC2Replay|
574 2000 43 |[43, 3, 3]| | Overgrowth LE.SC2Replay|
575 2000 43 |[43, 3, 3]| | Overgrowth LE.SC2Replay|
576 2000 43 |[43, 3, 3]| | Overgrowth LE.SC2Replay|
577 2000 43 |[43, 3, 3]| | Overgrowth LE.SC2Replay|
578 2000 43 |[43, 3, 3]| | Overgrowth LE.SC2Replay|
579 2000 43 |[43, 3, 3]| | Overgrowth LE.SC2Replay|
580 2000 43 |[43, 3, 3]| | Overgrowth LE.SC2Replay|
581 2000 43 |[43, 3, 3]| | Overgrowth LE.SC2Replay|
582 2000 43 |[43, 3, 3]| | Overgrowth LE.SC2Replay|
583 2000 44 |[44, 3, 3]| | Overgrowth LE.SC2Replay|
584 2000 45 |[45, 3, 3]| | Overgrowth LE.SC2Replay|
585 2000 45 |[45, 3, 3]| | Overgrowth LE.SC2Replay|
586 2000 45 |[45, 3, 3]| | Overgrowth LE.SC2Replay|
587 2000 45 |[45, 3, 3]| | Overgrowth LE.SC2Replay|
588 2000 45 |[45, 3, 3]| | Overgrowth LE.SC2Replay|
589 2000 45 |[45, 3, 3]| | Overgrowth LE.SC2Replay|
590 2000 45 |[45, 3, 3]| | Overgrowth LE.SC2Replay|
591 2000 45 |[45, 3, 3]| | Overgrowth LE.SC2Replay|
592 2000 45 |[45, 3, 3]| | Overgrowth LE.SC2Replay|
593 2000 45 |[45, 3, 3]| | Overgrowth LE.SC2Replay|
594 2000 45 |[45, 3, 3]| | Overgrowth LE.SC2Replay|
595 2000 45 |[45, 3, 3]| | Overgrowth LE.SC2Replay|
596 2000 45 |[45, 3, 3]| | Overgrowth LE.SC2Replay|
597 2000 45 |[45, 3, 3]| | Overgrowth LE.SC2Replay|
598 2000 45 |[45, 3, 3]| | Overgrowth LE.SC2Replay|
599 2000 45 |[45, 3, 3]| | Overgrowth LE.SC2Replay|
600 2000 45 |[45, 3, 3]| | Overgrowth LE.SC2Replay|
601 2000 45 |[45, 3, 3]| | Overgrowth LE.SC2Replay|
602 2000 45 |[45, 3, 3]| | Overgrowth LE.SC2Replay|
603 2000 45 |[45, 3, 3]| | Overgrowth LE.SC2Replay|
604 2000 45 |[45, 3, 3]| | Overgrowth LE.SC2Replay|
605 2000 45 |[45, 3, 3]| | Overgrowth LE.SC2Replay|
606 2000 45 |[45, 3, 3]| | Overgrowth LE.SC2Replay|
607 2000 45 |[45, 3, 3]| | Overgrowth LE.SC2Replay|
608 2000 45 |[45, 3, 3]| | Overgrowth LE.SC2Replay|
609 2000 45 |[45, 3, 3]| | Overgrowth LE.SC2Replay|
610 2000 45 |[45, 3, 3]| | Overgrowth LE.SC2Replay|
611 2000 45 |[45, 3, 3]| | Overgrowth LE.SC2Replay|
612 2000 45 |[45, 3, 3]| | Overgrowth LE.SC2Replay|
613 2000 45 |[45, 3, 3]| | Overgrowth LE.SC2Replay|
614 2000 45 |[45, 3, 3]| | Overgrowth LE.SC2Replay|
615 2000 45 |[45, 3, 3]| | Overgrowth LE.SC2Replay|
616 2000 45 |[45, 3, 3]| | Overgrowth LE.SC2Replay|
617 2000 45 |[45, 3, 3]| | Overgrowth LE.SC2Replay|
618 2000 45 |[45, 3, 3]| | Overgrowth LE.SC2Replay|
619 2000 45 |[45, 3, 3]| | Overgrowth LE.SC2Replay|
620 2000 45 |[45, 3, 3]| | Overgrowth LE.SC2Replay|
621 2000 45 |[45, 3, 3]| | Overgrowth LE.SC2Replay|
622 2000 45 |[45, 3, 3]| | Overgrowth LE.SC2Replay|
623 2000 45 |[45, 3, 3]| | Overgrowth LE.SC2Replay|
624 2000 45 |[45, 3, 3]| | Overgrowth LE.SC2Replay|
625 2000 45 |[45, 3, 3]| | Overgrowth LE.SC2Replay|
626 2000 45 |[45, 3, 3]| | Overgrowth LE.SC2Replay|
627 2000 45 |[45, 3, 3]| | Overgrowth LE.SC2Replay|
628 2000 45 |[45, 3, 3]| | Overgrowth LE.SC2Replay|
629 2000 45 |[45, 3, 3]| | Overgrowth LE.SC2Replay|
630 2000 45 |[45, 3, 3]| | Overgrowth LE.SC2Replay|
631 2000 45 |[45, 3, 3]| | Overgrowth LE.SC2Replay|
632 2000 45 |[45, 3, 3]| | Overgrowth LE.SC2Replay|
633 2000 45 |[45, 3, 3]| | Overgrowth LE.SC2Replay|
634 2000 45 |[45, 3, 3]| | Overgrowth LE.SC2Replay|
635 2000 45 |[45, 3, 3]| | Overgrowth LE.SC2Replay|
636 2000 45 |[45, 3, 3]| | Overgrowth LE.SC2Replay|
637 2000 45 |[45, 3, 3]| | Overgrowth LE.SC2Replay|
638 2000 45 |[45, 3, 3]| | Overgrowth LE.SC2Replay|
639 2000 45 |[45, 3, 3]| | Overgrowth LE.SC2Replay|
640 2000 45 |[45, 3, 3]| | Overgrowth LE.SC2Replay|
641 2000 45 |[45, 3, 3]| | Overgrowth LE.SC2Replay|
642 2000 45 |[45, 3, 3]| | Overgrowth LE.SC2Replay|
643 2000 45 |[45, 3, 3]| | Overgrowth LE.SC2Replay|
644 2000 45 |[45, 3, 3]| | Overgrowth LE.SC2Replay|
645 2000 45 |[45, 3, 3]| | Overgrowth LE.SC2Replay|
646 2000 45 |[45, 3, 3]| | Overgrowth LE.SC2Replay|
647 2000 45 |[45, 3, 3]| | Overgrowth LE.SC2Replay|
648 2000 45 |[45, 3, 3]| | Overgrowth LE.SC2Replay|
649 2000 45 |[45, 3, 3]| | Overgrowth LE.SC2Replay|
650 2000 45 |[45, 3, 3]| | Overgrowth LE.SC2Replay|
651 2000 45 |[45, 3, 3]| | Overgrowth LE.SC2Replay|
652 2000 45 |[45, 3, 3]| | Overgrowth LE.SC2Replay|
653 2000 45 |[45, 3, 3]| | Overgrowth LE.SC2Replay|
654 2000 45 |[45, 3, 3]| | Overgrowth LE.SC2Replay|
655 2000 45 |[45, 3, 3]| | Overgrowth LE.SC2Replay|
656 2000 45 |[45, 3, 3]| | Overgrowth LE.SC2Replay|
657 2000 45 |[45, 3, 3]| | Overgrowth LE.SC2Replay|
658 2000 45 |[45, 3, 3]| | Overgrowth LE.SC2Replay|
659 2000 45 |[45, 3, 3]| | Overgrowth LE.SC2Replay|
660 2000 45 |[45, 3, 3]| | Overgrowth LE.SC2Replay|
661 2000 45 |[45, 3, 3]| | Overgrowth LE.SC2Replay|
662 2000 46 |[46, 3, 3]| | Overgrowth LE.SC2Replay|
663 2000 47 |[47, 3, 3]| | Overgrowth LE.SC2Replay|
664 2000 48 |[48, 3, 3]| | Overgrowth LE.SC2Replay|
665 2000 49 |[49, 3, 3]| | Overgrowth LE.SC2Replay|
666 2000 49 |[49, 3, 3]| | Overgrowth LE.SC2Replay|
667 2000 49 |[49, 3, 3]| | Overgrowth LE.SC2Replay|
668 2000 49 |[49, 3, 3]| | Overgrowth LE.SC2Replay|
669 2000 49 |[49, 3, 3]| | Overgrowth LE.SC2Replay|
670 2000 49 |[49, 3, 3]| | Overgrowth LE.SC2Replay|
671 2000 49 |[49, 3, 3]| | Overgrowth LE.SC2Replay|
672 2000 49 |[49, 3, 3]| | Overgrowth LE.SC2Replay|
673 2000 49 |[49, 3, 3]| | Overgrowth LE.SC2Replay|
674 2000 49 |[49, 3, 3]| | Overgrowth LE.SC2Replay|
675 2000 49 |[49, 3, 3]| | Overgrowth LE.SC2Replay|
676 2000 49 |[49, 3, 3]| | Overgrowth LE.SC2Replay|
677 2000 49 |[49, 3, 3]| | Overgrowth LE.SC2Replay|
678 2000 49 |[49, 3, 3]| | Overgrowth LE.SC2Replay|
679 2000 49 |[49, 3, 3]| | Overgrowth LE.SC2Replay|
680 2000 49 |[49, 3, 3]| | Overgrowth LE.SC2Replay|
681 2000 49 |[49, 3, 3]| | Overgrowth LE.SC2Replay|
682 2000 49 |[49, 3, 3]| | Overgrowth LE.SC2Replay|
683 2000 49 |[49, 3, 3]| | Overgrowth LE.SC2Replay|
684 2000 49 |[49, 3, 3]| | Overgrowth LE.SC2Replay|
685 2000 49 |[49, 3, 3]| | Overgrowth LE.SC2Replay|
686 2000 49 |[49, 3, 3]| | Overgrowth LE.SC2Replay|
687 2000 49 |[49, 3, 3]| | Overgrowth LE.SC2Replay|
688 2000 49 |[49, 3, 3]| | Overgrowth LE.SC2Replay|
689 2000 49 |[49, 3, 3]| | Overgrowth LE.SC2Replay|
690 2000 49 |[49, 3, 3]| | Overgrowth LE.SC2Replay|
691 2000 49 |[49, 3, 3]| | Overgrowth LE.SC2Replay|
692 2000 49 |[49, 3, 4]| | Overgrowth LE.SC2Replay|
693 2000 49 |[49, 3, 4]| | Overgrowth LE.SC2Replay|
694 2000 49 |[49, 3, 4]| | Overgrowth LE.SC2Replay|
695 2000 49 |[49, 3, 4]| | Overgrowth LE.SC2Replay|
696 2000 49 |[49, 3, 4]| | Overgrowth LE.SC2Replay|
697 2000 49 |[49, 3, 4]| | Overgrowth LE.SC2Replay|
698 2000 49 |[49, 3, 4]| | Overgrowth LE.SC2Replay|
699 2000 49 |[49, 3, 4]| | Overgrowth LE.SC2Replay|
700 2000 49 |[49, 3, 4]| | Overgrowth LE.SC2Replay|
701 2000 49 |[49, 3, 4]| | Overgrowth LE.SC2Replay|
702 2000 49 |[49, 3, 4]| | Overgrowth LE.SC2Replay|
703 2000 49 |[49, 3, 4]| | Overgrowth LE.SC2Replay|
704 2000 49 |[49, 3, 4]| | Overgrowth LE.SC2Replay|
705 2000 49 |[49, 3, 4]| | Overgrowth LE.SC2Replay|
706 2000 49 |[49, 3, 4]| | Overgrowth LE.SC2Replay|
707 2000 49 |[49, 3, 4]| | Overgrowth LE.SC2Replay|
708 2000 49 |[49, 3, 4]| | Overgrowth LE.SC2Replay|
709 2000 49 |[49, 3, 4]| | Overgrowth LE.SC2Replay|
710 2000 49 |[49, 3, 4]| | Overgrowth LE.SC2Replay|
711 2000 49 |[49, 3, 4]| | Overgrowth LE.SC2Replay|
712 2000 49 |[49, 3, 4]| | Overgrowth LE.SC2Replay|
713 2000 49 |[49, 3, 4]| | Overgrowth LE.SC2Replay|
714 2000 49 |[49, 3, 4]| | Overgrowth LE.SC2Replay|
715 2000 49 |[49, 3, 4]| | Overgrowth LE.SC2Replay|
716 2000 49 |[49, 3, 4]| | Overgrowth LE.SC2Replay|
717 2000 49 |[49, 3, 4]| | Overgrowth LE.SC2Replay|
718 2000 49 |[49, 3, 4]| | Overgrowth LE.SC2Replay|
719 2000 49 |[49, 3, 4]| | Overgrowth LE.SC2Replay|
720 2000 49 |[49, 3, 4]| | Overgrowth LE.SC2Replay|
721 2000 49 |[49, 3, 4]| | Overgrowth LE.SC2Replay|
722 2000 49 |[49, 3, 4]| | Overgrowth LE.SC2Replay|
723 2000 49 |[49, 3, 4]| | Overgrowth LE.SC2Replay|
724 2000 49 |[49, 3, 4]| | Overgrowth LE.SC2Replay|
725 2000 49 |[49, 3, 4]| | Overgrowth LE.SC2Replay|
726 2000 49 |[49, 3, 4]| | Overgrowth LE.SC2Replay|
727 2000 49 |[49, 3, 4]| | Overgrowth LE.SC2Replay|
728 2000 49 |[49, 3, 4]| | Overgrowth LE.SC2Replay|
729 2000 49 |[49, 3, 4]| | Overgrowth LE.SC2Replay|
730 2000 49 |[49, 3, 4]| | Overgrowth LE.SC2Replay|
731 2000 49 |[49, 3, 4]| | Overgrowth LE.SC2Replay|
732 2000 49 |[49, 3, 4]| | Overgrowth LE.SC2Replay|
733 2000 50 |[50, 3, 4]| | Overgrowth LE.SC2Replay|
734 2000 51 |[51, 3, 4]| | Overgrowth LE.SC2Replay|
735 2000 52 |[52, 3, 4]| | Overgrowth LE.SC2Replay|
736 2000 53 |[53, 3, 4]| | Overgrowth LE.SC2Replay|
737 2000 54 |[54, 3, 4]| | Overgrowth LE.SC2Replay|
738 2000 54 |[54, 3, 4]| | Overgrowth LE.SC2Replay|
739 2000 54 |[54, 3, 4]| | Overgrowth LE.SC2Replay|
740 2000 54 |[54, 3, 4]| | Overgrowth LE.SC2Replay|
741 2000 54 |[54, 3, 4]| | Overgrowth LE.SC2Replay|
742 2000 54 |[54, 3, 4]| | Overgrowth LE.SC2Replay|
743 2000 54 |[54, 3, 4]| | Overgrowth LE.SC2Replay|
744 2000 54 |[54, 3, 4]| | Overgrowth LE.SC2Replay|
745 2000 54 |[54, 3, 4]| | Overgrowth LE.SC2Replay|
746 2000 54 |[54, 3, 4]| | Overgrowth LE.SC2Replay|
747 2000 54 |[54, 3, 4]| | Overgrowth LE.SC2Replay|
748 2000 54 |[54, 3, 4]| | Overgrowth LE.SC2Replay|
749 2000 54 |[54, 3, 4]| | Overgrowth LE.SC2Replay|
750 2000 54 |[54, 3, 4]| | Overgrowth LE.SC2Replay|
751 2000 54 |[54, 3, 4]| | Overgrowth LE.SC2Replay|
752 2000 54 |[54, 3, 4]| | Overgrowth LE.SC2Replay|
753 2000 54 |[54, 3, 4]| | Overgrowth LE.SC2Replay|
754 2000 54 |[54, 3, 4]| | Overgrowth LE.SC2Replay|
755 2000 54 |[54, 3, 4]| | Overgrowth LE.SC2Replay|
756 2000 54 |[54, 3, 4]| | Overgrowth LE.SC2Replay|
757 2000 54 |[54, 3, 4]| | Overgrowth LE.SC2Replay|
758 2000 54 |[54, 3, 4]| | Overgrowth LE.SC2Replay|
759 2000 54 |[54, 3, 4]| | Overgrowth LE.SC2Replay|
760 2000 54 |[54, 3, 4]| | Overgrowth LE.SC2Replay|
761 2000 54 |[54, 3, 4]| | Overgrowth LE.SC2Replay|
762 2000 54 |[54, 3, 4]| | Overgrowth LE.SC2Replay|
763 2000 54 |[54, 3, 4]| | Overgrowth LE.SC2Replay|
764 2000 54 |[54, 3, 4]| | Overgrowth LE.SC2Replay|
765 2000 54 |[54, 3, 4]| | Overgrowth LE.SC2Replay|
766 2000 54 |[54, 3, 4]| | Overgrowth LE.SC2Replay|
767 2000 54 |[54, 3, 4]| | Overgrowth LE.SC2Replay|
768 2000 54 |[54, 3, 4]| | Overgrowth LE.SC2Replay|
769 2000 54 |[54, 3, 4]| | Overgrowth LE.SC2Replay|
770 2000 54 |[54, 3, 4]| | Overgrowth LE.SC2Replay|
771 2000 54 |[54, 3, 4]| | Overgrowth LE.SC2Replay|
772 2000 54 |[54, 3, 4]| | Overgrowth LE.SC2Replay|
773 2000 54 |[54, 3, 4]| | Overgrowth LE.SC2Replay|
774 2000 55 |[55, 3, 4]| | Overgrowth LE.SC2Replay|
775 2000 56 |[56, 3, 4]| | Overgrowth LE.SC2Replay|
776 2000 57 |[57, 3, 4]| | Overgrowth LE.SC2Replay|
777 2000 57 |[57, 3, 4]| | Overgrowth LE.SC2Replay|
778 2000 57 |[57, 3, 4]| | Overgrowth LE.SC2Replay|
779 2000 58 |[58, 3, 4]| | Overgrowth LE.SC2Replay|
780 2000 58 |[58, 3, 4]| | Overgrowth LE.SC2Replay|
781 2000 58 |[58, 3, 4]| | Overgrowth LE.SC2Replay|
782 2000 58 |[58, 3, 4]| | Overgrowth LE.SC2Replay|
783 2000 58 |[58, 3, 4]| | Overgrowth LE.SC2Replay|
784 2000 58 |[58, 3, 4]| | Overgrowth LE.SC2Replay|
785 2000 58 |[58, 3, 4]| | Overgrowth LE.SC2Replay|
786 2000 58 |[58, 3, 4]| | Overgrowth LE.SC2Replay|
787 2000 58 |[58, 3, 4]| | Overgrowth LE.SC2Replay|
788 2000 58 |[58, 3, 4]| | Overgrowth LE.SC2Replay|
789 2000 58 |[58, 3, 4]| | Overgrowth LE.SC2Replay|
790 2000 59 |[59, 3, 4]| | Overgrowth LE.SC2Replay|
791 2000 59 |[59, 3, 4]| | Overgrowth LE.SC2Replay|
792 2000 60 |[60, 3, 4]| | Overgrowth LE.SC2Replay|
793 2000 61 |[61, 3, 4]| | Overgrowth LE.SC2Replay|
794 2000 61 |[61, 3, 4]| | Overgrowth LE.SC2Replay|
795 2000 61 |[61, 3, 4]| | Overgrowth LE.SC2Replay|
796 2000 61 |[61, 3, 4]| | Overgrowth LE.SC2Replay|
797 2000 61 |[61, 3, 4]| | Overgrowth LE.SC2Replay|
798 2000 61 |[61, 3, 4]| | Overgrowth LE.SC2Replay|
799 2000 61 |[61, 3, 4]| | Overgrowth LE.SC2Replay|
800 2000 61 |[61, 3, 4]| | Overgrowth LE.SC2Replay|
801 2000 61 |[61, 3, 4]| | Overgrowth LE.SC2Replay|
802 2000 61 |[61, 3, 4]| | Overgrowth LE.SC2Replay|
803 2000 61 |[61, 3, 4]| | Overgrowth LE.SC2Replay|
804 2000 61 |[61, 3, 4]| | Overgrowth LE.SC2Replay|
805 2000 61 |[61, 3, 4]| | Overgrowth LE.SC2Replay|
806 2000 61 |[61, 3, 4]| | Overgrowth LE.SC2Replay|
807 2000 61 |[61, 3, 4]| | Overgrowth LE.SC2Replay|
808 2000 61 |[61, 3, 4]| | Overgrowth LE.SC2Replay|
809 2000 61 |[61, 3, 4]| | Overgrowth LE.SC2Replay|
810 2000 61 |[61, 3, 4]| | Overgrowth LE.SC2Replay|
811 2000 61 |[61, 3, 4]| | Overgrowth LE.SC2Replay|
812 2000 61 |[61, 3, 4]| | Overgrowth LE.SC2Replay|
813 2000 61 |[61, 3, 4]| | Overgrowth LE.SC2Replay|
814 2000 61 |[61, 3, 4]| | Overgrowth LE.SC2Replay|
815 2000 61 |[61, 3, 4]| | Overgrowth LE.SC2Replay|
816 2000 61 |[61, 3, 4]| | Overgrowth LE.SC2Replay|
817 2000 61 |[61, 3, 4]| | Overgrowth LE.SC2Replay|
818 2000 61 |[61, 3, 4]| | Overgrowth LE.SC2Replay|
819 2000 61 |[61, 3, 4]| | Overgrowth LE.SC2Replay|
820 2000 61 |[61, 3, 4]| | Overgrowth LE.SC2Replay|
821 2000 61 |[61, 3, 4]| | Overgrowth LE.SC2Replay|
822 2000 61 |[61, 3, 4]| | Overgrowth LE.SC2Replay|
823 2000 61 |[61, 3, 4]| | Overgrowth LE.SC2Replay|
824 2000 61 |[61, 3, 4]| | Overgrowth LE.SC2Replay|
825 2000 61 |[61, 3, 4]| | Overgrowth LE.SC2Replay|
826 2000 61 |[61, 3, 4]| | Overgrowth LE.SC2Replay|
827 2000 61 |[61, 3, 4]| | Overgrowth LE.SC2Replay|
