0 0 1 |[1, 0, 0]| | Coda LE.SC2Replay|
1 0 1 |[1, 0, 0]| | Coda LE.SC2Replay|
2 0 1 |[1, 0, 0]| | Coda LE.SC2Replay|
3 0 1 |[1, 0, 0]| | Coda LE.SC2Replay|
4 0 1 |[1, 0, 0]| | Coda LE.SC2Replay|
5 0 1 |[1, 0, 0]| | Coda LE.SC2Replay|
6 0 1 |[1, 0, 0]| | Coda LE.SC2Replay|
7 0 1 |[1, 0, 0]| | Coda LE.SC2Replay|
8 0 1 |[1, 0, 0]| | Coda LE.SC2Replay|
9 0 1 |[1, 0, 0]| | Coda LE.SC2Replay|
10 0 1 |[1, 0, 0]| | Coda LE.SC2Replay|
11 0 1 |[1, 0, 0]| | Coda LE.SC2Replay|
12 0 1 |[1, 0, 0]| | Coda LE.SC2Replay|
13 0 1 |[1, 0, 0]| | Coda LE.SC2Replay|
14 0 1 |[1, 0, 0]| | Coda LE.SC2Replay|
15 0 1 |[1, 0, 0]| | Coda LE.SC2Replay|
16 0 1 |[1, 0, 0]| | Coda LE.SC2Replay|
17 0 2 |[2, 0, 0]| | Coda LE.SC2Replay|
18 0 2 |[2, 0, 0]| | Coda LE.SC2Replay|
19 0 2 |[2, 0, 0]| | Coda LE.SC2Replay|
20 0 2 |[2, 0, 0]| | Coda LE.SC2Replay|
21 0 2 |[2, 0, 0]| | Coda LE.SC2Replay|
22 0 2 |[2, 0, 0]| | Coda LE.SC2Replay|
23 0 2 |[2, 0, 0]| | Coda LE.SC2Replay|
24 0 2 |[2, 0, 0]| | Coda LE.SC2Replay|
25 0 2 |[2, 0, 0]| | Coda LE.SC2Replay|
26 0 2 |[2, 0, 0]| | Coda LE.SC2Replay|
27 0 2 |[2, 0, 0]| | Coda LE.SC2Replay|
28 0 2 |[2, 0, 0]| | Coda LE.SC2Replay|
29 0 2 |[2, 0, 0]| | Coda LE.SC2Replay|
30 0 3 |[3, 0, 0]| | Coda LE.SC2Replay|
31 0 3 |[3, 0, 0]| | Coda LE.SC2Replay|
32 0 3 |[3, 0, 0]| | Coda LE.SC2Replay|
33 0 3 |[3, 0, 0]| | Coda LE.SC2Replay|
34 0 3 |[3, 0, 0]| | Coda LE.SC2Replay|
35 0 3 |[3, 0, 0]| | Coda LE.SC2Replay|
36 0 3 |[3, 0, 0]| | Coda LE.SC2Replay|
37 0 3 |[3, 0, 0]| | Coda LE.SC2Replay|
38 0 3 |[3, 0, 0]| | Coda LE.SC2Replay|
39 0 3 |[3, 0, 0]| | Coda LE.SC2Replay|
40 0 4 |[4, 0, 0]| | Coda LE.SC2Replay|
41 0 4 |[4, 0, 0]| | Coda LE.SC2Replay|
42 0 4 |[4, 0, 0]| | Coda LE.SC2Replay|
43 0 4 |[4, 0, 0]| | Coda LE.SC2Replay|
44 0 4 |[4, 0, 0]| | Coda LE.SC2Replay|
45 0 4 |[4, 0, 0]| | Coda LE.SC2Replay|
46 0 4 |[4, 0, 0]| | Coda LE.SC2Replay|
47 0 4 |[4, 0, 0]| | Coda LE.SC2Replay|
48 0 4 |[4, 0, 0]| | Coda LE.SC2Replay|
49 0 4 |[4, 0, 0]| | Coda LE.SC2Replay|
50 0 4 |[4, 0, 0]| | Coda LE.SC2Replay|
51 0 4 |[4, 0, 0]| | Coda LE.SC2Replay|
52 0 4 |[4, 0, 0]| | Coda LE.SC2Replay|
53 0 4 |[4, 0, 0]| | Coda LE.SC2Replay|
54 0 4 |[4, 0, 0]| | Coda LE.SC2Replay|
55 0 4 |[4, 0, 0]| | Coda LE.SC2Replay|
56 0 4 |[4, 0, 0]| | Coda LE.SC2Replay|
57 0 4 |[4, 0, 0]| | Coda LE.SC2Replay|
58 0 4 |[4, 0, 0]| | Coda LE.SC2Replay|
59 0 4 |[4, 0, 0]| | Coda LE.SC2Replay|
60 0 4 |[4, 0, 0]| | Coda LE.SC2Replay|
61 0 4 |[4, 0, 0]| | Coda LE.SC2Replay|
62 0 4 |[4, 0, 0]| | Coda LE.SC2Replay|
63 0 4 |[4, 0, 0]| | Coda LE.SC2Replay|
64 0 4 |[4, 0, 0]| | Coda LE.SC2Replay|
65 0 4 |[4, 0, 0]| | Coda LE.SC2Replay|
66 0 4 |[4, 0, 0]| | Coda LE.SC2Replay|
67 0 4 |[4, 1, 0]| | Coda LE.SC2Replay|
68 0 5 |[5, 1, 0]| | Coda LE.SC2Replay|
69 0 5 |[5, 1, 0]| | Coda LE.SC2Replay|
70 0 5 |[5, 1, 0]| | Coda LE.SC2Replay|
71 0 5 |[5, 1, 0]| | Coda LE.SC2Replay|
72 0 5 |[5, 1, 0]| | Coda LE.SC2Replay|
73 0 5 |[5, 1, 0]| | Coda LE.SC2Replay|
74 0 5 |[5, 1, 0]| | Coda LE.SC2Replay|
75 0 5 |[5, 1, 0]| | Coda LE.SC2Replay|
76 0 5 |[5, 1, 0]| | Coda LE.SC2Replay|
77 0 5 |[5, 1, 0]| | Coda LE.SC2Replay|
78 0 5 |[5, 1, 0]| | Coda LE.SC2Replay|
79 0 5 |[5, 1, 0]| | Coda LE.SC2Replay|
80 0 5 |[5, 1, 0]| | Coda LE.SC2Replay|
81 0 5 |[5, 1, 0]| | Coda LE.SC2Replay|
82 0 6 |[6, 1, 0]| | Coda LE.SC2Replay|
83 0 7 |[7, 1, 0]| | Coda LE.SC2Replay|
84 0 7 |[7, 1, 0]| | Coda LE.SC2Replay|
85 0 7 |[7, 1, 0]| | Coda LE.SC2Replay|
86 0 7 |[7, 1, 0]| | Coda LE.SC2Replay|
87 0 7 |[7, 1, 0]| | Coda LE.SC2Replay|
88 0 7 |[7, 1, 0]| | Coda LE.SC2Replay|
89 0 7 |[7, 1, 0]| | Coda LE.SC2Replay|
90 0 7 |[7, 1, 0]| | Coda LE.SC2Replay|
91 0 7 |[7, 1, 0]| | Coda LE.SC2Replay|
92 0 7 |[7, 1, 0]| | Coda LE.SC2Replay|
93 0 8 |[8, 1, 0]| | Coda LE.SC2Replay|
94 0 8 |[8, 1, 0]| | Coda LE.SC2Replay|
95 0 8 |[8, 1, 0]| | Coda LE.SC2Replay|
96 0 8 |[8, 1, 0]| | Coda LE.SC2Replay|
97 0 8 |[8, 1, 0]| | Coda LE.SC2Replay|
98 0 8 |[8, 1, 0]| | Coda LE.SC2Replay|
99 0 8 |[8, 1, 0]| | Coda LE.SC2Replay|
100 0 8 |[8, 1, 0]| | Coda LE.SC2Replay|
101 0 8 |[8, 1, 0]| | Coda LE.SC2Replay|
102 0 8 |[8, 1, 0]| | Coda LE.SC2Replay|
103 0 8 |[8, 1, 0]| | Coda LE.SC2Replay|
104 0 8 |[8, 1, 0]| | Coda LE.SC2Replay|
105 0 8 |[8, 1, 0]| | Coda LE.SC2Replay|
106 0 8 |[8, 1, 0]| | Coda LE.SC2Replay|
107 0 9 |[9, 1, 0]| | Coda LE.SC2Replay|
108 0 9 |[9, 1, 0]| | Coda LE.SC2Replay|
109 0 9 |[9, 1, 0]| | Coda LE.SC2Replay|
110 0 9 |[9, 1, 0]| | Coda LE.SC2Replay|
111 0 9 |[9, 1, 0]| | Coda LE.SC2Replay|
112 0 9 |[9, 1, 0]| | Coda LE.SC2Replay|
113 0 9 |[9, 1, 0]| | Coda LE.SC2Replay|
114 0 9 |[9, 1, 0]| | Coda LE.SC2Replay|
115 0 9 |[9, 1, 0]| | Coda LE.SC2Replay|
116 0 9 |[9, 1, 0]| | Coda LE.SC2Replay|
117 0 9 |[9, 1, 0]| | Coda LE.SC2Replay|
118 0 9 |[9, 1, 0]| | Coda LE.SC2Replay|
119 0 9 |[9, 1, 0]| | Coda LE.SC2Replay|
120 0 9 |[9, 1, 0]| | Coda LE.SC2Replay|
121 0 9 |[9, 1, 0]| | Coda LE.SC2Replay|
122 0 9 |[9, 1, 0]| | Coda LE.SC2Replay|
123 0 9 |[9, 1, 0]| | Coda LE.SC2Replay|
124 0 9 |[9, 1, 0]| | Coda LE.SC2Replay|
125 0 9 |[9, 1, 0]| | Coda LE.SC2Replay|
126 0 9 |[9, 1, 0]| | Coda LE.SC2Replay|
127 0 9 |[9, 1, 0]| | Coda LE.SC2Replay|
128 0 9 |[9, 1, 0]| | Coda LE.SC2Replay|
129 0 9 |[9, 1, 0]| | Coda LE.SC2Replay|
130 0 9 |[9, 1, 0]| | Coda LE.SC2Replay|
131 0 9 |[9, 1, 1]| | Coda LE.SC2Replay|
132 0 9 |[9, 1, 1]| | Coda LE.SC2Replay|
133 0 9 |[9, 1, 1]| | Coda LE.SC2Replay|
134 0 9 |[9, 1, 1]| | Coda LE.SC2Replay|
135 0 9 |[9, 1, 1]| | Coda LE.SC2Replay|
136 0 10 |[10, 1, 1]| | Coda LE.SC2Replay|
137 0 10 |[10, 1, 1]| | Coda LE.SC2Replay|
138 0 10 |[10, 1, 1]| | Coda LE.SC2Replay|
139 0 10 |[10, 1, 1]| | Coda LE.SC2Replay|
140 0 10 |[10, 1, 1]| | Coda LE.SC2Replay|
141 0 11 |[11, 1, 1]| | Coda LE.SC2Replay|
142 0 11 |[11, 1, 1]| | Coda LE.SC2Replay|
143 0 11 |[11, 1, 1]| | Coda LE.SC2Replay|
144 0 11 |[11, 1, 1]| | Coda LE.SC2Replay|
145 0 11 |[11, 1, 1]| | Coda LE.SC2Replay|
146 0 11 |[11, 1, 1]| | Coda LE.SC2Replay|
147 0 11 |[11, 1, 1]| | Coda LE.SC2Replay|
148 0 11 |[11, 1, 1]| | Coda LE.SC2Replay|
149 0 11 |[11, 1, 1]| | Coda LE.SC2Replay|
150 0 11 |[11, 1, 1]| | Coda LE.SC2Replay|
151 0 11 |[11, 1, 1]| | Coda LE.SC2Replay|
152 0 11 |[11, 1, 1]| | Coda LE.SC2Replay|
153 0 12 |[12, 1, 1]| | Coda LE.SC2Replay|
154 0 12 |[12, 1, 1]| | Coda LE.SC2Replay|
155 0 12 |[12, 1, 1]| | Coda LE.SC2Replay|
156 0 12 |[12, 1, 1]| | Coda LE.SC2Replay|
157 0 12 |[12, 1, 1]| | Coda LE.SC2Replay|
158 0 12 |[12, 1, 1]| | Coda LE.SC2Replay|
159 0 12 |[12, 1, 1]| | Coda LE.SC2Replay|
160 0 12 |[12, 1, 1]| | Coda LE.SC2Replay|
161 0 12 |[12, 1, 1]| | Coda LE.SC2Replay|
162 0 12 |[12, 1, 1]| | Coda LE.SC2Replay|
163 0 12 |[12, 1, 1]| | Coda LE.SC2Replay|
164 0 12 |[12, 1, 1]| | Coda LE.SC2Replay|
165 0 12 |[12, 1, 1]| | Coda LE.SC2Replay|
166 0 12 |[12, 1, 1]| | Coda LE.SC2Replay|
167 0 12 |[12, 1, 1]| | Coda LE.SC2Replay|
168 0 12 |[12, 1, 1]| | Coda LE.SC2Replay|
169 0 12 |[12, 1, 1]| | Coda LE.SC2Replay|
170 0 12 |[12, 1, 1]| | Coda LE.SC2Replay|
171 0 12 |[12, 1, 1]| | Coda LE.SC2Replay|
172 0 13 |[13, 1, 1]| | Coda LE.SC2Replay|
173 0 13 |[13, 1, 1]| | Coda LE.SC2Replay|
174 0 13 |[13, 1, 1]| | Coda LE.SC2Replay|
175 0 13 |[13, 1, 1]| | Coda LE.SC2Replay|
176 0 13 |[13, 1, 1]| | Coda LE.SC2Replay|
177 0 13 |[13, 1, 1]| | Coda LE.SC2Replay|
178 0 13 |[13, 1, 1]| | Coda LE.SC2Replay|
179 0 13 |[13, 1, 1]| | Coda LE.SC2Replay|
180 0 13 |[13, 1, 1]| | Coda LE.SC2Replay|
181 0 13 |[13, 1, 1]| | Coda LE.SC2Replay|
182 0 13 |[13, 1, 1]| | Coda LE.SC2Replay|
183 0 14 |[14, 1, 1]| | Coda LE.SC2Replay|
184 0 14 |[14, 1, 1]| | Coda LE.SC2Replay|
185 0 14 |[14, 1, 1]| | Coda LE.SC2Replay|
186 0 14 |[14, 1, 1]| | Coda LE.SC2Replay|
187 0 14 |[14, 1, 1]| | Coda LE.SC2Replay|
188 0 14 |[14, 1, 1]| | Coda LE.SC2Replay|
189 0 14 |[14, 1, 1]| | Coda LE.SC2Replay|
190 0 14 |[14, 1, 1]| | Coda LE.SC2Replay|
191 0 14 |[14, 1, 1]| | Coda LE.SC2Replay|
192 0 14 |[14, 1, 1]| | Coda LE.SC2Replay|
193 0 14 |[14, 1, 1]| | Coda LE.SC2Replay|
194 0 14 |[14, 1, 1]| | Coda LE.SC2Replay|
195 0 14 |[14, 1, 1]| | Coda LE.SC2Replay|
196 0 14 |[14, 1, 1]| | Coda LE.SC2Replay|
197 0 14 |[14, 1, 1]| | Coda LE.SC2Replay|
198 0 14 |[14, 1, 1]| | Coda LE.SC2Replay|
199 0 14 |[14, 1, 1]| | Coda LE.SC2Replay|
200 0 14 |[14, 1, 1]| | Coda LE.SC2Replay|
201 0 14 |[14, 1, 1]| | Coda LE.SC2Replay|
202 0 14 |[14, 1, 1]| | Coda LE.SC2Replay|
203 0 14 |[14, 1, 1]| | Coda LE.SC2Replay|
204 0 14 |[14, 1, 1]| | Coda LE.SC2Replay|
205 0 14 |[14, 1, 1]| | Coda LE.SC2Replay|
206 0 14 |[14, 1, 1]| | Coda LE.SC2Replay|
207 0 14 |[14, 1, 1]| | Coda LE.SC2Replay|
208 0 14 |[14, 1, 1]| | Coda LE.SC2Replay|
209 0 14 |[14, 1, 1]| | Coda LE.SC2Replay|
210 0 14 |[14, 1, 1]| | Coda LE.SC2Replay|
211 0 14 |[14, 1, 1]| | Coda LE.SC2Replay|
212 0 14 |[14, 1, 1]| | Coda LE.SC2Replay|
213 0 14 |[14, 1, 1]| | Coda LE.SC2Replay|
214 0 14 |[14, 1, 1]| | Coda LE.SC2Replay|
215 0 14 |[14, 1, 1]| | Coda LE.SC2Replay|
216 0 14 |[14, 1, 1]| | Coda LE.SC2Replay|
217 0 14 |[14, 1, 1]| | Coda LE.SC2Replay|
218 0 14 |[14, 1, 1]| | Coda LE.SC2Replay|
219 0 14 |[14, 1, 1]| | Coda LE.SC2Replay|
220 0 14 |[14, 1, 1]| | Coda LE.SC2Replay|
221 0 14 |[14, 1, 1]| | Coda LE.SC2Replay|
222 0 14 |[14, 1, 1]| | Coda LE.SC2Replay|
223 0 14 |[14, 1, 1]| | Coda LE.SC2Replay|
224 0 14 |[14, 1, 1]| | Coda LE.SC2Replay|
225 0 14 |[14, 1, 1]| | Coda LE.SC2Replay|
226 0 14 |[14, 1, 1]| | Coda LE.SC2Replay|
227 0 14 |[14, 1, 1]| | Coda LE.SC2Replay|
228 0 14 |[14, 1, 1]| | Coda LE.SC2Replay|
229 0 14 |[14, 1, 1]| | Coda LE.SC2Replay|
230 0 14 |[14, 1, 1]| | Coda LE.SC2Replay|
231 0 14 |[14, 1, 1]| | Coda LE.SC2Replay|
232 0 14 |[14, 1, 1]| | Coda LE.SC2Replay|
233 50 14 |[14, 1, 1]| | Coda LE.SC2Replay|
234 100 14 |[14, 1, 1]| | Coda LE.SC2Replay|
235 150 14 |[14, 1, 1]| | Coda LE.SC2Replay|
236 200 14 |[14, 1, 1]| | Coda LE.SC2Replay|
237 250 14 |[14, 1, 1]| | Coda LE.SC2Replay|
238 300 14 |[14, 1, 1]| | Coda LE.SC2Replay|
239 300 14 |[14, 1, 1]| | Coda LE.SC2Replay|
240 300 14 |[14, 1, 1]| | Coda LE.SC2Replay|
241 300 14 |[14, 1, 1]| | Coda LE.SC2Replay|
242 300 14 |[14, 1, 1]| | Coda LE.SC2Replay|
243 300 14 |[14, 1, 1]| | Coda LE.SC2Replay|
244 300 14 |[14, 1, 1]| | Coda LE.SC2Replay|
245 300 14 |[14, 1, 1]| | Coda LE.SC2Replay|
246 300 14 |[14, 1, 1]| | Coda LE.SC2Replay|
247 300 14 |[14, 1, 1]| | Coda LE.SC2Replay|
248 300 14 |[14, 1, 1]| | Coda LE.SC2Replay|
249 300 14 |[14, 1, 1]| | Coda LE.SC2Replay|
250 300 15 |[15, 1, 1]| | Coda LE.SC2Replay|
251 300 15 |[15, 1, 1]| | Coda LE.SC2Replay|
252 300 15 |[15, 1, 1]| | Coda LE.SC2Replay|
253 300 15 |[15, 1, 1]| | Coda LE.SC2Replay|
254 300 15 |[15, 1, 1]| | Coda LE.SC2Replay|
255 300 15 |[15, 1, 1]| | Coda LE.SC2Replay|
256 300 15 |[15, 1, 1]| | Coda LE.SC2Replay|
257 300 15 |[15, 1, 1]| | Coda LE.SC2Replay|
258 300 15 |[15, 1, 1]| | Coda LE.SC2Replay|
259 300 16 |[16, 1, 1]| | Coda LE.SC2Replay|
260 300 16 |[16, 1, 1]| | Coda LE.SC2Replay|
261 300 16 |[16, 1, 1]| | Coda LE.SC2Replay|
262 300 16 |[16, 1, 1]| | Coda LE.SC2Replay|
263 300 16 |[16, 1, 1]| | Coda LE.SC2Replay|
264 300 17 |[17, 1, 1]| | Coda LE.SC2Replay|
265 300 17 |[17, 1, 1]| | Coda LE.SC2Replay|
266 300 17 |[17, 1, 1]| | Coda LE.SC2Replay|
267 300 17 |[17, 1, 1]| | Coda LE.SC2Replay|
268 300 17 |[17, 1, 1]| | Coda LE.SC2Replay|
269 300 17 |[17, 1, 1]| | Coda LE.SC2Replay|
270 300 17 |[17, 1, 1]| | Coda LE.SC2Replay|
271 300 17 |[17, 1, 1]| | Coda LE.SC2Replay|
272 300 17 |[17, 1, 1]| | Coda LE.SC2Replay|
273 300 17 |[17, 1, 1]| | Coda LE.SC2Replay|
274 300 17 |[17, 1, 1]| | Coda LE.SC2Replay|
275 300 18 |[18, 1, 1]| | Coda LE.SC2Replay|
276 300 18 |[18, 1, 1]| | Coda LE.SC2Replay|
277 300 18 |[18, 1, 1]| | Coda LE.SC2Replay|
278 300 18 |[18, 1, 1]| | Coda LE.SC2Replay|
279 300 18 |[18, 1, 1]| | Coda LE.SC2Replay|
280 300 18 |[18, 1, 1]| | Coda LE.SC2Replay|
281 300 18 |[18, 1, 1]| | Coda LE.SC2Replay|
282 300 18 |[18, 1, 1]| | Coda LE.SC2Replay|
283 300 18 |[18, 1, 1]| | Coda LE.SC2Replay|
284 300 18 |[18, 1, 1]| | Coda LE.SC2Replay|
285 300 18 |[18, 1, 1]| | Coda LE.SC2Replay|
286 300 18 |[18, 1, 1]| | Coda LE.SC2Replay|
287 300 18 |[18, 1, 1]| | Coda LE.SC2Replay|
288 300 18 |[18, 1, 1]| | Coda LE.SC2Replay|
289 300 18 |[18, 1, 1]| | Coda LE.SC2Replay|
290 300 18 |[18, 1, 1]| | Coda LE.SC2Replay|
291 300 18 |[18, 1, 1]| | Coda LE.SC2Replay|
292 300 18 |[18, 1, 1]| | Coda LE.SC2Replay|
293 300 18 |[18, 1, 1]| | Coda LE.SC2Replay|
294 300 18 |[18, 1, 1]| | Coda LE.SC2Replay|
295 300 18 |[18, 1, 1]| | Coda LE.SC2Replay|
296 300 18 |[18, 1, 1]| | Coda LE.SC2Replay|
297 300 18 |[18, 1, 1]| | Coda LE.SC2Replay|
298 300 18 |[18, 1, 1]| | Coda LE.SC2Replay|
299 300 19 |[19, 1, 1]| | Coda LE.SC2Replay|
300 300 20 |[20, 1, 1]| | Coda LE.SC2Replay|
301 300 20 |[20, 1, 1]| | Coda LE.SC2Replay|
302 300 20 |[20, 1, 1]| | Coda LE.SC2Replay|
303 300 20 |[20, 1, 1]| | Coda LE.SC2Replay|
304 300 20 |[20, 1, 1]| | Coda LE.SC2Replay|
305 300 20 |[20, 1, 1]| | Coda LE.SC2Replay|
306 300 20 |[20, 1, 1]| | Coda LE.SC2Replay|
307 300 20 |[20, 1, 1]| | Coda LE.SC2Replay|
308 300 20 |[20, 1, 1]| | Coda LE.SC2Replay|
309 300 21 |[21, 1, 1]| | Coda LE.SC2Replay|
310 300 22 |[22, 1, 1]| | Coda LE.SC2Replay|
311 300 22 |[22, 1, 1]| | Coda LE.SC2Replay|
312 300 22 |[22, 1, 1]| | Coda LE.SC2Replay|
313 300 22 |[22, 1, 1]| | Coda LE.SC2Replay|
314 300 22 |[22, 1, 1]| | Coda LE.SC2Replay|
315 300 22 |[22, 1, 1]| | Coda LE.SC2Replay|
316 300 22 |[22, 1, 1]| | Coda LE.SC2Replay|
317 300 22 |[22, 1, 1]| | Coda LE.SC2Replay|
318 300 22 |[22, 1, 1]| | Coda LE.SC2Replay|
319 300 22 |[22, 1, 1]| | Coda LE.SC2Replay|
320 300 22 |[22, 1, 1]| | Coda LE.SC2Replay|
321 300 22 |[22, 1, 1]| | Coda LE.SC2Replay|
322 300 22 |[22, 1, 1]| | Coda LE.SC2Replay|
323 300 23 |[23, 1, 1]| | Coda LE.SC2Replay|
324 300 23 |[23, 1, 1]| | Coda LE.SC2Replay|
325 300 23 |[23, 1, 1]| | Coda LE.SC2Replay|
326 300 23 |[23, 1, 1]| | Coda LE.SC2Replay|
327 300 23 |[23, 1, 1]| | Coda LE.SC2Replay|
328 300 23 |[23, 1, 1]| | Coda LE.SC2Replay|
329 300 23 |[23, 1, 1]| | Coda LE.SC2Replay|
330 300 23 |[23, 1, 1]| | Coda LE.SC2Replay|
331 300 23 |[23, 1, 1]| | Coda LE.SC2Replay|
332 300 23 |[23, 1, 1]| | Coda LE.SC2Replay|
333 300 23 |[23, 1, 1]| | Coda LE.SC2Replay|
334 300 23 |[23, 1, 1]| | Coda LE.SC2Replay|
335 300 23 |[23, 1, 1]| | Coda LE.SC2Replay|
336 300 24 |[24, 1, 1]| | Coda LE.SC2Replay|
337 300 25 |[25, 1, 1]| | Coda LE.SC2Replay|
338 300 26 |[26, 1, 1]| | Coda LE.SC2Replay|
339 300 27 |[27, 1, 1]| | Coda LE.SC2Replay|
340 300 28 |[28, 1, 1]| | Coda LE.SC2Replay|
341 300 28 |[28, 1, 1]| | Coda LE.SC2Replay|
342 300 28 |[28, 1, 1]| | Coda LE.SC2Replay|
343 300 28 |[28, 1, 1]| | Coda LE.SC2Replay|
344 300 28 |[28, 1, 1]| | Coda LE.SC2Replay|
345 300 28 |[28, 1, 1]| | Coda LE.SC2Replay|
346 300 28 |[28, 1, 1]| | Coda LE.SC2Replay|
347 300 28 |[28, 1, 1]| | Coda LE.SC2Replay|
348 300 28 |[28, 1, 1]| | Coda LE.SC2Replay|
349 300 28 |[28, 1, 1]| | Coda LE.SC2Replay|
350 300 28 |[28, 1, 1]| | Coda LE.SC2Replay|
351 300 28 |[28, 1, 1]| | Coda LE.SC2Replay|
352 300 28 |[28, 1, 1]| | Coda LE.SC2Replay|
353 300 28 |[28, 1, 1]| | Coda LE.SC2Replay|
354 300 28 |[28, 1, 1]| | Coda LE.SC2Replay|
355 300 28 |[28, 1, 1]| | Coda LE.SC2Replay|
356 300 28 |[28, 1, 1]| | Coda LE.SC2Replay|
357 300 28 |[28, 1, 1]| | Coda LE.SC2Replay|
358 300 28 |[28, 1, 1]| | Coda LE.SC2Replay|
359 300 28 |[28, 1, 1]| | Coda LE.SC2Replay|
360 300 28 |[28, 1, 1]| | Coda LE.SC2Replay|
361 300 28 |[28, 1, 1]| | Coda LE.SC2Replay|
362 300 29 |[29, 1, 1]| | Coda LE.SC2Replay|
363 300 30 |[30, 1, 1]| | Coda LE.SC2Replay|
364 300 30 |[30, 1, 1]| | Coda LE.SC2Replay|
365 300 30 |[30, 2, 1]| | Coda LE.SC2Replay|
366 300 30 |[30, 3, 1]| | Coda LE.SC2Replay|
367 300 30 |[30, 3, 1]| | Coda LE.SC2Replay|
368 300 30 |[30, 3, 1]| | Coda LE.SC2Replay|
369 300 30 |[30, 3, 1]| | Coda LE.SC2Replay|
370 300 30 |[30, 3, 1]| | Coda LE.SC2Replay|
371 300 30 |[30, 3, 1]| | Coda LE.SC2Replay|
372 300 30 |[30, 3, 1]| | Coda LE.SC2Replay|
373 300 30 |[30, 3, 1]| | Coda LE.SC2Replay|
374 300 30 |[30, 3, 1]| | Coda LE.SC2Replay|
375 300 30 |[30, 3, 1]| | Coda LE.SC2Replay|
376 300 30 |[30, 3, 1]| | Coda LE.SC2Replay|
377 300 30 |[30, 3, 1]| | Coda LE.SC2Replay|
378 300 30 |[30, 3, 1]| | Coda LE.SC2Replay|
379 300 30 |[30, 3, 1]| | Coda LE.SC2Replay|
380 300 30 |[30, 3, 1]| | Coda LE.SC2Replay|
381 300 30 |[30, 3, 1]| | Coda LE.SC2Replay|
382 300 31 |[31, 3, 1]| | Coda LE.SC2Replay|
383 300 32 |[32, 3, 1]| | Coda LE.SC2Replay|
384 300 33 |[33, 3, 1]| | Coda LE.SC2Replay|
385 300 34 |[34, 3, 1]| | Coda LE.SC2Replay|
386 300 35 |[35, 3, 1]| | Coda LE.SC2Replay|
387 300 36 |[36, 3, 1]| | Coda LE.SC2Replay|
388 300 36 |[36, 3, 1]| | Coda LE.SC2Replay|
389 300 36 |[36, 3, 1]| | Coda LE.SC2Replay|
390 300 36 |[36, 3, 1]| | Coda LE.SC2Replay|
391 300 36 |[36, 3, 1]| | Coda LE.SC2Replay|
392 300 36 |[36, 3, 1]| | Coda LE.SC2Replay|
393 300 36 |[36, 3, 1]| | Coda LE.SC2Replay|
394 300 36 |[36, 3, 1]| | Coda LE.SC2Replay|
395 300 36 |[36, 3, 1]| | Coda LE.SC2Replay|
396 300 36 |[36, 3, 1]| | Coda LE.SC2Replay|
397 300 36 |[36, 3, 1]| | Coda LE.SC2Replay|
398 300 36 |[36, 3, 1]| | Coda LE.SC2Replay|
399 300 36 |[36, 3, 1]| | Coda LE.SC2Replay|
400 300 36 |[36, 3, 1]| | Coda LE.SC2Replay|
401 300 36 |[36, 3, 1]| | Coda LE.SC2Replay|
402 300 36 |[36, 3, 1]| | Coda LE.SC2Replay|
403 300 36 |[36, 3, 1]| | Coda LE.SC2Replay|
404 300 36 |[36, 3, 1]| | Coda LE.SC2Replay|
405 300 36 |[36, 3, 1]| | Coda LE.SC2Replay|
406 300 37 |[37, 3, 1]| | Coda LE.SC2Replay|
407 300 38 |[38, 3, 1]| | Coda LE.SC2Replay|
408 300 39 |[39, 3, 1]| | Coda LE.SC2Replay|
409 300 39 |[39, 3, 1]| | Coda LE.SC2Replay|
410 300 39 |[39, 3, 1]| | Coda LE.SC2Replay|
411 300 39 |[39, 3, 1]| | Coda LE.SC2Replay|
412 300 39 |[39, 3, 1]| | Coda LE.SC2Replay|
413 300 39 |[39, 3, 2]| | Coda LE.SC2Replay|
414 300 39 |[39, 3, 2]| | Coda LE.SC2Replay|
415 300 39 |[39, 3, 2]| | Coda LE.SC2Replay|
416 300 39 |[39, 3, 2]| | Coda LE.SC2Replay|
417 300 39 |[39, 3, 2]| | Coda LE.SC2Replay|
418 300 39 |[39, 3, 2]| | Coda LE.SC2Replay|
419 300 39 |[39, 3, 2]| | Coda LE.SC2Replay|
420 300 39 |[39, 3, 2]| | Coda LE.SC2Replay|
421 300 39 |[39, 3, 2]| | Coda LE.SC2Replay|
422 300 39 |[39, 3, 2]| | Coda LE.SC2Replay|
423 300 39 |[39, 3, 2]| | Coda LE.SC2Replay|
424 300 40 |[40, 3, 2]| | Coda LE.SC2Replay|
425 300 41 |[41, 3, 2]| | Coda LE.SC2Replay|
426 300 41 |[41, 3, 2]| | Coda LE.SC2Replay|
427 300 41 |[41, 3, 2]| | Coda LE.SC2Replay|
428 300 41 |[41, 3, 2]| | Coda LE.SC2Replay|
429 300 41 |[41, 3, 2]| | Coda LE.SC2Replay|
430 300 41 |[41, 3, 2]| | Coda LE.SC2Replay|
431 300 41 |[41, 3, 2]| | Coda LE.SC2Replay|
432 300 41 |[41, 3, 2]| | Coda LE.SC2Replay|
433 300 41 |[41, 3, 2]| | Coda LE.SC2Replay|
434 300 41 |[41, 3, 2]| | Coda LE.SC2Replay|
435 300 41 |[41, 3, 2]| | Coda LE.SC2Replay|
436 300 41 |[41, 3, 2]| | Coda LE.SC2Replay|
437 300 41 |[41, 3, 2]| | Coda LE.SC2Replay|
438 300 41 |[41, 3, 2]| | Coda LE.SC2Replay|
439 300 41 |[41, 3, 2]| | Coda LE.SC2Replay|
440 300 41 |[41, 3, 2]| | Coda LE.SC2Replay|
441 300 41 |[41, 3, 2]| | Coda LE.SC2Replay|
442 300 41 |[41, 3, 2]| | Coda LE.SC2Replay|
443 300 41 |[41, 3, 2]| | Coda LE.SC2Replay|
444 300 41 |[41, 3, 2]| | Coda LE.SC2Replay|
445 300 41 |[41, 3, 2]| | Coda LE.SC2Replay|
446 300 41 |[41, 3, 2]| | Coda LE.SC2Replay|
447 300 41 |[41, 3, 2]| | Coda LE.SC2Replay|
448 300 41 |[41, 3, 2]| | Coda LE.SC2Replay|
449 300 41 |[41, 3, 2]| | Coda LE.SC2Replay|
450 300 41 |[41, 3, 2]| | Coda LE.SC2Replay|
451 300 41 |[41, 3, 2]| | Coda LE.SC2Replay|
452 300 41 |[41, 3, 2]| | Coda LE.SC2Replay|
453 300 41 |[41, 3, 2]| | Coda LE.SC2Replay|
454 300 41 |[41, 3, 2]| | Coda LE.SC2Replay|
455 300 41 |[41, 3, 2]| | Coda LE.SC2Replay|
456 300 41 |[41, 3, 2]| | Coda LE.SC2Replay|
457 300 41 |[41, 3, 2]| | Coda LE.SC2Replay|
458 300 41 |[41, 3, 2]| | Coda LE.SC2Replay|
459 300 41 |[41, 3, 2]| | Coda LE.SC2Replay|
460 300 41 |[41, 3, 2]| | Coda LE.SC2Replay|
461 300 41 |[41, 3, 2]| | Coda LE.SC2Replay|
462 300 41 |[41, 3, 2]| | Coda LE.SC2Replay|
463 300 41 |[41, 3, 2]| | Coda LE.SC2Replay|
464 300 41 |[41, 3, 2]| | Coda LE.SC2Replay|
465 300 41 |[41, 3, 2]| | Coda LE.SC2Replay|
466 300 41 |[41, 3, 2]| | Coda LE.SC2Replay|
467 300 41 |[41, 3, 2]| | Coda LE.SC2Replay|
468 300 41 |[41, 3, 2]| | Coda LE.SC2Replay|
469 300 41 |[41, 3, 2]| | Coda LE.SC2Replay|
470 300 42 |[42, 3, 2]| | Coda LE.SC2Replay|
471 300 43 |[43, 3, 2]| | Coda LE.SC2Replay|
472 300 44 |[44, 3, 2]| | Coda LE.SC2Replay|
473 300 45 |[45, 3, 2]| | Coda LE.SC2Replay|
474 300 46 |[46, 3, 2]| | Coda LE.SC2Replay|
475 300 47 |[47, 3, 2]| | Coda LE.SC2Replay|
476 300 48 |[48, 3, 2]| | Coda LE.SC2Replay|
477 300 49 |[49, 3, 2]| | Coda LE.SC2Replay|
478 300 50 |[50, 3, 2]| | Coda LE.SC2Replay|
479 300 51 |[51, 3, 2]| | Coda LE.SC2Replay|
480 300 52 |[52, 3, 2]| | Coda LE.SC2Replay|
481 300 53 |[53, 3, 2]| | Coda LE.SC2Replay|
482 300 53 |[53, 3, 2]| | Coda LE.SC2Replay|
483 300 53 |[53, 3, 2]| | Coda LE.SC2Replay|
484 300 53 |[53, 3, 2]| | Coda LE.SC2Replay|
485 300 53 |[53, 3, 2]| | Coda LE.SC2Replay|
486 300 53 |[53, 3, 2]| | Coda LE.SC2Replay|
487 300 53 |[53, 3, 2]| | Coda LE.SC2Replay|
488 300 53 |[53, 3, 2]| | Coda LE.SC2Replay|
489 300 53 |[53, 3, 2]| | Coda LE.SC2Replay|
490 300 53 |[53, 3, 2]| | Coda LE.SC2Replay|
491 300 53 |[53, 3, 2]| | Coda LE.SC2Replay|
492 300 53 |[53, 3, 2]| | Coda LE.SC2Replay|
493 300 53 |[53, 3, 2]| | Coda LE.SC2Replay|
494 300 53 |[53, 3, 2]| | Coda LE.SC2Replay|
495 300 53 |[53, 3, 2]| | Coda LE.SC2Replay|
496 300 53 |[53, 3, 2]| | Coda LE.SC2Replay|
497 300 53 |[53, 3, 2]| | Coda LE.SC2Replay|
498 300 53 |[53, 3, 2]| | Coda LE.SC2Replay|
499 300 53 |[53, 3, 2]| | Coda LE.SC2Replay|
500 300 53 |[53, 3, 2]| | Coda LE.SC2Replay|
501 300 53 |[53, 3, 2]| | Coda LE.SC2Replay|
502 300 53 |[53, 3, 2]| | Coda LE.SC2Replay|
503 300 53 |[53, 3, 2]| | Coda LE.SC2Replay|
504 300 53 |[53, 3, 2]| | Coda LE.SC2Replay|
505 300 54 |[54, 3, 2]| | Coda LE.SC2Replay|
506 300 55 |[55, 3, 2]| | Coda LE.SC2Replay|
507 300 56 |[56, 3, 2]| | Coda LE.SC2Replay|
508 300 57 |[57, 3, 2]| | Coda LE.SC2Replay|
509 300 58 |[58, 3, 2]| | Coda LE.SC2Replay|
510 300 59 |[59, 3, 2]| | Coda LE.SC2Replay|
511 300 60 |[60, 3, 2]| | Coda LE.SC2Replay|
512 300 61 |[61, 3, 2]| | Coda LE.SC2Replay|
513 300 61 |[61, 3, 2]| | Coda LE.SC2Replay|
514 300 61 |[61, 3, 2]| | Coda LE.SC2Replay|
515 300 61 |[61, 3, 2]| | Coda LE.SC2Replay|
516 300 61 |[61, 3, 2]| | Coda LE.SC2Replay|
517 300 61 |[61, 3, 2]| | Coda LE.SC2Replay|
518 300 61 |[61, 3, 2]| | Coda LE.SC2Replay|
519 300 61 |[61, 3, 2]| | Coda LE.SC2Replay|
520 300 61 |[61, 3, 2]| | Coda LE.SC2Replay|
521 300 61 |[61, 3, 2]| | Coda LE.SC2Replay|
522 300 61 |[61, 3, 2]| | Coda LE.SC2Replay|
523 300 61 |[61, 3, 2]| | Coda LE.SC2Replay|
524 300 61 |[61, 3, 2]| | Coda LE.SC2Replay|
525 300 61 |[61, 3, 2]| | Coda LE.SC2Replay|
526 300 61 |[61, 3, 2]| | Coda LE.SC2Replay|
527 300 61 |[61, 3, 2]| | Coda LE.SC2Replay|
528 300 61 |[61, 3, 2]| | Coda LE.SC2Replay|
529 300 61 |[61, 3, 2]| | Coda LE.SC2Replay|
530 300 61 |[61, 3, 2]| | Coda LE.SC2Replay|
531 300 61 |[61, 3, 2]| | Coda LE.SC2Replay|
532 300 61 |[61, 3, 2]| | Coda LE.SC2Replay|
533 300 61 |[61, 3, 2]| | Coda LE.SC2Replay|
534 300 61 |[61, 3, 2]| | Coda LE.SC2Replay|
535 300 61 |[61, 3, 2]| | Coda LE.SC2Replay|
536 300 61 |[61, 3, 2]| | Coda LE.SC2Replay|
537 300 61 |[61, 3, 2]| | Coda LE.SC2Replay|
538 300 61 |[61, 3, 2]| | Coda LE.SC2Replay|
539 300 61 |[61, 3, 2]| | Coda LE.SC2Replay|
540 300 61 |[61, 3, 2]| | Coda LE.SC2Replay|
541 300 61 |[61, 3, 2]| | Coda LE.SC2Replay|
542 300 61 |[61, 3, 2]| | Coda LE.SC2Replay|
543 300 61 |[61, 3, 2]| | Coda LE.SC2Replay|
544 300 61 |[61, 3, 2]| | Coda LE.SC2Replay|
545 300 61 |[61, 3, 2]| | Coda LE.SC2Replay|
546 300 61 |[61, 3, 2]| | Coda LE.SC2Replay|
547 300 61 |[61, 3, 2]| | Coda LE.SC2Replay|
548 300 61 |[61, 3, 2]| | Coda LE.SC2Replay|
549 300 61 |[61, 3, 2]| | Coda LE.SC2Replay|
550 300 61 |[61, 3, 2]| | Coda LE.SC2Replay|
551 300 61 |[61, 3, 2]| | Coda LE.SC2Replay|
552 300 61 |[61, 3, 2]| | Coda LE.SC2Replay|
553 300 61 |[61, 3, 2]| | Coda LE.SC2Replay|
554 300 61 |[61, 3, 2]| | Coda LE.SC2Replay|
555 300 61 |[61, 3, 2]| | Coda LE.SC2Replay|
556 300 61 |[61, 3, 2]| | Coda LE.SC2Replay|
557 300 61 |[61, 3, 2]| | Coda LE.SC2Replay|
558 300 61 |[61, 3, 2]| | Coda LE.SC2Replay|
559 300 61 |[61, 3, 2]| | Coda LE.SC2Replay|
560 300 61 |[61, 3, 2]| | Coda LE.SC2Replay|
561 300 61 |[61, 3, 2]| | Coda LE.SC2Replay|
562 300 62 |[62, 3, 2]| | Coda LE.SC2Replay|
563 300 63 |[63, 3, 2]| | Coda LE.SC2Replay|
564 300 64 |[64, 3, 2]| | Coda LE.SC2Replay|
565 300 65 |[65, 3, 2]| | Coda LE.SC2Replay|
566 300 66 |[66, 3, 2]| | Coda LE.SC2Replay|
567 300 66 |[66, 3, 2]| | Coda LE.SC2Replay|
568 300 66 |[66, 3, 2]| | Coda LE.SC2Replay|
569 300 66 |[66, 3, 2]| | Coda LE.SC2Replay|
570 300 66 |[66, 3, 2]| | Coda LE.SC2Replay|
571 300 67 |[67, 3, 2]| | Coda LE.SC2Replay|
572 300 68 |[68, 3, 2]| | Coda LE.SC2Replay|
573 300 69 |[69, 3, 2]| | Coda LE.SC2Replay|
574 300 69 |[69, 3, 2]| | Coda LE.SC2Replay|
575 300 69 |[69, 3, 2]| | Coda LE.SC2Replay|
576 300 69 |[69, 3, 2]| | Coda LE.SC2Replay|
577 300 69 |[69, 4, 2]| | Coda LE.SC2Replay|
578 300 70 |[70, 4, 2]| | Coda LE.SC2Replay|
579 300 71 |[71, 4, 2]| | Coda LE.SC2Replay|
580 300 72 |[72, 4, 2]| | Coda LE.SC2Replay|
581 300 73 |[73, 4, 2]| | Coda LE.SC2Replay|
582 300 74 |[74, 4, 2]| | Coda LE.SC2Replay|
583 300 75 |[75, 4, 2]| | Coda LE.SC2Replay|
584 300 75 |[75, 5, 2]| | Coda LE.SC2Replay|
585 300 76 |[76, 5, 2]| | Coda LE.SC2Replay|
586 300 77 |[77, 5, 2]| | Coda LE.SC2Replay|
587 300 78 |[78, 5, 2]| | Coda LE.SC2Replay|
588 300 79 |[79, 5, 2]| | Coda LE.SC2Replay|
589 300 80 |[80, 5, 2]| | Coda LE.SC2Replay|
590 300 80 |[80, 5, 2]| | Coda LE.SC2Replay|
591 300 80 |[80, 5, 2]| | Coda LE.SC2Replay|
592 300 80 |[80, 5, 2]| | Coda LE.SC2Replay|
593 300 80 |[80, 5, 2]| | Coda LE.SC2Replay|
594 300 80 |[80, 5, 2]| | Coda LE.SC2Replay|
595 300 80 |[80, 5, 2]| | Coda LE.SC2Replay|
596 300 81 |[81, 5, 2]| | Coda LE.SC2Replay|
597 300 82 |[82, 5, 2]| | Coda LE.SC2Replay|
598 300 82 |[82, 5, 2]| | Coda LE.SC2Replay|
599 300 82 |[82, 5, 2]| | Coda LE.SC2Replay|
600 300 82 |[82, 5, 2]| | Coda LE.SC2Replay|
601 300 82 |[82, 5, 2]| | Coda LE.SC2Replay|
602 300 82 |[82, 5, 2]| | Coda LE.SC2Replay|
603 300 82 |[82, 6, 2]| | Coda LE.SC2Replay|
604 300 82 |[82, 6, 2]| | Coda LE.SC2Replay|
605 300 82 |[82, 6, 2]| | Coda LE.SC2Replay|
606 300 82 |[82, 7, 2]| | Coda LE.SC2Replay|
607 300 83 |[83, 7, 2]| | Coda LE.SC2Replay|
608 300 84 |[84, 7, 2]| | Coda LE.SC2Replay|
609 300 85 |[85, 7, 2]| | Coda LE.SC2Replay|
610 300 86 |[86, 7, 2]| | Coda LE.SC2Replay|
611 300 87 |[87, 7, 2]| | Coda LE.SC2Replay|
612 300 87 |[87, 7, 2]| | Coda LE.SC2Replay|
613 300 87 |[87, 7, 2]| | Coda LE.SC2Replay|
614 300 87 |[87, 7, 2]| | Coda LE.SC2Replay|
615 300 87 |[87, 7, 2]| | Coda LE.SC2Replay|
616 300 87 |[87, 7, 2]| | Coda LE.SC2Replay|
617 300 87 |[87, 7, 2]| | Coda LE.SC2Replay|
618 300 87 |[87, 7, 2]| | Coda LE.SC2Replay|
619 300 87 |[87, 7, 2]| | Coda LE.SC2Replay|
620 300 87 |[87, 7, 2]| | Coda LE.SC2Replay|
621 300 87 |[87, 7, 2]| | Coda LE.SC2Replay|
622 300 87 |[87, 7, 2]| | Coda LE.SC2Replay|
623 300 87 |[87, 7, 2]| | Coda LE.SC2Replay|
624 300 87 |[87, 7, 2]| | Coda LE.SC2Replay|
625 300 88 |[88, 7, 2]| | Coda LE.SC2Replay|
626 300 89 |[89, 7, 2]| | Coda LE.SC2Replay|
627 300 89 |[89, 7, 2]| | Coda LE.SC2Replay|
628 300 89 |[89, 7, 2]| | Coda LE.SC2Replay|
629 300 89 |[89, 7, 2]| | Coda LE.SC2Replay|
630 300 89 |[89, 7, 2]| | Coda LE.SC2Replay|
631 300 89 |[89, 7, 2]| | Coda LE.SC2Replay|
632 300 89 |[89, 7, 2]| | Coda LE.SC2Replay|
633 300 89 |[89, 7, 2]| | Coda LE.SC2Replay|
634 300 89 |[89, 7, 2]| | Coda LE.SC2Replay|
635 300 89 |[89, 7, 2]| | Coda LE.SC2Replay|
636 300 89 |[89, 7, 2]| | Coda LE.SC2Replay|
637 300 89 |[89, 7, 2]| | Coda LE.SC2Replay|
638 300 89 |[89, 7, 2]| | Coda LE.SC2Replay|
639 350 89 |[89, 7, 2]| | Coda LE.SC2Replay|
640 400 89 |[89, 7, 2]| | Coda LE.SC2Replay|
641 450 89 |[89, 7, 2]| | Coda LE.SC2Replay|
642 500 89 |[89, 7, 2]| | Coda LE.SC2Replay|
643 550 89 |[89, 7, 2]| | Coda LE.SC2Replay|
644 600 89 |[89, 7, 2]| | Coda LE.SC2Replay|
645 650 89 |[89, 7, 2]| | Coda LE.SC2Replay|
646 700 89 |[89, 7, 2]| | Coda LE.SC2Replay|
647 700 89 |[89, 7, 2]| | Coda LE.SC2Replay|
648 700 89 |[89, 7, 2]| | Coda LE.SC2Replay|
649 700 89 |[89, 7, 2]| | Coda LE.SC2Replay|
650 700 89 |[89, 7, 2]| | Coda LE.SC2Replay|
651 700 89 |[89, 7, 2]| | Coda LE.SC2Replay|
652 700 89 |[89, 7, 2]| | Coda LE.SC2Replay|
653 700 89 |[89, 7, 2]| | Coda LE.SC2Replay|
654 700 89 |[89, 7, 2]| | Coda LE.SC2Replay|
655 750 89 |[89, 7, 2]| | Coda LE.SC2Replay|
656 800 89 |[89, 7, 2]| | Coda LE.SC2Replay|
657 850 89 |[89, 7, 2]| | Coda LE.SC2Replay|
658 900 89 |[89, 7, 2]| | Coda LE.SC2Replay|
659 950 89 |[89, 7, 2]| | Coda LE.SC2Replay|
660 1000 89 |[89, 7, 2]| | Coda LE.SC2Replay|
661 1050 89 |[89, 7, 2]| | Coda LE.SC2Replay|
662 1100 89 |[89, 7, 2]| | Coda LE.SC2Replay|
663 1150 89 |[89, 7, 2]| | Coda LE.SC2Replay|
664 1200 89 |[89, 7, 2]| | Coda LE.SC2Replay|
665 1250 89 |[89, 7, 2]| | Coda LE.SC2Replay|
666 1300 89 |[89, 7, 2]| | Coda LE.SC2Replay|
667 1350 89 |[89, 7, 2]| | Coda LE.SC2Replay|
668 1400 89 |[89, 7, 2]| | Coda LE.SC2Replay|
669 1400 89 |[89, 7, 3]| | Coda LE.SC2Replay|
670 1400 89 |[89, 7, 4]| | Coda LE.SC2Replay|
671 1400 89 |[89, 7, 4]| | Coda LE.SC2Replay|
672 1400 89 |[89, 7, 4]| | Coda LE.SC2Replay|
673 1400 89 |[89, 7, 4]| | Coda LE.SC2Replay|
674 1400 89 |[89, 7, 4]| | Coda LE.SC2Replay|
675 1400 89 |[89, 7, 4]| | Coda LE.SC2Replay|
676 1400 89 |[89, 7, 4]| | Coda LE.SC2Replay|
677 1450 89 |[89, 7, 4]| | Coda LE.SC2Replay|
678 1500 89 |[89, 7, 4]| | Coda LE.SC2Replay|
679 1550 89 |[89, 7, 4]| | Coda LE.SC2Replay|
680 1600 89 |[89, 7, 4]| | Coda LE.SC2Replay|
681 1650 89 |[89, 7, 4]| | Coda LE.SC2Replay|
682 1700 89 |[89, 7, 4]| | Coda LE.SC2Replay|
683 1750 89 |[89, 7, 4]| | Coda LE.SC2Replay|
684 1800 89 |[89, 7, 4]| | Coda LE.SC2Replay|
685 1850 89 |[89, 7, 4]| | Coda LE.SC2Replay|
686 1900 89 |[89, 7, 4]| | Coda LE.SC2Replay|
687 1900 89 |[89, 7, 4]| | Coda LE.SC2Replay|
688 1900 89 |[89, 7, 4]| | Coda LE.SC2Replay|
689 1900 89 |[89, 7, 4]| | Coda LE.SC2Replay|
690 1900 89 |[89, 7, 4]| | Coda LE.SC2Replay|
691 1900 89 |[89, 7, 4]| | Coda LE.SC2Replay|
692 1900 89 |[89, 7, 4]| | Coda LE.SC2Replay|
693 1900 89 |[89, 7, 4]| | Coda LE.SC2Replay|
694 1900 89 |[89, 7, 4]| | Coda LE.SC2Replay|
695 1900 89 |[89, 7, 4]| | Coda LE.SC2Replay|
696 1900 90 |[90, 7, 4]| | Coda LE.SC2Replay|
697 1900 91 |[91, 7, 4]| | Coda LE.SC2Replay|
698 1900 92 |[92, 7, 4]| | Coda LE.SC2Replay|
699 1900 93 |[93, 7, 4]| | Coda LE.SC2Replay|
700 1900 93 |[93, 7, 4]| | Coda LE.SC2Replay|
701 1900 93 |[93, 7, 4]| | Coda LE.SC2Replay|
702 1900 93 |[93, 7, 4]| | Coda LE.SC2Replay|
703 1900 93 |[93, 7, 4]| | Coda LE.SC2Replay|
704 1900 93 |[93, 7, 4]| | Coda LE.SC2Replay|
705 1950 93 |[93, 7, 4]| | Coda LE.SC2Replay|
706 2000 93 |[93, 7, 4]| | Coda LE.SC2Replay|
707 2050 93 |[93, 7, 4]| | Coda LE.SC2Replay|
708 2100 93 |[93, 7, 4]| | Coda LE.SC2Replay|
709 2150 93 |[93, 7, 4]| | Coda LE.SC2Replay|
710 2200 93 |[93, 7, 4]| | Coda LE.SC2Replay|
711 2250 93 |[93, 7, 4]| | Coda LE.SC2Replay|
712 2300 93 |[93, 7, 4]| | Coda LE.SC2Replay|
713 2350 93 |[93, 7, 4]| | Coda LE.SC2Replay|
714 2400 93 |[93, 7, 4]| | Coda LE.SC2Replay|
715 2450 93 |[93, 7, 4]| | Coda LE.SC2Replay|
716 2500 93 |[93, 7, 4]| | Coda LE.SC2Replay|
717 2550 93 |[93, 7, 4]| | Coda LE.SC2Replay|
718 2600 93 |[93, 7, 4]| | Coda LE.SC2Replay|
719 2600 93 |[93, 7, 4]| | Coda LE.SC2Replay|
720 2600 93 |[93, 7, 4]| | Coda LE.SC2Replay|
721 2600 93 |[93, 7, 4]| | Coda LE.SC2Replay|
722 2600 93 |[93, 7, 4]| | Coda LE.SC2Replay|
723 2600 93 |[93, 7, 4]| | Coda LE.SC2Replay|
724 2600 93 |[93, 7, 4]| | Coda LE.SC2Replay|
725 2600 93 |[93, 7, 4]| | Coda LE.SC2Replay|
726 2600 93 |[93, 7, 4]| | Coda LE.SC2Replay|
727 2600 93 |[93, 7, 4]| | Coda LE.SC2Replay|
728 2600 93 |[93, 7, 4]| | Coda LE.SC2Replay|
729 2600 93 |[93, 7, 4]| | Coda LE.SC2Replay|
730 2600 93 |[93, 7, 4]| | Coda LE.SC2Replay|
731 2600 93 |[93, 7, 4]| | Coda LE.SC2Replay|
732 2600 93 |[93, 7, 4]| | Coda LE.SC2Replay|
733 2600 93 |[93, 7, 4]| | Coda LE.SC2Replay|
734 2600 93 |[93, 7, 4]| | Coda LE.SC2Replay|
735 2600 93 |[93, 7, 4]| | Coda LE.SC2Replay|
736 2600 93 |[93, 7, 4]| | Coda LE.SC2Replay|
737 2600 93 |[93, 7, 4]| | Coda LE.SC2Replay|
738 2600 93 |[93, 7, 4]| | Coda LE.SC2Replay|
739 2600 93 |[93, 7, 4]| | Coda LE.SC2Replay|
740 2600 93 |[93, 7, 4]| | Coda LE.SC2Replay|
741 2600 93 |[93, 7, 4]| | Coda LE.SC2Replay|
742 2600 93 |[93, 7, 4]| | Coda LE.SC2Replay|
743 2600 93 |[93, 7, 4]| | Coda LE.SC2Replay|
744 2600 93 |[93, 7, 4]| | Coda LE.SC2Replay|
745 2600 93 |[93, 7, 4]| | Coda LE.SC2Replay|
746 2600 93 |[93, 7, 4]| | Coda LE.SC2Replay|
747 2600 93 |[93, 7, 4]| | Coda LE.SC2Replay|
748 2600 93 |[93, 7, 4]| | Coda LE.SC2Replay|
749 2600 93 |[93, 7, 4]| | Coda LE.SC2Replay|
750 2600 93 |[93, 7, 4]| | Coda LE.SC2Replay|
751 2600 93 |[93, 7, 4]| | Coda LE.SC2Replay|
752 2600 93 |[93, 7, 4]| | Coda LE.SC2Replay|
753 2600 93 |[93, 7, 4]| | Coda LE.SC2Replay|
754 2600 93 |[93, 7, 4]| | Coda LE.SC2Replay|
755 2600 93 |[93, 7, 4]| | Coda LE.SC2Replay|
756 2600 93 |[93, 7, 4]| | Coda LE.SC2Replay|
757 2600 93 |[93, 7, 4]| | Coda LE.SC2Replay|
758 2600 93 |[93, 7, 4]| | Coda LE.SC2Replay|
759 2600 93 |[93, 7, 4]| | Coda LE.SC2Replay|
760 2600 93 |[93, 7, 4]| | Coda LE.SC2Replay|
761 2600 93 |[93, 7, 4]| | Coda LE.SC2Replay|
762 2600 93 |[93, 7, 4]| | Coda LE.SC2Replay|
763 2600 93 |[93, 7, 4]| | Coda LE.SC2Replay|
764 2650 93 |[93, 7, 4]| | Coda LE.SC2Replay|
765 2700 93 |[93, 7, 4]| | Coda LE.SC2Replay|
766 2750 93 |[93, 7, 4]| | Coda LE.SC2Replay|
767 2800 93 |[93, 7, 4]| | Coda LE.SC2Replay|
768 2850 93 |[93, 7, 4]| | Coda LE.SC2Replay|
769 2900 93 |[93, 7, 4]| | Coda LE.SC2Replay|
770 2950 93 |[93, 7, 4]| | Coda LE.SC2Replay|
771 3000 93 |[93, 7, 4]| | Coda LE.SC2Replay|
772 3050 93 |[93, 7, 4]| | Coda LE.SC2Replay|
773 3100 93 |[93, 7, 4]| | Coda LE.SC2Replay|
774 3150 93 |[93, 7, 4]| | Coda LE.SC2Replay|
775 3200 93 |[93, 7, 4]| | Coda LE.SC2Replay|
776 3200 94 |[94, 7, 4]| | Coda LE.SC2Replay|
777 3200 95 |[95, 7, 4]| | Coda LE.SC2Replay|
778 3200 96 |[96, 7, 4]| | Coda LE.SC2Replay|
779 3200 97 |[97, 7, 4]| | Coda LE.SC2Replay|
780 3200 98 |[98, 7, 4]| | Coda LE.SC2Replay|
781 3200 99 |[99, 7, 4]| | Coda LE.SC2Replay|
782 3200 100 |[100, 7, 4]| | Coda LE.SC2Replay|
783 3200 101 |[101, 7, 4]| | Coda LE.SC2Replay|
784 3200 102 |[102, 7, 4]| | Coda LE.SC2Replay|
785 3200 103 |[103, 7, 4]| | Coda LE.SC2Replay|
786 3200 103 |[103, 7, 4]| | Coda LE.SC2Replay|
787 3200 103 |[103, 7, 4]| | Coda LE.SC2Replay|
788 3200 103 |[103, 7, 4]| | Coda LE.SC2Replay|
789 3200 103 |[103, 7, 4]| | Coda LE.SC2Replay|
790 3200 103 |[103, 7, 4]| | Coda LE.SC2Replay|
791 3200 103 |[103, 7, 4]| | Coda LE.SC2Replay|
792 3200 103 |[103, 7, 4]| | Coda LE.SC2Replay|
793 3200 103 |[103, 7, 4]| | Coda LE.SC2Replay|
794 3200 103 |[103, 7, 4]| | Coda LE.SC2Replay|
795 3200 103 |[103, 7, 4]| | Coda LE.SC2Replay|
796 3200 103 |[103, 7, 4]| | Coda LE.SC2Replay|
797 3200 103 |[103, 7, 4]| | Coda LE.SC2Replay|
798 3200 103 |[103, 7, 4]| | Coda LE.SC2Replay|
799 3200 103 |[103, 7, 4]| | Coda LE.SC2Replay|
800 3200 103 |[103, 7, 4]| | Coda LE.SC2Replay|
801 3200 103 |[103, 7, 4]| | Coda LE.SC2Replay|
802 3200 103 |[103, 7, 4]| | Coda LE.SC2Replay|
803 3200 103 |[103, 7, 4]| | Coda LE.SC2Replay|
804 3200 103 |[103, 7, 4]| | Coda LE.SC2Replay|
805 3200 103 |[103, 7, 4]| | Coda LE.SC2Replay|
806 3200 103 |[103, 7, 4]| | Coda LE.SC2Replay|
807 3200 103 |[103, 7, 4]| | Coda LE.SC2Replay|
808 3200 103 |[103, 7, 4]| | Coda LE.SC2Replay|
809 3200 103 |[103, 7, 4]| | Coda LE.SC2Replay|
810 3200 103 |[103, 7, 4]| | Coda LE.SC2Replay|
811 3200 103 |[103, 7, 4]| | Coda LE.SC2Replay|
812 3200 103 |[103, 7, 4]| | Coda LE.SC2Replay|
813 3200 103 |[103, 7, 4]| | Coda LE.SC2Replay|
814 3200 103 |[103, 7, 4]| | Coda LE.SC2Replay|
815 3200 103 |[103, 7, 4]| | Coda LE.SC2Replay|
816 3200 103 |[103, 7, 4]| | Coda LE.SC2Replay|
817 3200 103 |[103, 7, 4]| | Coda LE.SC2Replay|
818 3200 103 |[103, 7, 4]| | Coda LE.SC2Replay|
819 3200 103 |[103, 7, 4]| | Coda LE.SC2Replay|
820 3200 103 |[103, 7, 5]| | Coda LE.SC2Replay|
821 3250 103 |[103, 7, 5]| | Coda LE.SC2Replay|
822 3300 103 |[103, 7, 5]| | Coda LE.SC2Replay|
823 3350 103 |[103, 7, 5]| | Coda LE.SC2Replay|
824 3400 103 |[103, 7, 5]| | Coda LE.SC2Replay|
825 3450 103 |[103, 7, 5]| | Coda LE.SC2Replay|
826 3500 103 |[103, 7, 5]| | Coda LE.SC2Replay|
827 3550 103 |[103, 7, 5]| | Coda LE.SC2Replay|
828 3600 103 |[103, 7, 5]| | Coda LE.SC2Replay|
829 3650 103 |[103, 7, 5]| | Coda LE.SC2Replay|
830 3700 103 |[103, 7, 5]| | Coda LE.SC2Replay|
831 3750 103 |[103, 7, 5]| | Coda LE.SC2Replay|
832 3800 103 |[103, 7, 5]| | Coda LE.SC2Replay|
833 3850 103 |[103, 7, 5]| | Coda LE.SC2Replay|
834 3900 103 |[103, 7, 5]| | Coda LE.SC2Replay|
835 3950 103 |[103, 7, 5]| | Coda LE.SC2Replay|
836 4000 103 |[103, 7, 5]| | Coda LE.SC2Replay|
837 4000 103 |[103, 7, 5]| | Coda LE.SC2Replay|
838 4000 103 |[103, 7, 5]| | Coda LE.SC2Replay|
839 4000 103 |[103, 7, 5]| | Coda LE.SC2Replay|
840 4000 103 |[103, 7, 5]| | Coda LE.SC2Replay|
841 4000 103 |[103, 7, 5]| | Coda LE.SC2Replay|
842 4000 103 |[103, 7, 5]| | Coda LE.SC2Replay|
843 4000 103 |[103, 7, 5]| | Coda LE.SC2Replay|
844 4000 103 |[103, 7, 5]| | Coda LE.SC2Replay|
845 4000 103 |[103, 7, 5]| | Coda LE.SC2Replay|
846 4000 103 |[103, 7, 5]| | Coda LE.SC2Replay|
847 4000 103 |[103, 7, 5]| | Coda LE.SC2Replay|
848 4000 103 |[103, 7, 5]| | Coda LE.SC2Replay|
849 4000 103 |[103, 7, 5]| | Coda LE.SC2Replay|
850 4000 103 |[103, 7, 5]| | Coda LE.SC2Replay|
851 4000 103 |[103, 7, 5]| | Coda LE.SC2Replay|
852 4000 103 |[103, 7, 5]| | Coda LE.SC2Replay|
853 4000 103 |[103, 8, 5]| | Coda LE.SC2Replay|
854 4000 103 |[103, 8, 5]| | Coda LE.SC2Replay|
855 4000 103 |[103, 9, 5]| | Coda LE.SC2Replay|
856 4000 103 |[103, 9, 5]| | Coda LE.SC2Replay|
857 4000 103 |[103, 9, 5]| | Coda LE.SC2Replay|
858 4000 103 |[103, 9, 5]| | Coda LE.SC2Replay|
859 4000 103 |[103, 9, 5]| | Coda LE.SC2Replay|
860 4000 103 |[103, 9, 5]| | Coda LE.SC2Replay|
861 4000 103 |[103, 9, 5]| | Coda LE.SC2Replay|
862 4000 103 |[103, 9, 5]| | Coda LE.SC2Replay|
863 4000 103 |[103, 9, 5]| | Coda LE.SC2Replay|
864 4000 103 |[103, 9, 5]| | Coda LE.SC2Replay|
865 4000 103 |[103, 9, 5]| | Coda LE.SC2Replay|
866 4000 103 |[103, 9, 5]| | Coda LE.SC2Replay|
867 4000 103 |[103, 9, 5]| | Coda LE.SC2Replay|
868 4000 103 |[103, 9, 5]| | Coda LE.SC2Replay|
869 4000 103 |[103, 9, 5]| | Coda LE.SC2Replay|
870 4000 103 |[103, 9, 5]| | Coda LE.SC2Replay|
871 4000 103 |[103, 9, 5]| | Coda LE.SC2Replay|
872 4000 103 |[103, 9, 5]| | Coda LE.SC2Replay|
873 4000 103 |[103, 9, 5]| | Coda LE.SC2Replay|
874 4050 103 |[103, 9, 5]| | Coda LE.SC2Replay|
875 4100 103 |[103, 9, 5]| | Coda LE.SC2Replay|
876 4150 103 |[103, 9, 5]| | Coda LE.SC2Replay|
877 4200 103 |[103, 9, 5]| | Coda LE.SC2Replay|
878 4250 103 |[103, 9, 5]| | Coda LE.SC2Replay|
879 4300 103 |[103, 9, 5]| | Coda LE.SC2Replay|
880 4350 103 |[103, 9, 5]| | Coda LE.SC2Replay|
881 4400 103 |[103, 9, 5]| | Coda LE.SC2Replay|
882 4450 103 |[103, 9, 5]| | Coda LE.SC2Replay|
883 4500 103 |[103, 9, 5]| | Coda LE.SC2Replay|
884 4550 103 |[103, 9, 5]| | Coda LE.SC2Replay|
885 4600 103 |[103, 9, 5]| | Coda LE.SC2Replay|
886 4650 103 |[103, 9, 5]| | Coda LE.SC2Replay|
887 4700 103 |[103, 9, 5]| | Coda LE.SC2Replay|
888 4750 103 |[103, 9, 5]| | Coda LE.SC2Replay|
889 4800 103 |[103, 9, 5]| | Coda LE.SC2Replay|
890 4850 103 |[103, 9, 5]| | Coda LE.SC2Replay|
891 4900 103 |[103, 9, 5]| | Coda LE.SC2Replay|
892 4950 103 |[103, 9, 5]| | Coda LE.SC2Replay|
893 5000 103 |[103, 9, 5]| | Coda LE.SC2Replay|
894 5050 103 |[103, 9, 5]| | Coda LE.SC2Replay|
895 5100 103 |[103, 9, 5]| | Coda LE.SC2Replay|
896 5150 103 |[103, 9, 5]| | Coda LE.SC2Replay|
897 5200 103 |[103, 9, 5]| | Coda LE.SC2Replay|
898 5250 103 |[103, 9, 5]| | Coda LE.SC2Replay|
899 5300 103 |[103, 9, 5]| | Coda LE.SC2Replay|
900 5350 103 |[103, 9, 5]| | Coda LE.SC2Replay|
901 5400 103 |[103, 9, 5]| | Coda LE.SC2Replay|
902 5450 103 |[103, 9, 5]| | Coda LE.SC2Replay|
903 5500 103 |[103, 9, 5]| | Coda LE.SC2Replay|
904 5550 103 |[103, 9, 5]| | Coda LE.SC2Replay|
905 5600 103 |[103, 9, 5]| | Coda LE.SC2Replay|
906 5650 103 |[103, 9, 5]| | Coda LE.SC2Replay|
907 5700 103 |[103, 9, 5]| | Coda LE.SC2Replay|
908 5750 103 |[103, 9, 5]| | Coda LE.SC2Replay|
909 5800 103 |[103, 9, 5]| | Coda LE.SC2Replay|
910 5850 103 |[103, 9, 5]| | Coda LE.SC2Replay|
911 5900 103 |[103, 9, 5]| | Coda LE.SC2Replay|
912 5950 103 |[103, 9, 5]| | Coda LE.SC2Replay|
913 6000 103 |[103, 9, 5]| | Coda LE.SC2Replay|
914 6050 103 |[103, 9, 5]| | Coda LE.SC2Replay|
915 6100 103 |[103, 9, 5]| | Coda LE.SC2Replay|
916 6150 103 |[103, 9, 5]| | Coda LE.SC2Replay|
917 6200 103 |[103, 9, 5]| | Coda LE.SC2Replay|
918 6200 103 |[103, 9, 5]| | Coda LE.SC2Replay|
919 6200 103 |[103, 9, 5]| | Coda LE.SC2Replay|
920 6200 103 |[103, 9, 5]| | Coda LE.SC2Replay|
921 6200 103 |[103, 9, 5]| | Coda LE.SC2Replay|
922 6200 103 |[103, 9, 5]| | Coda LE.SC2Replay|
923 6200 103 |[103, 9, 5]| | Coda LE.SC2Replay|
924 6200 103 |[103, 9, 5]| | Coda LE.SC2Replay|
925 6200 103 |[103, 9, 5]| | Coda LE.SC2Replay|
926 6200 103 |[103, 9, 5]| | Coda LE.SC2Replay|
927 6200 103 |[103, 9, 5]| | Coda LE.SC2Replay|
928 6200 103 |[103, 9, 5]| | Coda LE.SC2Replay|
929 6200 103 |[103, 9, 5]| | Coda LE.SC2Replay|
930 6250 103 |[103, 9, 5]| | Coda LE.SC2Replay|
931 6300 103 |[103, 9, 5]| | Coda LE.SC2Replay|
932 6350 103 |[103, 9, 5]| | Coda LE.SC2Replay|
933 6400 103 |[103, 9, 5]| | Coda LE.SC2Replay|
934 6450 103 |[103, 9, 5]| | Coda LE.SC2Replay|
935 6500 103 |[103, 9, 5]| | Coda LE.SC2Replay|
936 6550 103 |[103, 9, 5]| | Coda LE.SC2Replay|
937 6600 103 |[103, 9, 5]| | Coda LE.SC2Replay|
938 6600 104 |[104, 9, 5]| | Coda LE.SC2Replay|
939 6600 105 |[105, 9, 5]| | Coda LE.SC2Replay|
940 6600 106 |[106, 9, 5]| | Coda LE.SC2Replay|
941 6600 107 |[107, 9, 5]| | Coda LE.SC2Replay|
942 6600 107 |[107, 9, 5]| | Coda LE.SC2Replay|
943 6600 107 |[107, 9, 5]| | Coda LE.SC2Replay|
944 6600 107 |[107, 9, 5]| | Coda LE.SC2Replay|
945 6600 107 |[107, 9, 5]| | Coda LE.SC2Replay|
946 6600 107 |[107, 9, 5]| | Coda LE.SC2Replay|
947 6600 107 |[107, 9, 5]| | Coda LE.SC2Replay|
948 6600 107 |[107, 9, 5]| | Coda LE.SC2Replay|
949 6600 107 |[107, 9, 5]| | Coda LE.SC2Replay|
950 6600 107 |[107, 9, 5]| | Coda LE.SC2Replay|
951 6600 107 |[107, 9, 5]| | Coda LE.SC2Replay|
952 6600 107 |[107, 9, 5]| | Coda LE.SC2Replay|
953 6600 107 |[107, 9, 5]| | Coda LE.SC2Replay|
954 6600 107 |[107, 9, 5]| | Coda LE.SC2Replay|
955 6600 107 |[107, 9, 5]| | Coda LE.SC2Replay|
956 6600 107 |[107, 9, 5]| | Coda LE.SC2Replay|
957 6600 107 |[107, 9, 5]| | Coda LE.SC2Replay|
958 6600 107 |[107, 9, 5]| | Coda LE.SC2Replay|
959 6600 108 |[108, 9, 5]| | Coda LE.SC2Replay|
960 6600 109 |[109, 9, 5]| | Coda LE.SC2Replay|
961 6600 110 |[110, 9, 5]| | Coda LE.SC2Replay|
962 6600 111 |[111, 9, 5]| | Coda LE.SC2Replay|
963 6600 112 |[112, 9, 5]| | Coda LE.SC2Replay|
964 6600 113 |[113, 9, 5]| | Coda LE.SC2Replay|
965 6600 113 |[113, 9, 5]| | Coda LE.SC2Replay|
966 6650 113 |[113, 9, 5]| | Coda LE.SC2Replay|
967 6700 113 |[113, 9, 5]| | Coda LE.SC2Replay|
968 6750 113 |[113, 9, 5]| | Coda LE.SC2Replay|
969 6800 113 |[113, 9, 5]| | Coda LE.SC2Replay|
970 6850 113 |[113, 9, 5]| | Coda LE.SC2Replay|
971 6900 113 |[113, 9, 5]| | Coda LE.SC2Replay|
972 6950 113 |[113, 9, 5]| | Coda LE.SC2Replay|
973 7000 113 |[113, 9, 5]| | Coda LE.SC2Replay|
974 7050 113 |[113, 9, 5]| | Coda LE.SC2Replay|
975 7100 113 |[113, 9, 5]| | Coda LE.SC2Replay|
976 7150 113 |[113, 9, 5]| | Coda LE.SC2Replay|
977 7200 113 |[113, 9, 5]| | Coda LE.SC2Replay|
978 7250 113 |[113, 9, 5]| | Coda LE.SC2Replay|
979 7300 113 |[113, 9, 5]| | Coda LE.SC2Replay|
980 7350 113 |[113, 9, 5]| | Coda LE.SC2Replay|
981 7400 113 |[113, 9, 5]| | Coda LE.SC2Replay|
982 7450 113 |[113, 9, 5]| | Coda LE.SC2Replay|
983 7500 113 |[113, 9, 5]| | Coda LE.SC2Replay|
984 7550 113 |[113, 9, 5]| | Coda LE.SC2Replay|
985 7600 113 |[113, 9, 5]| | Coda LE.SC2Replay|
986 7650 113 |[113, 9, 5]| | Coda LE.SC2Replay|
987 7700 113 |[113, 9, 5]| | Coda LE.SC2Replay|
988 7750 113 |[113, 9, 5]| | Coda LE.SC2Replay|
989 7800 113 |[113, 9, 5]| | Coda LE.SC2Replay|
990 7850 113 |[113, 9, 5]| | Coda LE.SC2Replay|
991 7900 113 |[113, 9, 5]| | Coda LE.SC2Replay|
992 7950 113 |[113, 9, 5]| | Coda LE.SC2Replay|
993 8000 113 |[113, 9, 5]| | Coda LE.SC2Replay|
994 8050 113 |[113, 9, 5]| | Coda LE.SC2Replay|
995 8100 113 |[113, 9, 5]| | Coda LE.SC2Replay|
996 8100 113 |[113, 9, 5]| | Coda LE.SC2Replay|
997 8100 113 |[113, 9, 5]| | Coda LE.SC2Replay|
998 8100 113 |[113, 9, 5]| | Coda LE.SC2Replay|
999 8100 113 |[113, 9, 5]| | Coda LE.SC2Replay|
1000 8100 113 |[113, 9, 5]| | Coda LE.SC2Replay|
1001 8100 113 |[113, 9, 5]| | Coda LE.SC2Replay|
1002 8100 113 |[113, 9, 5]| | Coda LE.SC2Replay|
1003 8100 113 |[113, 9, 5]| | Coda LE.SC2Replay|
1004 8100 113 |[113, 9, 5]| | Coda LE.SC2Replay|
1005 8100 113 |[113, 9, 5]| | Coda LE.SC2Replay|
1006 8100 113 |[113, 9, 5]| | Coda LE.SC2Replay|
1007 8150 113 |[113, 9, 5]| | Coda LE.SC2Replay|
1008 8200 113 |[113, 9, 5]| | Coda LE.SC2Replay|
1009 8250 113 |[113, 9, 5]| | Coda LE.SC2Replay|
1010 8300 113 |[113, 9, 5]| | Coda LE.SC2Replay|
1011 8350 113 |[113, 9, 5]| | Coda LE.SC2Replay|
1012 8400 113 |[113, 9, 5]| | Coda LE.SC2Replay|
1013 8450 113 |[113, 9, 5]| | Coda LE.SC2Replay|
1014 8500 113 |[113, 9, 5]| | Coda LE.SC2Replay|
1015 8550 113 |[113, 9, 5]| | Coda LE.SC2Replay|
1016 8600 113 |[113, 9, 5]| | Coda LE.SC2Replay|
1017 8650 113 |[113, 9, 5]| | Coda LE.SC2Replay|
1018 8700 113 |[113, 9, 5]| | Coda LE.SC2Replay|
1019 8750 113 |[113, 9, 5]| | Coda LE.SC2Replay|
1020 8800 113 |[113, 9, 5]| | Coda LE.SC2Replay|
1021 8850 113 |[113, 9, 5]| | Coda LE.SC2Replay|
1022 8900 113 |[113, 9, 5]| | Coda LE.SC2Replay|
1023 8950 113 |[113, 9, 5]| | Coda LE.SC2Replay|
1024 9000 113 |[113, 9, 5]| | Coda LE.SC2Replay|
1025 9050 113 |[113, 9, 5]| | Coda LE.SC2Replay|
1026 9100 113 |[113, 9, 5]| | Coda LE.SC2Replay|
1027 9150 113 |[113, 9, 5]| | Coda LE.SC2Replay|
1028 9200 113 |[113, 9, 5]| | Coda LE.SC2Replay|
1029 9250 113 |[113, 9, 5]| | Coda LE.SC2Replay|
1030 9300 113 |[113, 9, 5]| | Coda LE.SC2Replay|
1031 9350 113 |[113, 9, 5]| | Coda LE.SC2Replay|
1032 9400 113 |[113, 9, 5]| | Coda LE.SC2Replay|
1033 9450 113 |[113, 9, 5]| | Coda LE.SC2Replay|
1034 9500 113 |[113, 9, 5]| | Coda LE.SC2Replay|
1035 9550 113 |[113, 9, 5]| | Coda LE.SC2Replay|
1036 9600 113 |[113, 9, 5]| | Coda LE.SC2Replay|
1037 9650 113 |[113, 9, 5]| | Coda LE.SC2Replay|
1038 9700 113 |[113, 9, 5]| | Coda LE.SC2Replay|
1039 9750 113 |[113, 9, 5]| | Coda LE.SC2Replay|
1040 9800 113 |[113, 9, 5]| | Coda LE.SC2Replay|
1041 9850 113 |[113, 9, 5]| | Coda LE.SC2Replay|
1042 9900 113 |[113, 9, 5]| | Coda LE.SC2Replay|
1043 9950 113 |[113, 9, 5]| | Coda LE.SC2Replay|
1044 10000 113 |[113, 9, 5]| | Coda LE.SC2Replay|
1045 10050 113 |[113, 9, 5]| | Coda LE.SC2Replay|
1046 10100 113 |[113, 9, 5]| | Coda LE.SC2Replay|
1047 10150 113 |[113, 9, 5]| | Coda LE.SC2Replay|
1048 10200 113 |[113, 9, 5]| | Coda LE.SC2Replay|
1049 10250 113 |[113, 9, 5]| | Coda LE.SC2Replay|
1050 10300 113 |[113, 9, 5]| | Coda LE.SC2Replay|
1051 10350 113 |[113, 9, 5]| | Coda LE.SC2Replay|
1052 10400 113 |[113, 9, 5]| | Coda LE.SC2Replay|
1053 10450 113 |[113, 9, 5]| | Coda LE.SC2Replay|
1054 10500 113 |[113, 9, 5]| | Coda LE.SC2Replay|
1055 10550 113 |[113, 9, 5]| | Coda LE.SC2Replay|
1056 10600 113 |[113, 9, 5]| | Coda LE.SC2Replay|
1057 10600 113 |[113, 9, 5]| | Coda LE.SC2Replay|
1058 10600 113 |[113, 9, 5]| | Coda LE.SC2Replay|
1059 10600 113 |[113, 9, 5]| | Coda LE.SC2Replay|
1060 10600 113 |[113, 9, 5]| | Coda LE.SC2Replay|
1061 10650 113 |[113, 9, 5]| | Coda LE.SC2Replay|
1062 10700 113 |[113, 9, 5]| | Coda LE.SC2Replay|
1063 10750 113 |[113, 9, 5]| | Coda LE.SC2Replay|
1064 10800 113 |[113, 9, 5]| | Coda LE.SC2Replay|
1065 10850 113 |[113, 9, 5]| | Coda LE.SC2Replay|
1066 10900 113 |[113, 9, 5]| | Coda LE.SC2Replay|
1067 10950 113 |[113, 9, 5]| | Coda LE.SC2Replay|
1068 11000 113 |[113, 9, 5]| | Coda LE.SC2Replay|
1069 11000 113 |[113, 9, 5]| | Coda LE.SC2Replay|
1070 11050 113 |[113, 9, 5]| | Coda LE.SC2Replay|
1071 11100 113 |[113, 9, 5]| | Coda LE.SC2Replay|
1072 11150 113 |[113, 9, 5]| | Coda LE.SC2Replay|
1073 11200 113 |[113, 9, 5]| | Coda LE.SC2Replay|
1074 11250 113 |[113, 9, 5]| | Coda LE.SC2Replay|
1075 11300 113 |[113, 9, 5]| | Coda LE.SC2Replay|
1076 11350 113 |[113, 9, 5]| | Coda LE.SC2Replay|
1077 11400 113 |[113, 9, 5]| | Coda LE.SC2Replay|
1078 11400 113 |[113, 9, 5]| | Coda LE.SC2Replay|
1079 11400 113 |[113, 9, 5]| | Coda LE.SC2Replay|
1080 11400 113 |[113, 9, 5]| | Coda LE.SC2Replay|
1081 11400 113 |[113, 9, 5]| | Coda LE.SC2Replay|
1082 11400 113 |[113, 9, 5]| | Coda LE.SC2Replay|
1083 11400 113 |[113, 9, 5]| | Coda LE.SC2Replay|
1084 11400 113 |[113, 9, 5]| | Coda LE.SC2Replay|
1085 11400 113 |[113, 9, 5]| | Coda LE.SC2Replay|
1086 11400 113 |[113, 9, 5]| | Coda LE.SC2Replay|
1087 11400 113 |[113, 9, 5]| | Coda LE.SC2Replay|
1088 11400 113 |[113, 9, 5]| | Coda LE.SC2Replay|
1089 11400 113 |[113, 9, 5]| | Coda LE.SC2Replay|
1090 11400 113 |[113, 9, 5]| | Coda LE.SC2Replay|
1091 11400 113 |[113, 9, 5]| | Coda LE.SC2Replay|
1092 11400 113 |[113, 9, 5]| | Coda LE.SC2Replay|
1093 11400 113 |[113, 9, 5]| | Coda LE.SC2Replay|
1094 11400 113 |[113, 9, 5]| | Coda LE.SC2Replay|
1095 11400 113 |[113, 9, 5]| | Coda LE.SC2Replay|
1096 11400 113 |[113, 9, 5]| | Coda LE.SC2Replay|
1097 11400 113 |[113, 9, 5]| | Coda LE.SC2Replay|
1098 11450 113 |[113, 9, 5]| | Coda LE.SC2Replay|
1099 11500 113 |[113, 9, 5]| | Coda LE.SC2Replay|
1100 11500 113 |[113, 9, 5]| | Coda LE.SC2Replay|
1101 11500 113 |[113, 9, 5]| | Coda LE.SC2Replay|
1102 11500 113 |[113, 9, 5]| | Coda LE.SC2Replay|
1103 11500 113 |[113, 9, 5]| | Coda LE.SC2Replay|
1104 11500 113 |[113, 9, 5]| | Coda LE.SC2Replay|
1105 11500 113 |[113, 9, 5]| | Coda LE.SC2Replay|
1106 11500 113 |[113, 9, 5]| | Coda LE.SC2Replay|
1107 11500 113 |[113, 9, 5]| | Coda LE.SC2Replay|
1108 11500 113 |[113, 9, 5]| | Coda LE.SC2Replay|
1109 11500 113 |[113, 9, 5]| | Coda LE.SC2Replay|
1110 11500 113 |[113, 9, 5]| | Coda LE.SC2Replay|
1111 11500 113 |[113, 9, 5]| | Coda LE.SC2Replay|
1112 11500 113 |[113, 9, 5]| | Coda LE.SC2Replay|
1113 11500 113 |[113, 9, 5]| | Coda LE.SC2Replay|
1114 11500 113 |[113, 9, 5]| | Coda LE.SC2Replay|
1115 11550 113 |[113, 9, 5]| | Coda LE.SC2Replay|
1116 11600 113 |[113, 9, 5]| | Coda LE.SC2Replay|
1117 11650 113 |[113, 9, 5]| | Coda LE.SC2Replay|
1118 11700 113 |[113, 9, 5]| | Coda LE.SC2Replay|
1119 11750 113 |[113, 9, 5]| | Coda LE.SC2Replay|
1120 11800 113 |[113, 9, 5]| | Coda LE.SC2Replay|
1121 11850 113 |[113, 9, 5]| | Coda LE.SC2Replay|
1122 11900 113 |[113, 9, 5]| | Coda LE.SC2Replay|
1123 11950 113 |[113, 9, 5]| | Coda LE.SC2Replay|
1124 12000 113 |[113, 9, 5]| | Coda LE.SC2Replay|
1125 12050 113 |[113, 9, 5]| | Coda LE.SC2Replay|
1126 12100 113 |[113, 9, 5]| | Coda LE.SC2Replay|
1127 12150 113 |[113, 9, 5]| | Coda LE.SC2Replay|
1128 12200 113 |[113, 9, 5]| | Coda LE.SC2Replay|
1129 12250 113 |[113, 9, 5]| | Coda LE.SC2Replay|
1130 12300 113 |[113, 9, 5]| | Coda LE.SC2Replay|
1131 12350 113 |[113, 9, 5]| | Coda LE.SC2Replay|
1132 12400 113 |[113, 9, 5]| | Coda LE.SC2Replay|
1133 12450 113 |[113, 9, 5]| | Coda LE.SC2Replay|
1134 12500 113 |[113, 9, 5]| | Coda LE.SC2Replay|
1135 12550 113 |[113, 9, 5]| | Coda LE.SC2Replay|
1136 12600 113 |[113, 9, 5]| | Coda LE.SC2Replay|
1137 12650 113 |[113, 9, 5]| | Coda LE.SC2Replay|
1138 12700 113 |[113, 9, 5]| | Coda LE.SC2Replay|
1139 12750 113 |[113, 9, 5]| | Coda LE.SC2Replay|
1140 12800 113 |[113, 9, 5]| | Coda LE.SC2Replay|
1141 12850 113 |[113, 9, 5]| | Coda LE.SC2Replay|
1142 12900 113 |[113, 9, 5]| | Coda LE.SC2Replay|
1143 12950 113 |[113, 9, 5]| | Coda LE.SC2Replay|
1144 13000 113 |[113, 9, 5]| | Coda LE.SC2Replay|
1145 13000 113 |[113, 9, 5]| | Coda LE.SC2Replay|
1146 13000 113 |[113, 9, 5]| | Coda LE.SC2Replay|
1147 13050 113 |[113, 9, 5]| | Coda LE.SC2Replay|
1148 13100 113 |[113, 9, 5]| | Coda LE.SC2Replay|
1149 13150 113 |[113, 9, 5]| | Coda LE.SC2Replay|
1150 13200 113 |[113, 9, 5]| | Coda LE.SC2Replay|
1151 13250 113 |[113, 9, 5]| | Coda LE.SC2Replay|
1152 13300 113 |[113, 9, 5]| | Coda LE.SC2Replay|
1153 13350 113 |[113, 9, 5]| | Coda LE.SC2Replay|
1154 13400 113 |[113, 9, 5]| | Coda LE.SC2Replay|
1155 13400 113 |[113, 9, 5]| | Coda LE.SC2Replay|
1156 13450 113 |[113, 9, 5]| | Coda LE.SC2Replay|
1157 13500 113 |[113, 9, 5]| | Coda LE.SC2Replay|
1158 13550 113 |[113, 9, 5]| | Coda LE.SC2Replay|
1159 13600 113 |[113, 9, 5]| | Coda LE.SC2Replay|
1160 13650 113 |[113, 9, 5]| | Coda LE.SC2Replay|
1161 13700 113 |[113, 9, 5]| | Coda LE.SC2Replay|
1162 13750 113 |[113, 9, 5]| | Coda LE.SC2Replay|
1163 13800 113 |[113, 9, 5]| | Coda LE.SC2Replay|
1164 13850 113 |[113, 9, 5]| | Coda LE.SC2Replay|
1165 13900 113 |[113, 9, 5]| | Coda LE.SC2Replay|
1166 13950 113 |[113, 9, 5]| | Coda LE.SC2Replay|
1167 14000 113 |[113, 9, 5]| | Coda LE.SC2Replay|
1168 14050 113 |[113, 9, 5]| | Coda LE.SC2Replay|
1169 14100 113 |[113, 9, 5]| | Coda LE.SC2Replay|
1170 14150 113 |[113, 9, 5]| | Coda LE.SC2Replay|
1171 14200 113 |[113, 9, 5]| | Coda LE.SC2Replay|
1172 14250 113 |[113, 9, 5]| | Coda LE.SC2Replay|
1173 14300 113 |[113, 9, 5]| | Coda LE.SC2Replay|
1174 14350 113 |[113, 9, 5]| | Coda LE.SC2Replay|
1175 14400 113 |[113, 9, 5]| | Coda LE.SC2Replay|
1176 14450 113 |[113, 9, 5]| | Coda LE.SC2Replay|
1177 14500 113 |[113, 9, 5]| | Coda LE.SC2Replay|
1178 14550 113 |[113, 9, 5]| | Coda LE.SC2Replay|
1179 14600 113 |[113, 9, 5]| | Coda LE.SC2Replay|
1180 14650 113 |[113, 9, 5]| | Coda LE.SC2Replay|
1181 14700 113 |[113, 9, 5]| | Coda LE.SC2Replay|
1182 14750 113 |[113, 9, 5]| | Coda LE.SC2Replay|
1183 14800 113 |[113, 9, 5]| | Coda LE.SC2Replay|
1184 14800 113 |[113, 9, 5]| | Coda LE.SC2Replay|
1185 14800 113 |[113, 9, 5]| | Coda LE.SC2Replay|
1186 14800 113 |[113, 9, 5]| | Coda LE.SC2Replay|
1187 14800 113 |[113, 9, 5]| | Coda LE.SC2Replay|
1188 14800 113 |[113, 9, 5]| | Coda LE.SC2Replay|
1189 14800 113 |[113, 9, 5]| | Coda LE.SC2Replay|
1190 14800 113 |[113, 9, 5]| | Coda LE.SC2Replay|
1191 14800 113 |[113, 9, 5]| | Coda LE.SC2Replay|
1192 14800 113 |[113, 9, 5]| | Coda LE.SC2Replay|
1193 14800 113 |[113, 9, 5]| | Coda LE.SC2Replay|
1194 14800 113 |[113, 9, 5]| | Coda LE.SC2Replay|
1195 14800 113 |[113, 9, 5]| | Coda LE.SC2Replay|
1196 14800 113 |[113, 9, 5]| | Coda LE.SC2Replay|
1197 14800 113 |[113, 9, 6]| | Coda LE.SC2Replay|
1198 14800 113 |[113, 9, 6]| | Coda LE.SC2Replay|
1199 14800 113 |[113, 9, 6]| | Coda LE.SC2Replay|
1200 14800 113 |[113, 9, 6]| | Coda LE.SC2Replay|
1201 14800 113 |[113, 9, 6]| | Coda LE.SC2Replay|
1202 14800 113 |[113, 9, 6]| | Coda LE.SC2Replay|
1203 14800 113 |[113, 9, 6]| | Coda LE.SC2Replay|
1204 14800 113 |[113, 9, 6]| | Coda LE.SC2Replay|
1205 14800 113 |[113, 9, 6]| | Coda LE.SC2Replay|
1206 14800 113 |[113, 9, 6]| | Coda LE.SC2Replay|
1207 14800 113 |[113, 9, 6]| | Coda LE.SC2Replay|
1208 14800 113 |[113, 9, 6]| | Coda LE.SC2Replay|
1209 14800 113 |[113, 9, 6]| | Coda LE.SC2Replay|
1210 14800 113 |[113, 9, 6]| | Coda LE.SC2Replay|
1211 14800 113 |[113, 9, 6]| | Coda LE.SC2Replay|
1212 14800 113 |[113, 9, 6]| | Coda LE.SC2Replay|
1213 14800 113 |[113, 9, 6]| | Coda LE.SC2Replay|
1214 14800 113 |[113, 9, 6]| | Coda LE.SC2Replay|
1215 14800 113 |[113, 9, 6]| | Coda LE.SC2Replay|
1216 14800 113 |[113, 9, 6]| | Coda LE.SC2Replay|
1217 14800 113 |[113, 9, 6]| | Coda LE.SC2Replay|
1218 14800 113 |[113, 9, 6]| | Coda LE.SC2Replay|
1219 14800 113 |[113, 9, 6]| | Coda LE.SC2Replay|
1220 14800 113 |[113, 9, 6]| | Coda LE.SC2Replay|
1221 14800 113 |[113, 9, 6]| | Coda LE.SC2Replay|
1222 14800 113 |[113, 9, 6]| | Coda LE.SC2Replay|
1223 14800 113 |[113, 9, 6]| | Coda LE.SC2Replay|
1224 14800 113 |[113, 9, 6]| | Coda LE.SC2Replay|
1225 14800 113 |[113, 9, 6]| | Coda LE.SC2Replay|
1226 14800 113 |[113, 9, 6]| | Coda LE.SC2Replay|
1227 14800 113 |[113, 9, 6]| | Coda LE.SC2Replay|
1228 14800 113 |[113, 9, 6]| | Coda LE.SC2Replay|
1229 14800 113 |[113, 9, 6]| | Coda LE.SC2Replay|
1230 14800 113 |[113, 9, 6]| | Coda LE.SC2Replay|
1231 14800 113 |[113, 9, 6]| | Coda LE.SC2Replay|
1232 14800 113 |[113, 9, 6]| | Coda LE.SC2Replay|
1233 14800 113 |[113, 9, 6]| | Coda LE.SC2Replay|
1234 14800 113 |[113, 9, 6]| | Coda LE.SC2Replay|
1235 14800 113 |[113, 9, 6]| | Coda LE.SC2Replay|
1236 14800 113 |[113, 9, 6]| | Coda LE.SC2Replay|
1237 14800 113 |[113, 9, 6]| | Coda LE.SC2Replay|
1238 14800 113 |[113, 9, 6]| | Coda LE.SC2Replay|
1239 14800 113 |[113, 9, 6]| | Coda LE.SC2Replay|
1240 14800 113 |[113, 9, 6]| | Coda LE.SC2Replay|
1241 14800 113 |[113, 9, 6]| | Coda LE.SC2Replay|
1242 14800 113 |[113, 9, 6]| | Coda LE.SC2Replay|
1243 14800 113 |[113, 9, 6]| | Coda LE.SC2Replay|
1244 14800 113 |[113, 9, 6]| | Coda LE.SC2Replay|
1245 14800 113 |[113, 9, 6]| | Coda LE.SC2Replay|
1246 14800 113 |[113, 9, 6]| | Coda LE.SC2Replay|
1247 14800 113 |[113, 9, 6]| | Coda LE.SC2Replay|
1248 14800 113 |[113, 9, 6]| | Coda LE.SC2Replay|
1249 14800 113 |[113, 9, 6]| | Coda LE.SC2Replay|
1250 14800 113 |[113, 9, 6]| | Coda LE.SC2Replay|
1251 14800 113 |[113, 9, 6]| | Coda LE.SC2Replay|
1252 14800 113 |[113, 9, 6]| | Coda LE.SC2Replay|
1253 14800 113 |[113, 9, 6]| | Coda LE.SC2Replay|
1254 14800 113 |[113, 9, 6]| | Coda LE.SC2Replay|
1255 14800 113 |[113, 9, 6]| | Coda LE.SC2Replay|
1256 14800 113 |[113, 9, 6]| | Coda LE.SC2Replay|
1257 14800 113 |[113, 9, 6]| | Coda LE.SC2Replay|
1258 14800 113 |[113, 9, 6]| | Coda LE.SC2Replay|
1259 14800 113 |[113, 9, 6]| | Coda LE.SC2Replay|
1260 14800 113 |[113, 9, 6]| | Coda LE.SC2Replay|
1261 14800 113 |[113, 9, 6]| | Coda LE.SC2Replay|
1262 14800 113 |[113, 9, 6]| | Coda LE.SC2Replay|
1263 14800 113 |[113, 9, 6]| | Coda LE.SC2Replay|
1264 14800 113 |[113, 9, 6]| | Coda LE.SC2Replay|
1265 14800 113 |[113, 9, 6]| | Coda LE.SC2Replay|
1266 14800 113 |[113, 9, 6]| | Coda LE.SC2Replay|
1267 14850 113 |[113, 9, 6]| | Coda LE.SC2Replay|
1268 14900 113 |[113, 9, 6]| | Coda LE.SC2Replay|
1269 14900 113 |[113, 10, 6]| | Coda LE.SC2Replay|
1270 14950 113 |[113, 10, 6]| | Coda LE.SC2Replay|
1271 15000 113 |[113, 10, 6]| | Coda LE.SC2Replay|
1272 15050 113 |[113, 10, 6]| | Coda LE.SC2Replay|
1273 15100 113 |[113, 10, 6]| | Coda LE.SC2Replay|
1274 15150 113 |[113, 10, 6]| | Coda LE.SC2Replay|
1275 15200 113 |[113, 10, 6]| | Coda LE.SC2Replay|
1276 15250 113 |[113, 10, 6]| | Coda LE.SC2Replay|
1277 15300 113 |[113, 10, 6]| | Coda LE.SC2Replay|
1278 15350 113 |[113, 10, 6]| | Coda LE.SC2Replay|
1279 15400 113 |[113, 10, 6]| | Coda LE.SC2Replay|
1280 15450 113 |[113, 10, 6]| | Coda LE.SC2Replay|
1281 15500 113 |[113, 10, 6]| | Coda LE.SC2Replay|
1282 15550 113 |[113, 10, 6]| | Coda LE.SC2Replay|
1283 15600 113 |[113, 10, 6]| | Coda LE.SC2Replay|
1284 15650 113 |[113, 10, 6]| | Coda LE.SC2Replay|
1285 15700 113 |[113, 10, 6]| | Coda LE.SC2Replay|
1286 15750 113 |[113, 10, 6]| | Coda LE.SC2Replay|
1287 15800 113 |[113, 10, 6]| | Coda LE.SC2Replay|
1288 15850 113 |[113, 10, 6]| | Coda LE.SC2Replay|
1289 15900 113 |[113, 10, 6]| | Coda LE.SC2Replay|
1290 15950 113 |[113, 10, 6]| | Coda LE.SC2Replay|
1291 16000 113 |[113, 10, 6]| | Coda LE.SC2Replay|
1292 16050 113 |[113, 10, 6]| | Coda LE.SC2Replay|
1293 16100 113 |[113, 10, 6]| | Coda LE.SC2Replay|
1294 16150 113 |[113, 10, 6]| | Coda LE.SC2Replay|
1295 16200 113 |[113, 10, 6]| | Coda LE.SC2Replay|
1296 16250 113 |[113, 10, 6]| | Coda LE.SC2Replay|
1297 16300 113 |[113, 10, 6]| | Coda LE.SC2Replay|
1298 16350 113 |[113, 10, 6]| | Coda LE.SC2Replay|
1299 16400 113 |[113, 10, 6]| | Coda LE.SC2Replay|
1300 16450 113 |[113, 10, 6]| | Coda LE.SC2Replay|
1301 16500 113 |[113, 10, 6]| | Coda LE.SC2Replay|
1302 16550 113 |[113, 10, 6]| | Coda LE.SC2Replay|
1303 16600 113 |[113, 10, 6]| | Coda LE.SC2Replay|
1304 16650 113 |[113, 10, 6]| | Coda LE.SC2Replay|
1305 16700 113 |[113, 10, 6]| | Coda LE.SC2Replay|
1306 16750 113 |[113, 10, 6]| | Coda LE.SC2Replay|
1307 16800 113 |[113, 10, 6]| | Coda LE.SC2Replay|
1308 16850 113 |[113, 10, 6]| | Coda LE.SC2Replay|
1309 16900 113 |[113, 10, 6]| | Coda LE.SC2Replay|
1310 16950 113 |[113, 10, 6]| | Coda LE.SC2Replay|
1311 17000 113 |[113, 10, 6]| | Coda LE.SC2Replay|
1312 17050 113 |[113, 10, 6]| | Coda LE.SC2Replay|
1313 17100 113 |[113, 10, 6]| | Coda LE.SC2Replay|
1314 17150 113 |[113, 10, 6]| | Coda LE.SC2Replay|
1315 17200 113 |[113, 10, 6]| | Coda LE.SC2Replay|
1316 17250 113 |[113, 10, 6]| | Coda LE.SC2Replay|
1317 17300 113 |[113, 10, 6]| | Coda LE.SC2Replay|
1318 17350 113 |[113, 10, 6]| | Coda LE.SC2Replay|
1319 17400 113 |[113, 10, 6]| | Coda LE.SC2Replay|
1320 17450 113 |[113, 10, 6]| | Coda LE.SC2Replay|
1321 17500 113 |[113, 10, 6]| | Coda LE.SC2Replay|
