0 0 1 |[1, 0, 0]| | Iron Fortress LE.SC2Replay|
1 0 1 |[1, 0, 0]| | Iron Fortress LE.SC2Replay|
2 0 1 |[1, 0, 0]| | Iron Fortress LE.SC2Replay|
3 0 1 |[1, 0, 0]| | Iron Fortress LE.SC2Replay|
4 0 1 |[1, 0, 0]| | Iron Fortress LE.SC2Replay|
5 0 1 |[1, 0, 0]| | Iron Fortress LE.SC2Replay|
6 0 1 |[1, 0, 0]| | Iron Fortress LE.SC2Replay|
7 0 1 |[1, 0, 0]| | Iron Fortress LE.SC2Replay|
8 0 1 |[1, 0, 0]| | Iron Fortress LE.SC2Replay|
9 0 1 |[1, 0, 0]| | Iron Fortress LE.SC2Replay|
10 0 1 |[1, 0, 0]| | Iron Fortress LE.SC2Replay|
11 0 1 |[1, 0, 0]| | Iron Fortress LE.SC2Replay|
12 0 1 |[1, 0, 0]| | Iron Fortress LE.SC2Replay|
13 0 1 |[1, 0, 0]| | Iron Fortress LE.SC2Replay|
14 0 1 |[1, 0, 0]| | Iron Fortress LE.SC2Replay|
15 0 1 |[1, 0, 0]| | Iron Fortress LE.SC2Replay|
16 0 1 |[1, 0, 0]| | Iron Fortress LE.SC2Replay|
17 0 2 |[2, 0, 0]| | Iron Fortress LE.SC2Replay|
18 0 2 |[2, 0, 0]| | Iron Fortress LE.SC2Replay|
19 0 2 |[2, 0, 0]| | Iron Fortress LE.SC2Replay|
20 0 2 |[2, 0, 0]| | Iron Fortress LE.SC2Replay|
21 0 2 |[2, 0, 0]| | Iron Fortress LE.SC2Replay|
22 0 2 |[2, 0, 0]| | Iron Fortress LE.SC2Replay|
23 0 2 |[2, 0, 0]| | Iron Fortress LE.SC2Replay|
24 0 2 |[2, 0, 0]| | Iron Fortress LE.SC2Replay|
25 0 2 |[2, 0, 0]| | Iron Fortress LE.SC2Replay|
26 0 2 |[2, 0, 0]| | Iron Fortress LE.SC2Replay|
27 0 2 |[2, 0, 0]| | Iron Fortress LE.SC2Replay|
28 0 2 |[2, 0, 0]| | Iron Fortress LE.SC2Replay|
29 0 3 |[3, 0, 0]| | Iron Fortress LE.SC2Replay|
30 0 3 |[3, 0, 0]| | Iron Fortress LE.SC2Replay|
31 0 3 |[3, 0, 0]| | Iron Fortress LE.SC2Replay|
32 0 3 |[3, 0, 0]| | Iron Fortress LE.SC2Replay|
33 0 3 |[3, 0, 0]| | Iron Fortress LE.SC2Replay|
34 0 3 |[3, 0, 0]| | Iron Fortress LE.SC2Replay|
35 0 3 |[3, 0, 0]| | Iron Fortress LE.SC2Replay|
36 0 3 |[3, 0, 0]| | Iron Fortress LE.SC2Replay|
37 0 3 |[3, 0, 0]| | Iron Fortress LE.SC2Replay|
38 0 3 |[3, 0, 0]| | Iron Fortress LE.SC2Replay|
39 0 3 |[3, 0, 0]| | Iron Fortress LE.SC2Replay|
40 0 3 |[3, 0, 0]| | Iron Fortress LE.SC2Replay|
41 0 3 |[3, 0, 0]| | Iron Fortress LE.SC2Replay|
42 0 3 |[3, 0, 0]| | Iron Fortress LE.SC2Replay|
43 0 3 |[3, 0, 0]| | Iron Fortress LE.SC2Replay|
44 0 3 |[3, 0, 0]| | Iron Fortress LE.SC2Replay|
45 0 3 |[3, 0, 0]| | Iron Fortress LE.SC2Replay|
46 0 3 |[3, 0, 0]| | Iron Fortress LE.SC2Replay|
47 0 3 |[3, 0, 0]| | Iron Fortress LE.SC2Replay|
48 0 3 |[3, 0, 0]| | Iron Fortress LE.SC2Replay|
49 0 3 |[3, 0, 0]| | Iron Fortress LE.SC2Replay|
50 0 3 |[3, 0, 0]| | Iron Fortress LE.SC2Replay|
51 0 3 |[3, 0, 0]| | Iron Fortress LE.SC2Replay|
52 0 3 |[3, 0, 0]| | Iron Fortress LE.SC2Replay|
53 0 3 |[3, 0, 0]| | Iron Fortress LE.SC2Replay|
54 0 3 |[3, 0, 0]| | Iron Fortress LE.SC2Replay|
55 0 3 |[3, 0, 0]| | Iron Fortress LE.SC2Replay|
56 0 4 |[4, 0, 0]| | Iron Fortress LE.SC2Replay|
57 0 4 |[4, 0, 0]| | Iron Fortress LE.SC2Replay|
58 0 4 |[4, 0, 0]| | Iron Fortress LE.SC2Replay|
59 0 4 |[4, 0, 0]| | Iron Fortress LE.SC2Replay|
60 0 4 |[4, 0, 0]| | Iron Fortress LE.SC2Replay|
61 0 4 |[4, 0, 0]| | Iron Fortress LE.SC2Replay|
62 0 4 |[4, 0, 0]| | Iron Fortress LE.SC2Replay|
63 0 4 |[4, 0, 0]| | Iron Fortress LE.SC2Replay|
64 0 4 |[4, 0, 0]| | Iron Fortress LE.SC2Replay|
65 0 4 |[4, 0, 0]| | Iron Fortress LE.SC2Replay|
66 0 4 |[4, 0, 0]| | Iron Fortress LE.SC2Replay|
67 0 4 |[4, 0, 0]| | Iron Fortress LE.SC2Replay|
68 0 4 |[4, 0, 0]| | Iron Fortress LE.SC2Replay|
69 0 4 |[4, 0, 0]| | Iron Fortress LE.SC2Replay|
70 0 4 |[4, 0, 0]| | Iron Fortress LE.SC2Replay|
71 0 4 |[4, 0, 0]| | Iron Fortress LE.SC2Replay|
72 0 5 |[5, 0, 0]| | Iron Fortress LE.SC2Replay|
73 0 6 |[6, 0, 0]| | Iron Fortress LE.SC2Replay|
74 0 6 |[6, 0, 0]| | Iron Fortress LE.SC2Replay|
75 0 6 |[6, 0, 0]| | Iron Fortress LE.SC2Replay|
76 0 6 |[6, 0, 0]| | Iron Fortress LE.SC2Replay|
77 0 6 |[6, 0, 0]| | Iron Fortress LE.SC2Replay|
78 0 6 |[6, 0, 0]| | Iron Fortress LE.SC2Replay|
79 0 7 |[7, 0, 0]| | Iron Fortress LE.SC2Replay|
80 0 7 |[7, 0, 0]| | Iron Fortress LE.SC2Replay|
81 0 7 |[7, 0, 0]| | Iron Fortress LE.SC2Replay|
82 0 7 |[7, 0, 0]| | Iron Fortress LE.SC2Replay|
83 0 7 |[7, 0, 0]| | Iron Fortress LE.SC2Replay|
84 0 7 |[7, 0, 0]| | Iron Fortress LE.SC2Replay|
85 0 7 |[7, 0, 0]| | Iron Fortress LE.SC2Replay|
86 0 7 |[7, 0, 0]| | Iron Fortress LE.SC2Replay|
87 0 7 |[7, 0, 0]| | Iron Fortress LE.SC2Replay|
88 0 7 |[7, 0, 0]| | Iron Fortress LE.SC2Replay|
89 0 7 |[7, 0, 0]| | Iron Fortress LE.SC2Replay|
90 0 7 |[7, 0, 0]| | Iron Fortress LE.SC2Replay|
91 0 7 |[7, 0, 0]| | Iron Fortress LE.SC2Replay|
92 0 7 |[7, 0, 0]| | Iron Fortress LE.SC2Replay|
93 0 8 |[8, 0, 0]| | Iron Fortress LE.SC2Replay|
94 0 8 |[8, 0, 0]| | Iron Fortress LE.SC2Replay|
95 0 8 |[8, 0, 0]| | Iron Fortress LE.SC2Replay|
96 0 8 |[8, 0, 0]| | Iron Fortress LE.SC2Replay|
97 0 8 |[8, 0, 0]| | Iron Fortress LE.SC2Replay|
98 0 8 |[8, 0, 0]| | Iron Fortress LE.SC2Replay|
99 0 8 |[8, 0, 0]| | Iron Fortress LE.SC2Replay|
100 0 8 |[8, 0, 0]| | Iron Fortress LE.SC2Replay|
101 0 8 |[8, 0, 0]| | Iron Fortress LE.SC2Replay|
102 0 8 |[8, 0, 0]| | Iron Fortress LE.SC2Replay|
103 0 8 |[8, 0, 0]| | Iron Fortress LE.SC2Replay|
104 0 8 |[8, 0, 0]| | Iron Fortress LE.SC2Replay|
105 0 8 |[8, 0, 0]| | Iron Fortress LE.SC2Replay|
106 0 8 |[8, 0, 0]| | Iron Fortress LE.SC2Replay|
107 0 8 |[8, 0, 0]| | Iron Fortress LE.SC2Replay|
108 0 8 |[8, 0, 0]| | Iron Fortress LE.SC2Replay|
109 0 9 |[9, 0, 0]| | Iron Fortress LE.SC2Replay|
110 0 9 |[9, 0, 0]| | Iron Fortress LE.SC2Replay|
111 0 9 |[9, 0, 0]| | Iron Fortress LE.SC2Replay|
112 0 9 |[9, 0, 0]| | Iron Fortress LE.SC2Replay|
113 0 9 |[9, 0, 0]| | Iron Fortress LE.SC2Replay|
114 0 9 |[9, 0, 0]| | Iron Fortress LE.SC2Replay|
115 0 9 |[9, 0, 0]| | Iron Fortress LE.SC2Replay|
116 0 9 |[9, 0, 0]| | Iron Fortress LE.SC2Replay|
117 0 9 |[9, 0, 0]| | Iron Fortress LE.SC2Replay|
118 0 9 |[9, 0, 0]| | Iron Fortress LE.SC2Replay|
119 0 9 |[9, 0, 0]| | Iron Fortress LE.SC2Replay|
120 0 9 |[9, 0, 0]| | Iron Fortress LE.SC2Replay|
121 0 9 |[9, 0, 0]| | Iron Fortress LE.SC2Replay|
122 0 9 |[9, 0, 0]| | Iron Fortress LE.SC2Replay|
123 0 9 |[9, 0, 0]| | Iron Fortress LE.SC2Replay|
124 0 9 |[9, 0, 0]| | Iron Fortress LE.SC2Replay|
125 0 9 |[9, 0, 0]| | Iron Fortress LE.SC2Replay|
126 0 9 |[9, 0, 0]| | Iron Fortress LE.SC2Replay|
127 0 9 |[9, 0, 0]| | Iron Fortress LE.SC2Replay|
128 0 9 |[9, 0, 0]| | Iron Fortress LE.SC2Replay|
129 0 9 |[9, 0, 1]| | Iron Fortress LE.SC2Replay|
130 0 9 |[9, 0, 1]| | Iron Fortress LE.SC2Replay|
131 0 9 |[9, 0, 1]| | Iron Fortress LE.SC2Replay|
132 0 10 |[10, 0, 1]| | Iron Fortress LE.SC2Replay|
133 0 10 |[10, 0, 1]| | Iron Fortress LE.SC2Replay|
134 0 10 |[10, 0, 1]| | Iron Fortress LE.SC2Replay|
135 0 10 |[10, 0, 1]| | Iron Fortress LE.SC2Replay|
136 0 10 |[10, 0, 1]| | Iron Fortress LE.SC2Replay|
137 0 10 |[10, 0, 1]| | Iron Fortress LE.SC2Replay|
138 0 10 |[10, 0, 1]| | Iron Fortress LE.SC2Replay|
139 0 11 |[11, 0, 1]| | Iron Fortress LE.SC2Replay|
140 0 11 |[11, 0, 1]| | Iron Fortress LE.SC2Replay|
141 0 11 |[11, 0, 1]| | Iron Fortress LE.SC2Replay|
142 0 11 |[11, 0, 1]| | Iron Fortress LE.SC2Replay|
143 0 11 |[11, 0, 1]| | Iron Fortress LE.SC2Replay|
144 0 11 |[11, 0, 1]| | Iron Fortress LE.SC2Replay|
145 0 11 |[11, 0, 1]| | Iron Fortress LE.SC2Replay|
146 0 11 |[11, 0, 1]| | Iron Fortress LE.SC2Replay|
147 0 11 |[11, 0, 1]| | Iron Fortress LE.SC2Replay|
148 0 11 |[11, 0, 1]| | Iron Fortress LE.SC2Replay|
149 0 11 |[11, 0, 1]| | Iron Fortress LE.SC2Replay|
150 0 11 |[11, 0, 1]| | Iron Fortress LE.SC2Replay|
151 0 11 |[11, 0, 1]| | Iron Fortress LE.SC2Replay|
152 0 11 |[11, 0, 1]| | Iron Fortress LE.SC2Replay|
153 0 11 |[11, 0, 1]| | Iron Fortress LE.SC2Replay|
154 0 11 |[11, 0, 1]| | Iron Fortress LE.SC2Replay|
155 0 12 |[12, 0, 1]| | Iron Fortress LE.SC2Replay|
156 0 12 |[12, 0, 1]| | Iron Fortress LE.SC2Replay|
157 0 12 |[12, 0, 1]| | Iron Fortress LE.SC2Replay|
158 0 12 |[12, 0, 1]| | Iron Fortress LE.SC2Replay|
159 0 12 |[12, 0, 1]| | Iron Fortress LE.SC2Replay|
160 0 12 |[12, 0, 1]| | Iron Fortress LE.SC2Replay|
161 0 12 |[12, 0, 1]| | Iron Fortress LE.SC2Replay|
162 0 12 |[12, 0, 1]| | Iron Fortress LE.SC2Replay|
163 0 12 |[12, 0, 1]| | Iron Fortress LE.SC2Replay|
164 0 12 |[12, 0, 1]| | Iron Fortress LE.SC2Replay|
165 0 12 |[12, 0, 1]| | Iron Fortress LE.SC2Replay|
166 0 12 |[12, 0, 1]| | Iron Fortress LE.SC2Replay|
167 0 12 |[12, 0, 1]| | Iron Fortress LE.SC2Replay|
168 0 12 |[12, 0, 1]| | Iron Fortress LE.SC2Replay|
169 0 12 |[12, 0, 1]| | Iron Fortress LE.SC2Replay|
170 0 12 |[12, 0, 1]| | Iron Fortress LE.SC2Replay|
171 0 13 |[13, 0, 1]| | Iron Fortress LE.SC2Replay|
172 0 13 |[13, 0, 1]| | Iron Fortress LE.SC2Replay|
173 0 13 |[13, 0, 1]| | Iron Fortress LE.SC2Replay|
174 0 13 |[13, 0, 1]| | Iron Fortress LE.SC2Replay|
175 0 13 |[13, 0, 1]| | Iron Fortress LE.SC2Replay|
176 0 13 |[13, 0, 1]| | Iron Fortress LE.SC2Replay|
177 0 13 |[13, 0, 1]| | Iron Fortress LE.SC2Replay|
178 0 13 |[13, 0, 1]| | Iron Fortress LE.SC2Replay|
179 0 13 |[13, 0, 1]| | Iron Fortress LE.SC2Replay|
180 0 13 |[13, 0, 1]| | Iron Fortress LE.SC2Replay|
181 0 13 |[13, 0, 1]| | Iron Fortress LE.SC2Replay|
182 0 13 |[13, 0, 1]| | Iron Fortress LE.SC2Replay|
183 0 13 |[13, 0, 1]| | Iron Fortress LE.SC2Replay|
184 0 13 |[13, 0, 1]| | Iron Fortress LE.SC2Replay|
185 0 13 |[13, 0, 1]| | Iron Fortress LE.SC2Replay|
186 0 13 |[13, 0, 1]| | Iron Fortress LE.SC2Replay|
187 0 13 |[13, 0, 1]| | Iron Fortress LE.SC2Replay|
188 0 13 |[13, 0, 1]| | Iron Fortress LE.SC2Replay|
189 0 13 |[13, 0, 1]| | Iron Fortress LE.SC2Replay|
190 0 13 |[13, 0, 1]| | Iron Fortress LE.SC2Replay|
191 0 13 |[13, 0, 1]| | Iron Fortress LE.SC2Replay|
192 0 13 |[13, 0, 1]| | Iron Fortress LE.SC2Replay|
193 0 13 |[13, 0, 1]| | Iron Fortress LE.SC2Replay|
194 0 13 |[13, 0, 1]| | Iron Fortress LE.SC2Replay|
195 0 13 |[13, 0, 1]| | Iron Fortress LE.SC2Replay|
196 0 13 |[13, 0, 1]| | Iron Fortress LE.SC2Replay|
197 0 13 |[13, 0, 1]| | Iron Fortress LE.SC2Replay|
198 0 13 |[13, 0, 1]| | Iron Fortress LE.SC2Replay|
199 0 13 |[13, 0, 1]| | Iron Fortress LE.SC2Replay|
200 0 13 |[13, 0, 1]| | Iron Fortress LE.SC2Replay|
201 0 13 |[13, 0, 2]| | Iron Fortress LE.SC2Replay|
202 0 13 |[13, 0, 2]| | Iron Fortress LE.SC2Replay|
203 0 13 |[13, 0, 2]| | Iron Fortress LE.SC2Replay|
204 0 13 |[13, 0, 2]| | Iron Fortress LE.SC2Replay|
205 0 13 |[13, 0, 2]| | Iron Fortress LE.SC2Replay|
206 0 13 |[13, 0, 2]| | Iron Fortress LE.SC2Replay|
207 0 13 |[13, 0, 2]| | Iron Fortress LE.SC2Replay|
208 0 13 |[13, 0, 2]| | Iron Fortress LE.SC2Replay|
209 0 13 |[13, 0, 2]| | Iron Fortress LE.SC2Replay|
210 0 13 |[13, 0, 2]| | Iron Fortress LE.SC2Replay|
211 0 13 |[13, 0, 2]| | Iron Fortress LE.SC2Replay|
212 0 13 |[13, 0, 2]| | Iron Fortress LE.SC2Replay|
213 0 13 |[13, 0, 2]| | Iron Fortress LE.SC2Replay|
214 0 13 |[13, 0, 2]| | Iron Fortress LE.SC2Replay|
215 0 13 |[13, 0, 2]| | Iron Fortress LE.SC2Replay|
216 0 13 |[13, 0, 2]| | Iron Fortress LE.SC2Replay|
217 0 13 |[13, 0, 2]| | Iron Fortress LE.SC2Replay|
218 0 13 |[13, 0, 2]| | Iron Fortress LE.SC2Replay|
219 0 13 |[13, 0, 2]| | Iron Fortress LE.SC2Replay|
220 0 13 |[13, 0, 2]| | Iron Fortress LE.SC2Replay|
221 0 13 |[13, 0, 2]| | Iron Fortress LE.SC2Replay|
222 0 13 |[13, 0, 2]| | Iron Fortress LE.SC2Replay|
223 0 13 |[13, 0, 2]| | Iron Fortress LE.SC2Replay|
224 0 13 |[13, 0, 2]| | Iron Fortress LE.SC2Replay|
225 0 13 |[13, 0, 2]| | Iron Fortress LE.SC2Replay|
226 0 13 |[13, 0, 2]| | Iron Fortress LE.SC2Replay|
227 0 13 |[13, 0, 2]| | Iron Fortress LE.SC2Replay|
228 0 13 |[13, 0, 2]| | Iron Fortress LE.SC2Replay|
229 0 13 |[13, 0, 2]| | Iron Fortress LE.SC2Replay|
230 50 13 |[13, 0, 2]| | Iron Fortress LE.SC2Replay|
231 100 13 |[13, 0, 2]| | Iron Fortress LE.SC2Replay|
232 150 13 |[13, 0, 2]| | Iron Fortress LE.SC2Replay|
233 200 13 |[13, 0, 2]| | Iron Fortress LE.SC2Replay|
234 250 13 |[13, 0, 2]| | Iron Fortress LE.SC2Replay|
235 300 13 |[13, 0, 2]| | Iron Fortress LE.SC2Replay|
236 350 13 |[13, 0, 2]| | Iron Fortress LE.SC2Replay|
237 400 13 |[13, 0, 2]| | Iron Fortress LE.SC2Replay|
238 400 13 |[13, 0, 2]| | Iron Fortress LE.SC2Replay|
239 400 13 |[13, 0, 2]| | Iron Fortress LE.SC2Replay|
240 400 13 |[13, 0, 2]| | Iron Fortress LE.SC2Replay|
241 400 13 |[13, 0, 2]| | Iron Fortress LE.SC2Replay|
242 400 13 |[13, 0, 2]| | Iron Fortress LE.SC2Replay|
243 400 13 |[13, 0, 2]| | Iron Fortress LE.SC2Replay|
244 400 13 |[13, 0, 2]| | Iron Fortress LE.SC2Replay|
245 400 13 |[13, 0, 2]| | Iron Fortress LE.SC2Replay|
246 400 14 |[14, 0, 2]| | Iron Fortress LE.SC2Replay|
247 400 15 |[15, 0, 2]| | Iron Fortress LE.SC2Replay|
248 400 15 |[15, 0, 2]| | Iron Fortress LE.SC2Replay|
249 400 15 |[15, 0, 2]| | Iron Fortress LE.SC2Replay|
250 400 15 |[15, 0, 2]| | Iron Fortress LE.SC2Replay|
251 400 15 |[15, 0, 2]| | Iron Fortress LE.SC2Replay|
252 400 15 |[15, 0, 2]| | Iron Fortress LE.SC2Replay|
253 400 15 |[15, 0, 2]| | Iron Fortress LE.SC2Replay|
254 400 15 |[15, 0, 2]| | Iron Fortress LE.SC2Replay|
255 400 15 |[15, 1, 2]| | Iron Fortress LE.SC2Replay|
256 400 15 |[15, 1, 2]| | Iron Fortress LE.SC2Replay|
257 400 15 |[15, 1, 2]| | Iron Fortress LE.SC2Replay|
258 400 15 |[15, 1, 2]| | Iron Fortress LE.SC2Replay|
259 400 15 |[15, 1, 2]| | Iron Fortress LE.SC2Replay|
260 400 15 |[15, 1, 2]| | Iron Fortress LE.SC2Replay|
261 400 15 |[15, 1, 2]| | Iron Fortress LE.SC2Replay|
262 400 16 |[16, 1, 2]| | Iron Fortress LE.SC2Replay|
263 400 17 |[17, 1, 2]| | Iron Fortress LE.SC2Replay|
264 400 17 |[17, 1, 2]| | Iron Fortress LE.SC2Replay|
265 400 17 |[17, 1, 2]| | Iron Fortress LE.SC2Replay|
266 400 17 |[17, 1, 2]| | Iron Fortress LE.SC2Replay|
267 400 17 |[17, 1, 2]| | Iron Fortress LE.SC2Replay|
268 400 17 |[17, 1, 2]| | Iron Fortress LE.SC2Replay|
269 400 17 |[17, 1, 2]| | Iron Fortress LE.SC2Replay|
270 400 17 |[17, 1, 2]| | Iron Fortress LE.SC2Replay|
271 400 17 |[17, 1, 2]| | Iron Fortress LE.SC2Replay|
272 400 17 |[17, 1, 2]| | Iron Fortress LE.SC2Replay|
273 400 17 |[17, 1, 2]| | Iron Fortress LE.SC2Replay|
274 400 17 |[17, 1, 2]| | Iron Fortress LE.SC2Replay|
275 400 17 |[17, 1, 2]| | Iron Fortress LE.SC2Replay|
276 400 17 |[17, 1, 2]| | Iron Fortress LE.SC2Replay|
277 400 18 |[18, 1, 2]| | Iron Fortress LE.SC2Replay|
278 400 19 |[19, 1, 2]| | Iron Fortress LE.SC2Replay|
279 400 19 |[19, 1, 2]| | Iron Fortress LE.SC2Replay|
280 400 19 |[19, 1, 2]| | Iron Fortress LE.SC2Replay|
281 400 19 |[19, 1, 2]| | Iron Fortress LE.SC2Replay|
282 400 19 |[19, 1, 2]| | Iron Fortress LE.SC2Replay|
283 400 19 |[19, 1, 2]| | Iron Fortress LE.SC2Replay|
284 400 19 |[19, 1, 2]| | Iron Fortress LE.SC2Replay|
285 400 19 |[19, 1, 2]| | Iron Fortress LE.SC2Replay|
286 400 19 |[19, 1, 2]| | Iron Fortress LE.SC2Replay|
287 400 19 |[19, 1, 2]| | Iron Fortress LE.SC2Replay|
288 400 19 |[19, 1, 2]| | Iron Fortress LE.SC2Replay|
289 400 19 |[19, 1, 2]| | Iron Fortress LE.SC2Replay|
290 400 19 |[19, 1, 2]| | Iron Fortress LE.SC2Replay|
291 400 19 |[19, 1, 2]| | Iron Fortress LE.SC2Replay|
292 400 19 |[19, 1, 2]| | Iron Fortress LE.SC2Replay|
293 400 19 |[19, 1, 2]| | Iron Fortress LE.SC2Replay|
294 400 19 |[19, 1, 2]| | Iron Fortress LE.SC2Replay|
295 400 19 |[19, 1, 2]| | Iron Fortress LE.SC2Replay|
296 400 19 |[19, 1, 2]| | Iron Fortress LE.SC2Replay|
297 400 19 |[19, 1, 2]| | Iron Fortress LE.SC2Replay|
298 400 19 |[19, 1, 2]| | Iron Fortress LE.SC2Replay|
299 400 19 |[19, 1, 2]| | Iron Fortress LE.SC2Replay|
300 400 19 |[19, 1, 2]| | Iron Fortress LE.SC2Replay|
301 400 19 |[19, 1, 2]| | Iron Fortress LE.SC2Replay|
302 400 20 |[20, 1, 2]| | Iron Fortress LE.SC2Replay|
303 400 20 |[20, 1, 2]| | Iron Fortress LE.SC2Replay|
304 400 20 |[20, 1, 2]| | Iron Fortress LE.SC2Replay|
305 400 20 |[20, 1, 2]| | Iron Fortress LE.SC2Replay|
306 400 20 |[20, 1, 2]| | Iron Fortress LE.SC2Replay|
307 400 20 |[20, 1, 2]| | Iron Fortress LE.SC2Replay|
308 400 20 |[20, 1, 2]| | Iron Fortress LE.SC2Replay|
309 400 20 |[20, 1, 2]| | Iron Fortress LE.SC2Replay|
310 400 20 |[20, 1, 2]| | Iron Fortress LE.SC2Replay|
311 400 20 |[20, 1, 2]| | Iron Fortress LE.SC2Replay|
312 400 20 |[20, 1, 2]| | Iron Fortress LE.SC2Replay|
313 400 20 |[20, 1, 2]| | Iron Fortress LE.SC2Replay|
314 400 20 |[20, 1, 2]| | Iron Fortress LE.SC2Replay|
315 400 20 |[20, 1, 2]| | Iron Fortress LE.SC2Replay|
316 400 20 |[20, 1, 2]| | Iron Fortress LE.SC2Replay|
317 400 21 |[21, 1, 2]| | Iron Fortress LE.SC2Replay|
318 400 22 |[22, 1, 2]| | Iron Fortress LE.SC2Replay|
319 400 23 |[23, 1, 2]| | Iron Fortress LE.SC2Replay|
320 400 23 |[23, 1, 2]| | Iron Fortress LE.SC2Replay|
321 400 24 |[24, 1, 2]| | Iron Fortress LE.SC2Replay|
322 400 25 |[25, 1, 2]| | Iron Fortress LE.SC2Replay|
323 400 25 |[25, 1, 2]| | Iron Fortress LE.SC2Replay|
324 400 25 |[25, 1, 2]| | Iron Fortress LE.SC2Replay|
325 400 25 |[25, 1, 2]| | Iron Fortress LE.SC2Replay|
326 400 25 |[25, 1, 2]| | Iron Fortress LE.SC2Replay|
327 400 25 |[25, 1, 2]| | Iron Fortress LE.SC2Replay|
328 400 25 |[25, 1, 2]| | Iron Fortress LE.SC2Replay|
329 400 25 |[25, 1, 2]| | Iron Fortress LE.SC2Replay|
330 400 25 |[25, 1, 2]| | Iron Fortress LE.SC2Replay|
331 400 25 |[25, 1, 2]| | Iron Fortress LE.SC2Replay|
332 400 25 |[25, 1, 2]| | Iron Fortress LE.SC2Replay|
333 400 25 |[25, 1, 2]| | Iron Fortress LE.SC2Replay|
334 400 25 |[25, 1, 2]| | Iron Fortress LE.SC2Replay|
335 400 25 |[25, 1, 2]| | Iron Fortress LE.SC2Replay|
336 400 25 |[25, 1, 2]| | Iron Fortress LE.SC2Replay|
337 400 26 |[26, 1, 2]| | Iron Fortress LE.SC2Replay|
338 400 27 |[27, 1, 2]| | Iron Fortress LE.SC2Replay|
339 400 28 |[28, 1, 2]| | Iron Fortress LE.SC2Replay|
340 400 28 |[28, 1, 2]| | Iron Fortress LE.SC2Replay|
341 400 28 |[28, 1, 2]| | Iron Fortress LE.SC2Replay|
342 400 28 |[28, 1, 2]| | Iron Fortress LE.SC2Replay|
343 400 28 |[28, 1, 2]| | Iron Fortress LE.SC2Replay|
344 400 28 |[28, 1, 2]| | Iron Fortress LE.SC2Replay|
345 400 28 |[28, 1, 2]| | Iron Fortress LE.SC2Replay|
346 400 28 |[28, 1, 2]| | Iron Fortress LE.SC2Replay|
347 400 28 |[28, 1, 2]| | Iron Fortress LE.SC2Replay|
348 400 28 |[28, 1, 2]| | Iron Fortress LE.SC2Replay|
349 400 28 |[28, 1, 2]| | Iron Fortress LE.SC2Replay|
350 400 28 |[28, 1, 2]| | Iron Fortress LE.SC2Replay|
351 400 29 |[29, 1, 2]| | Iron Fortress LE.SC2Replay|
352 400 29 |[29, 1, 2]| | Iron Fortress LE.SC2Replay|
353 400 29 |[29, 1, 2]| | Iron Fortress LE.SC2Replay|
354 400 30 |[30, 1, 2]| | Iron Fortress LE.SC2Replay|
355 400 30 |[30, 1, 2]| | Iron Fortress LE.SC2Replay|
356 400 30 |[30, 1, 2]| | Iron Fortress LE.SC2Replay|
357 400 31 |[31, 1, 2]| | Iron Fortress LE.SC2Replay|
358 400 31 |[31, 1, 2]| | Iron Fortress LE.SC2Replay|
359 400 31 |[31, 1, 2]| | Iron Fortress LE.SC2Replay|
360 400 31 |[31, 1, 2]| | Iron Fortress LE.SC2Replay|
361 400 31 |[31, 1, 2]| | Iron Fortress LE.SC2Replay|
362 400 31 |[31, 1, 2]| | Iron Fortress LE.SC2Replay|
363 400 31 |[31, 1, 2]| | Iron Fortress LE.SC2Replay|
364 400 31 |[31, 1, 2]| | Iron Fortress LE.SC2Replay|
365 400 31 |[31, 1, 2]| | Iron Fortress LE.SC2Replay|
366 400 32 |[32, 1, 2]| | Iron Fortress LE.SC2Replay|
367 400 33 |[33, 1, 2]| | Iron Fortress LE.SC2Replay|
368 400 34 |[34, 1, 2]| | Iron Fortress LE.SC2Replay|
369 400 34 |[34, 1, 2]| | Iron Fortress LE.SC2Replay|
370 400 34 |[34, 1, 2]| | Iron Fortress LE.SC2Replay|
371 400 34 |[34, 1, 2]| | Iron Fortress LE.SC2Replay|
372 400 34 |[34, 1, 2]| | Iron Fortress LE.SC2Replay|
373 400 34 |[34, 1, 2]| | Iron Fortress LE.SC2Replay|
374 400 35 |[35, 1, 2]| | Iron Fortress LE.SC2Replay|
375 400 35 |[35, 1, 2]| | Iron Fortress LE.SC2Replay|
376 400 35 |[35, 1, 2]| | Iron Fortress LE.SC2Replay|
377 400 36 |[36, 1, 2]| | Iron Fortress LE.SC2Replay|
378 400 36 |[36, 1, 2]| | Iron Fortress LE.SC2Replay|
379 400 36 |[36, 1, 2]| | Iron Fortress LE.SC2Replay|
380 400 36 |[36, 2, 2]| | Iron Fortress LE.SC2Replay|
381 400 36 |[36, 2, 2]| | Iron Fortress LE.SC2Replay|
382 400 36 |[36, 2, 2]| | Iron Fortress LE.SC2Replay|
383 400 37 |[37, 2, 2]| | Iron Fortress LE.SC2Replay|
384 400 38 |[38, 2, 2]| | Iron Fortress LE.SC2Replay|
385 400 38 |[38, 2, 2]| | Iron Fortress LE.SC2Replay|
386 400 38 |[38, 2, 2]| | Iron Fortress LE.SC2Replay|
387 400 38 |[38, 2, 2]| | Iron Fortress LE.SC2Replay|
388 400 38 |[38, 2, 2]| | Iron Fortress LE.SC2Replay|
389 400 38 |[38, 2, 2]| | Iron Fortress LE.SC2Replay|
390 400 38 |[38, 2, 2]| | Iron Fortress LE.SC2Replay|
391 400 38 |[38, 2, 2]| | Iron Fortress LE.SC2Replay|
392 400 38 |[38, 2, 2]| | Iron Fortress LE.SC2Replay|
393 400 38 |[38, 2, 2]| | Iron Fortress LE.SC2Replay|
394 400 38 |[38, 2, 2]| | Iron Fortress LE.SC2Replay|
395 400 39 |[39, 2, 2]| | Iron Fortress LE.SC2Replay|
396 400 39 |[39, 2, 2]| | Iron Fortress LE.SC2Replay|
397 400 39 |[39, 2, 2]| | Iron Fortress LE.SC2Replay|
398 400 39 |[39, 2, 2]| | Iron Fortress LE.SC2Replay|
399 400 39 |[39, 2, 2]| | Iron Fortress LE.SC2Replay|
400 400 39 |[39, 2, 2]| | Iron Fortress LE.SC2Replay|
401 400 39 |[39, 2, 2]| | Iron Fortress LE.SC2Replay|
402 400 39 |[39, 2, 2]| | Iron Fortress LE.SC2Replay|
403 400 39 |[39, 2, 2]| | Iron Fortress LE.SC2Replay|
404 400 39 |[39, 2, 2]| | Iron Fortress LE.SC2Replay|
405 400 39 |[39, 2, 2]| | Iron Fortress LE.SC2Replay|
406 400 39 |[39, 2, 2]| | Iron Fortress LE.SC2Replay|
407 400 39 |[39, 2, 2]| | Iron Fortress LE.SC2Replay|
408 400 39 |[39, 2, 2]| | Iron Fortress LE.SC2Replay|
409 400 39 |[39, 2, 2]| | Iron Fortress LE.SC2Replay|
410 400 39 |[39, 2, 2]| | Iron Fortress LE.SC2Replay|
411 400 39 |[39, 2, 2]| | Iron Fortress LE.SC2Replay|
412 400 39 |[39, 2, 2]| | Iron Fortress LE.SC2Replay|
413 400 39 |[39, 2, 2]| | Iron Fortress LE.SC2Replay|
414 400 39 |[39, 2, 2]| | Iron Fortress LE.SC2Replay|
415 400 39 |[39, 2, 2]| | Iron Fortress LE.SC2Replay|
416 400 39 |[39, 2, 2]| | Iron Fortress LE.SC2Replay|
417 400 39 |[39, 2, 2]| | Iron Fortress LE.SC2Replay|
418 400 39 |[39, 2, 2]| | Iron Fortress LE.SC2Replay|
419 400 39 |[39, 2, 2]| | Iron Fortress LE.SC2Replay|
420 400 39 |[39, 2, 2]| | Iron Fortress LE.SC2Replay|
421 400 39 |[39, 2, 2]| | Iron Fortress LE.SC2Replay|
422 400 40 |[40, 2, 2]| | Iron Fortress LE.SC2Replay|
423 400 41 |[41, 2, 2]| | Iron Fortress LE.SC2Replay|
424 400 42 |[42, 2, 2]| | Iron Fortress LE.SC2Replay|
425 400 43 |[43, 2, 2]| | Iron Fortress LE.SC2Replay|
426 400 44 |[44, 2, 2]| | Iron Fortress LE.SC2Replay|
427 400 45 |[45, 2, 2]| | Iron Fortress LE.SC2Replay|
428 400 46 |[46, 2, 2]| | Iron Fortress LE.SC2Replay|
429 400 47 |[47, 2, 2]| | Iron Fortress LE.SC2Replay|
430 400 48 |[48, 2, 2]| | Iron Fortress LE.SC2Replay|
431 400 48 |[48, 2, 2]| | Iron Fortress LE.SC2Replay|
432 400 48 |[48, 2, 2]| | Iron Fortress LE.SC2Replay|
433 400 48 |[48, 2, 2]| | Iron Fortress LE.SC2Replay|
434 400 48 |[48, 2, 2]| | Iron Fortress LE.SC2Replay|
435 400 48 |[48, 2, 2]| | Iron Fortress LE.SC2Replay|
436 400 48 |[48, 2, 2]| | Iron Fortress LE.SC2Replay|
437 400 48 |[48, 2, 2]| | Iron Fortress LE.SC2Replay|
438 400 48 |[48, 2, 2]| | Iron Fortress LE.SC2Replay|
439 400 48 |[48, 2, 2]| | Iron Fortress LE.SC2Replay|
440 400 48 |[48, 2, 2]| | Iron Fortress LE.SC2Replay|
441 400 48 |[48, 2, 2]| | Iron Fortress LE.SC2Replay|
442 400 48 |[48, 2, 2]| | Iron Fortress LE.SC2Replay|
443 400 48 |[48, 2, 2]| | Iron Fortress LE.SC2Replay|
444 400 48 |[48, 2, 2]| | Iron Fortress LE.SC2Replay|
445 400 48 |[48, 2, 2]| | Iron Fortress LE.SC2Replay|
446 400 48 |[48, 2, 2]| | Iron Fortress LE.SC2Replay|
447 400 48 |[48, 2, 2]| | Iron Fortress LE.SC2Replay|
448 400 48 |[48, 2, 2]| | Iron Fortress LE.SC2Replay|
449 400 48 |[48, 2, 2]| | Iron Fortress LE.SC2Replay|
450 400 48 |[48, 2, 2]| | Iron Fortress LE.SC2Replay|
451 400 48 |[48, 2, 2]| | Iron Fortress LE.SC2Replay|
452 400 48 |[48, 2, 2]| | Iron Fortress LE.SC2Replay|
453 400 48 |[48, 2, 2]| | Iron Fortress LE.SC2Replay|
454 400 48 |[48, 2, 2]| | Iron Fortress LE.SC2Replay|
455 400 48 |[48, 2, 2]| | Iron Fortress LE.SC2Replay|
456 400 48 |[48, 2, 2]| | Iron Fortress LE.SC2Replay|
457 400 48 |[48, 2, 2]| | Iron Fortress LE.SC2Replay|
458 400 48 |[48, 3, 2]| | Iron Fortress LE.SC2Replay|
459 400 48 |[48, 3, 2]| | Iron Fortress LE.SC2Replay|
460 400 48 |[48, 3, 2]| | Iron Fortress LE.SC2Replay|
461 400 48 |[48, 3, 2]| | Iron Fortress LE.SC2Replay|
462 400 48 |[48, 3, 2]| | Iron Fortress LE.SC2Replay|
463 400 48 |[48, 3, 2]| | Iron Fortress LE.SC2Replay|
464 400 48 |[48, 3, 2]| | Iron Fortress LE.SC2Replay|
465 400 48 |[48, 3, 2]| | Iron Fortress LE.SC2Replay|
466 400 48 |[48, 3, 2]| | Iron Fortress LE.SC2Replay|
467 400 48 |[48, 3, 2]| | Iron Fortress LE.SC2Replay|
468 400 48 |[48, 3, 2]| | Iron Fortress LE.SC2Replay|
469 400 49 |[49, 3, 2]| | Iron Fortress LE.SC2Replay|
470 400 50 |[50, 3, 2]| | Iron Fortress LE.SC2Replay|
471 400 51 |[51, 3, 2]| | Iron Fortress LE.SC2Replay|
472 400 52 |[52, 3, 2]| | Iron Fortress LE.SC2Replay|
473 400 53 |[53, 3, 2]| | Iron Fortress LE.SC2Replay|
474 400 54 |[54, 3, 2]| | Iron Fortress LE.SC2Replay|
475 400 54 |[54, 4, 2]| | Iron Fortress LE.SC2Replay|
476 400 55 |[55, 4, 2]| | Iron Fortress LE.SC2Replay|
477 400 56 |[56, 4, 2]| | Iron Fortress LE.SC2Replay|
478 400 57 |[57, 4, 2]| | Iron Fortress LE.SC2Replay|
479 400 58 |[58, 4, 2]| | Iron Fortress LE.SC2Replay|
480 400 58 |[58, 4, 2]| | Iron Fortress LE.SC2Replay|
481 400 59 |[59, 4, 2]| | Iron Fortress LE.SC2Replay|
482 400 59 |[59, 4, 2]| | Iron Fortress LE.SC2Replay|
483 400 59 |[59, 4, 2]| | Iron Fortress LE.SC2Replay|
484 400 59 |[59, 4, 2]| | Iron Fortress LE.SC2Replay|
485 400 59 |[59, 4, 2]| | Iron Fortress LE.SC2Replay|
486 400 60 |[60, 4, 2]| | Iron Fortress LE.SC2Replay|
487 400 60 |[60, 4, 2]| | Iron Fortress LE.SC2Replay|
488 400 60 |[60, 4, 2]| | Iron Fortress LE.SC2Replay|
489 400 60 |[60, 4, 2]| | Iron Fortress LE.SC2Replay|
490 400 60 |[60, 4, 2]| | Iron Fortress LE.SC2Replay|
491 400 60 |[60, 4, 2]| | Iron Fortress LE.SC2Replay|
492 400 60 |[60, 4, 2]| | Iron Fortress LE.SC2Replay|
493 400 60 |[60, 4, 2]| | Iron Fortress LE.SC2Replay|
494 400 60 |[60, 4, 2]| | Iron Fortress LE.SC2Replay|
495 400 60 |[60, 4, 2]| | Iron Fortress LE.SC2Replay|
496 400 60 |[60, 4, 2]| | Iron Fortress LE.SC2Replay|
497 400 60 |[60, 4, 2]| | Iron Fortress LE.SC2Replay|
498 400 60 |[60, 4, 2]| | Iron Fortress LE.SC2Replay|
499 400 60 |[60, 4, 2]| | Iron Fortress LE.SC2Replay|
500 400 60 |[60, 4, 2]| | Iron Fortress LE.SC2Replay|
501 400 60 |[60, 4, 2]| | Iron Fortress LE.SC2Replay|
502 400 60 |[60, 4, 2]| | Iron Fortress LE.SC2Replay|
503 400 60 |[60, 4, 2]| | Iron Fortress LE.SC2Replay|
504 400 60 |[60, 4, 2]| | Iron Fortress LE.SC2Replay|
505 450 60 |[60, 4, 2]| | Iron Fortress LE.SC2Replay|
506 500 60 |[60, 4, 2]| | Iron Fortress LE.SC2Replay|
507 550 60 |[60, 4, 2]| | Iron Fortress LE.SC2Replay|
508 600 60 |[60, 4, 2]| | Iron Fortress LE.SC2Replay|
509 650 60 |[60, 4, 2]| | Iron Fortress LE.SC2Replay|
510 700 60 |[60, 4, 2]| | Iron Fortress LE.SC2Replay|
511 750 60 |[60, 4, 2]| | Iron Fortress LE.SC2Replay|
512 800 60 |[60, 4, 2]| | Iron Fortress LE.SC2Replay|
513 850 60 |[60, 4, 2]| | Iron Fortress LE.SC2Replay|
514 900 60 |[60, 4, 2]| | Iron Fortress LE.SC2Replay|
515 950 60 |[60, 4, 2]| | Iron Fortress LE.SC2Replay|
516 1000 60 |[60, 4, 2]| | Iron Fortress LE.SC2Replay|
517 1000 60 |[60, 4, 2]| | Iron Fortress LE.SC2Replay|
518 1000 60 |[60, 4, 2]| | Iron Fortress LE.SC2Replay|
519 1000 60 |[60, 4, 2]| | Iron Fortress LE.SC2Replay|
520 1000 60 |[60, 4, 2]| | Iron Fortress LE.SC2Replay|
521 1000 60 |[60, 4, 2]| | Iron Fortress LE.SC2Replay|
522 1000 60 |[60, 4, 2]| | Iron Fortress LE.SC2Replay|
523 1000 60 |[60, 4, 2]| | Iron Fortress LE.SC2Replay|
524 1000 60 |[60, 4, 2]| | Iron Fortress LE.SC2Replay|
525 1000 60 |[60, 4, 2]| | Iron Fortress LE.SC2Replay|
526 1000 60 |[60, 4, 2]| | Iron Fortress LE.SC2Replay|
527 1000 60 |[60, 4, 2]| | Iron Fortress LE.SC2Replay|
528 1000 60 |[60, 4, 2]| | Iron Fortress LE.SC2Replay|
529 1000 60 |[60, 4, 2]| | Iron Fortress LE.SC2Replay|
530 1000 60 |[60, 4, 2]| | Iron Fortress LE.SC2Replay|
531 1000 60 |[60, 4, 2]| | Iron Fortress LE.SC2Replay|
532 1000 60 |[60, 4, 2]| | Iron Fortress LE.SC2Replay|
533 1000 60 |[60, 4, 2]| | Iron Fortress LE.SC2Replay|
534 1000 60 |[60, 4, 2]| | Iron Fortress LE.SC2Replay|
535 1000 60 |[60, 4, 2]| | Iron Fortress LE.SC2Replay|
536 1000 60 |[60, 4, 2]| | Iron Fortress LE.SC2Replay|
537 1000 60 |[60, 4, 2]| | Iron Fortress LE.SC2Replay|
538 1000 60 |[60, 4, 2]| | Iron Fortress LE.SC2Replay|
539 1000 60 |[60, 4, 2]| | Iron Fortress LE.SC2Replay|
540 1000 60 |[60, 4, 2]| | Iron Fortress LE.SC2Replay|
541 1000 60 |[60, 4, 2]| | Iron Fortress LE.SC2Replay|
542 1000 60 |[60, 4, 2]| | Iron Fortress LE.SC2Replay|
543 1000 60 |[60, 4, 2]| | Iron Fortress LE.SC2Replay|
544 1000 60 |[60, 4, 2]| | Iron Fortress LE.SC2Replay|
545 1000 60 |[60, 4, 2]| | Iron Fortress LE.SC2Replay|
546 1000 60 |[60, 4, 2]| | Iron Fortress LE.SC2Replay|
547 1000 60 |[60, 4, 2]| | Iron Fortress LE.SC2Replay|
548 1000 60 |[60, 4, 2]| | Iron Fortress LE.SC2Replay|
549 1000 60 |[60, 4, 2]| | Iron Fortress LE.SC2Replay|
550 1000 60 |[60, 4, 2]| | Iron Fortress LE.SC2Replay|
551 1000 60 |[60, 4, 2]| | Iron Fortress LE.SC2Replay|
552 1000 60 |[60, 4, 2]| | Iron Fortress LE.SC2Replay|
553 1000 60 |[60, 4, 2]| | Iron Fortress LE.SC2Replay|
554 1000 60 |[60, 4, 2]| | Iron Fortress LE.SC2Replay|
555 1000 60 |[60, 4, 2]| | Iron Fortress LE.SC2Replay|
556 1000 60 |[60, 4, 2]| | Iron Fortress LE.SC2Replay|
557 1000 60 |[60, 4, 2]| | Iron Fortress LE.SC2Replay|
558 1000 60 |[60, 4, 2]| | Iron Fortress LE.SC2Replay|
559 1000 60 |[60, 4, 2]| | Iron Fortress LE.SC2Replay|
560 1000 60 |[60, 4, 2]| | Iron Fortress LE.SC2Replay|
561 1000 60 |[60, 4, 2]| | Iron Fortress LE.SC2Replay|
562 1000 60 |[60, 4, 2]| | Iron Fortress LE.SC2Replay|
563 1000 60 |[60, 4, 2]| | Iron Fortress LE.SC2Replay|
564 1000 60 |[60, 4, 2]| | Iron Fortress LE.SC2Replay|
565 1000 60 |[60, 4, 2]| | Iron Fortress LE.SC2Replay|
566 1000 60 |[60, 4, 2]| | Iron Fortress LE.SC2Replay|
567 1000 60 |[60, 4, 2]| | Iron Fortress LE.SC2Replay|
568 1000 60 |[60, 4, 2]| | Iron Fortress LE.SC2Replay|
569 1000 60 |[60, 4, 2]| | Iron Fortress LE.SC2Replay|
570 1000 60 |[60, 4, 2]| | Iron Fortress LE.SC2Replay|
571 1000 60 |[60, 4, 2]| | Iron Fortress LE.SC2Replay|
572 1000 60 |[60, 4, 2]| | Iron Fortress LE.SC2Replay|
573 1000 60 |[60, 4, 2]| | Iron Fortress LE.SC2Replay|
574 1000 60 |[60, 4, 2]| | Iron Fortress LE.SC2Replay|
575 1000 60 |[60, 4, 2]| | Iron Fortress LE.SC2Replay|
576 1000 60 |[60, 4, 2]| | Iron Fortress LE.SC2Replay|
577 1000 60 |[60, 4, 2]| | Iron Fortress LE.SC2Replay|
578 1000 60 |[60, 4, 2]| | Iron Fortress LE.SC2Replay|
579 1000 60 |[60, 4, 2]| | Iron Fortress LE.SC2Replay|
580 1000 60 |[60, 4, 2]| | Iron Fortress LE.SC2Replay|
581 1000 60 |[60, 4, 2]| | Iron Fortress LE.SC2Replay|
582 1000 60 |[60, 4, 2]| | Iron Fortress LE.SC2Replay|
583 1000 60 |[60, 4, 2]| | Iron Fortress LE.SC2Replay|
584 1000 60 |[60, 4, 2]| | Iron Fortress LE.SC2Replay|
585 1000 60 |[60, 4, 2]| | Iron Fortress LE.SC2Replay|
586 1000 60 |[60, 4, 2]| | Iron Fortress LE.SC2Replay|
587 1000 60 |[60, 4, 2]| | Iron Fortress LE.SC2Replay|
588 1000 60 |[60, 4, 2]| | Iron Fortress LE.SC2Replay|
589 1000 60 |[60, 4, 2]| | Iron Fortress LE.SC2Replay|
590 1000 60 |[60, 4, 2]| | Iron Fortress LE.SC2Replay|
591 1000 60 |[60, 4, 2]| | Iron Fortress LE.SC2Replay|
592 1000 60 |[60, 4, 2]| | Iron Fortress LE.SC2Replay|
593 1000 60 |[60, 4, 2]| | Iron Fortress LE.SC2Replay|
594 1000 60 |[60, 4, 2]| | Iron Fortress LE.SC2Replay|
595 1000 60 |[60, 4, 2]| | Iron Fortress LE.SC2Replay|
596 1000 60 |[60, 4, 2]| | Iron Fortress LE.SC2Replay|
597 1050 60 |[60, 4, 2]| | Iron Fortress LE.SC2Replay|
598 1100 60 |[60, 4, 2]| | Iron Fortress LE.SC2Replay|
599 1150 60 |[60, 4, 2]| | Iron Fortress LE.SC2Replay|
600 1200 60 |[60, 4, 2]| | Iron Fortress LE.SC2Replay|
601 1250 60 |[60, 4, 2]| | Iron Fortress LE.SC2Replay|
602 1300 60 |[60, 4, 2]| | Iron Fortress LE.SC2Replay|
603 1350 60 |[60, 4, 2]| | Iron Fortress LE.SC2Replay|
604 1400 60 |[60, 4, 2]| | Iron Fortress LE.SC2Replay|
