0 0 1 |[1, 0, 0]| | Moonlight Madness LE.SC2Replay|
1 0 1 |[1, 0, 0]| | Moonlight Madness LE.SC2Replay|
2 0 1 |[1, 0, 0]| | Moonlight Madness LE.SC2Replay|
3 0 1 |[1, 0, 0]| | Moonlight Madness LE.SC2Replay|
4 0 1 |[1, 0, 0]| | Moonlight Madness LE.SC2Replay|
5 0 1 |[1, 0, 0]| | Moonlight Madness LE.SC2Replay|
6 0 1 |[1, 0, 0]| | Moonlight Madness LE.SC2Replay|
7 0 1 |[1, 0, 0]| | Moonlight Madness LE.SC2Replay|
8 0 1 |[1, 0, 0]| | Moonlight Madness LE.SC2Replay|
9 0 1 |[1, 0, 0]| | Moonlight Madness LE.SC2Replay|
10 0 1 |[1, 0, 0]| | Moonlight Madness LE.SC2Replay|
11 0 1 |[1, 0, 0]| | Moonlight Madness LE.SC2Replay|
12 0 1 |[1, 0, 0]| | Moonlight Madness LE.SC2Replay|
13 0 1 |[1, 0, 0]| | Moonlight Madness LE.SC2Replay|
14 0 1 |[1, 0, 0]| | Moonlight Madness LE.SC2Replay|
15 0 2 |[2, 0, 0]| | Moonlight Madness LE.SC2Replay|
16 0 2 |[2, 0, 0]| | Moonlight Madness LE.SC2Replay|
17 0 2 |[2, 0, 0]| | Moonlight Madness LE.SC2Replay|
18 0 2 |[2, 0, 0]| | Moonlight Madness LE.SC2Replay|
19 0 2 |[2, 0, 0]| | Moonlight Madness LE.SC2Replay|
20 0 2 |[2, 0, 0]| | Moonlight Madness LE.SC2Replay|
21 0 2 |[2, 0, 0]| | Moonlight Madness LE.SC2Replay|
22 0 2 |[2, 0, 0]| | Moonlight Madness LE.SC2Replay|
23 0 2 |[2, 0, 0]| | Moonlight Madness LE.SC2Replay|
24 0 2 |[2, 0, 0]| | Moonlight Madness LE.SC2Replay|
25 0 2 |[2, 0, 0]| | Moonlight Madness LE.SC2Replay|
26 0 2 |[2, 0, 0]| | Moonlight Madness LE.SC2Replay|
27 0 2 |[2, 0, 0]| | Moonlight Madness LE.SC2Replay|
28 0 3 |[3, 0, 0]| | Moonlight Madness LE.SC2Replay|
29 0 3 |[3, 0, 0]| | Moonlight Madness LE.SC2Replay|
30 0 3 |[3, 0, 0]| | Moonlight Madness LE.SC2Replay|
31 0 3 |[3, 0, 0]| | Moonlight Madness LE.SC2Replay|
32 0 3 |[3, 0, 0]| | Moonlight Madness LE.SC2Replay|
33 0 3 |[3, 0, 0]| | Moonlight Madness LE.SC2Replay|
34 0 3 |[3, 0, 0]| | Moonlight Madness LE.SC2Replay|
35 0 3 |[3, 0, 0]| | Moonlight Madness LE.SC2Replay|
36 0 3 |[3, 0, 0]| | Moonlight Madness LE.SC2Replay|
37 0 3 |[3, 0, 0]| | Moonlight Madness LE.SC2Replay|
38 0 3 |[3, 0, 0]| | Moonlight Madness LE.SC2Replay|
39 0 3 |[3, 0, 0]| | Moonlight Madness LE.SC2Replay|
40 0 3 |[3, 0, 0]| | Moonlight Madness LE.SC2Replay|
41 0 3 |[3, 0, 0]| | Moonlight Madness LE.SC2Replay|
42 0 3 |[3, 0, 0]| | Moonlight Madness LE.SC2Replay|
43 0 3 |[3, 0, 0]| | Moonlight Madness LE.SC2Replay|
44 0 4 |[4, 0, 0]| | Moonlight Madness LE.SC2Replay|
45 0 4 |[4, 0, 0]| | Moonlight Madness LE.SC2Replay|
46 0 4 |[4, 0, 0]| | Moonlight Madness LE.SC2Replay|
47 0 4 |[4, 0, 0]| | Moonlight Madness LE.SC2Replay|
48 0 4 |[4, 0, 0]| | Moonlight Madness LE.SC2Replay|
49 0 4 |[4, 0, 0]| | Moonlight Madness LE.SC2Replay|
50 0 4 |[4, 0, 0]| | Moonlight Madness LE.SC2Replay|
51 0 4 |[4, 0, 0]| | Moonlight Madness LE.SC2Replay|
52 0 4 |[4, 0, 0]| | Moonlight Madness LE.SC2Replay|
53 0 4 |[4, 0, 0]| | Moonlight Madness LE.SC2Replay|
54 0 4 |[4, 0, 0]| | Moonlight Madness LE.SC2Replay|
55 0 4 |[4, 0, 0]| | Moonlight Madness LE.SC2Replay|
56 0 4 |[4, 0, 0]| | Moonlight Madness LE.SC2Replay|
57 0 4 |[4, 0, 0]| | Moonlight Madness LE.SC2Replay|
58 0 4 |[4, 0, 0]| | Moonlight Madness LE.SC2Replay|
59 0 4 |[4, 0, 0]| | Moonlight Madness LE.SC2Replay|
60 0 4 |[4, 0, 0]| | Moonlight Madness LE.SC2Replay|
61 0 4 |[4, 0, 0]| | Moonlight Madness LE.SC2Replay|
62 0 4 |[4, 0, 0]| | Moonlight Madness LE.SC2Replay|
63 0 4 |[4, 0, 0]| | Moonlight Madness LE.SC2Replay|
64 0 4 |[4, 0, 0]| | Moonlight Madness LE.SC2Replay|
65 0 4 |[4, 0, 0]| | Moonlight Madness LE.SC2Replay|
66 0 4 |[4, 0, 0]| | Moonlight Madness LE.SC2Replay|
67 0 4 |[4, 0, 0]| | Moonlight Madness LE.SC2Replay|
68 0 4 |[4, 0, 0]| | Moonlight Madness LE.SC2Replay|
69 0 4 |[4, 0, 0]| | Moonlight Madness LE.SC2Replay|
70 0 4 |[4, 0, 0]| | Moonlight Madness LE.SC2Replay|
71 0 4 |[4, 0, 0]| | Moonlight Madness LE.SC2Replay|
72 0 4 |[4, 0, 0]| | Moonlight Madness LE.SC2Replay|
73 0 4 |[4, 0, 0]| | Moonlight Madness LE.SC2Replay|
74 0 4 |[4, 0, 0]| | Moonlight Madness LE.SC2Replay|
75 0 4 |[4, 0, 0]| | Moonlight Madness LE.SC2Replay|
76 0 4 |[4, 0, 0]| | Moonlight Madness LE.SC2Replay|
77 0 4 |[4, 0, 0]| | Moonlight Madness LE.SC2Replay|
78 0 5 |[5, 0, 0]| | Moonlight Madness LE.SC2Replay|
79 0 5 |[5, 0, 0]| | Moonlight Madness LE.SC2Replay|
80 0 5 |[5, 0, 0]| | Moonlight Madness LE.SC2Replay|
81 0 5 |[5, 0, 0]| | Moonlight Madness LE.SC2Replay|
82 0 5 |[5, 0, 0]| | Moonlight Madness LE.SC2Replay|
83 0 5 |[5, 0, 0]| | Moonlight Madness LE.SC2Replay|
84 0 5 |[5, 0, 0]| | Moonlight Madness LE.SC2Replay|
85 0 5 |[5, 0, 0]| | Moonlight Madness LE.SC2Replay|
86 0 5 |[5, 0, 0]| | Moonlight Madness LE.SC2Replay|
87 0 5 |[5, 0, 0]| | Moonlight Madness LE.SC2Replay|
88 0 5 |[5, 0, 0]| | Moonlight Madness LE.SC2Replay|
89 0 5 |[5, 0, 0]| | Moonlight Madness LE.SC2Replay|
90 0 5 |[5, 1, 0]| | Moonlight Madness LE.SC2Replay|
91 0 6 |[6, 1, 0]| | Moonlight Madness LE.SC2Replay|
92 0 6 |[6, 1, 0]| | Moonlight Madness LE.SC2Replay|
93 0 6 |[6, 1, 0]| | Moonlight Madness LE.SC2Replay|
94 0 6 |[6, 1, 0]| | Moonlight Madness LE.SC2Replay|
95 0 6 |[6, 1, 0]| | Moonlight Madness LE.SC2Replay|
96 0 6 |[6, 1, 0]| | Moonlight Madness LE.SC2Replay|
97 0 6 |[6, 1, 0]| | Moonlight Madness LE.SC2Replay|
98 0 6 |[6, 1, 0]| | Moonlight Madness LE.SC2Replay|
99 0 6 |[6, 1, 0]| | Moonlight Madness LE.SC2Replay|
100 0 6 |[6, 1, 0]| | Moonlight Madness LE.SC2Replay|
101 0 6 |[6, 1, 0]| | Moonlight Madness LE.SC2Replay|
102 0 6 |[6, 1, 0]| | Moonlight Madness LE.SC2Replay|
103 0 6 |[6, 1, 0]| | Moonlight Madness LE.SC2Replay|
104 0 6 |[6, 1, 0]| | Moonlight Madness LE.SC2Replay|
105 0 6 |[6, 1, 0]| | Moonlight Madness LE.SC2Replay|
106 0 6 |[6, 1, 0]| | Moonlight Madness LE.SC2Replay|
107 0 6 |[6, 1, 0]| | Moonlight Madness LE.SC2Replay|
108 0 6 |[6, 1, 0]| | Moonlight Madness LE.SC2Replay|
109 0 6 |[6, 1, 0]| | Moonlight Madness LE.SC2Replay|
110 0 6 |[6, 1, 0]| | Moonlight Madness LE.SC2Replay|
111 0 6 |[6, 1, 0]| | Moonlight Madness LE.SC2Replay|
112 0 6 |[6, 1, 0]| | Moonlight Madness LE.SC2Replay|
113 0 6 |[6, 1, 0]| | Moonlight Madness LE.SC2Replay|
114 0 6 |[6, 1, 0]| | Moonlight Madness LE.SC2Replay|
115 0 6 |[6, 1, 0]| | Moonlight Madness LE.SC2Replay|
116 0 6 |[6, 1, 0]| | Moonlight Madness LE.SC2Replay|
117 0 6 |[6, 1, 0]| | Moonlight Madness LE.SC2Replay|
118 0 6 |[6, 1, 0]| | Moonlight Madness LE.SC2Replay|
119 0 6 |[6, 1, 0]| | Moonlight Madness LE.SC2Replay|
120 0 6 |[6, 1, 0]| | Moonlight Madness LE.SC2Replay|
121 0 6 |[6, 1, 0]| | Moonlight Madness LE.SC2Replay|
122 0 6 |[6, 1, 0]| | Moonlight Madness LE.SC2Replay|
123 0 6 |[6, 1, 0]| | Moonlight Madness LE.SC2Replay|
124 0 6 |[6, 1, 0]| | Moonlight Madness LE.SC2Replay|
125 0 6 |[6, 1, 0]| | Moonlight Madness LE.SC2Replay|
126 0 6 |[6, 1, 0]| | Moonlight Madness LE.SC2Replay|
127 0 6 |[6, 1, 0]| | Moonlight Madness LE.SC2Replay|
128 0 6 |[6, 1, 0]| | Moonlight Madness LE.SC2Replay|
129 0 6 |[6, 1, 0]| | Moonlight Madness LE.SC2Replay|
130 0 6 |[6, 1, 0]| | Moonlight Madness LE.SC2Replay|
131 0 6 |[6, 1, 0]| | Moonlight Madness LE.SC2Replay|
132 0 6 |[6, 1, 0]| | Moonlight Madness LE.SC2Replay|
133 0 6 |[6, 1, 0]| | Moonlight Madness LE.SC2Replay|
134 0 6 |[6, 1, 0]| | Moonlight Madness LE.SC2Replay|
135 0 6 |[6, 1, 0]| | Moonlight Madness LE.SC2Replay|
136 0 6 |[6, 1, 0]| | Moonlight Madness LE.SC2Replay|
137 0 6 |[6, 1, 0]| | Moonlight Madness LE.SC2Replay|
138 0 6 |[6, 1, 0]| | Moonlight Madness LE.SC2Replay|
139 0 6 |[6, 1, 0]| | Moonlight Madness LE.SC2Replay|
140 50 6 |[6, 1, 0]| | Moonlight Madness LE.SC2Replay|
141 100 6 |[6, 1, 0]| | Moonlight Madness LE.SC2Replay|
142 150 6 |[6, 1, 0]| | Moonlight Madness LE.SC2Replay|
143 200 6 |[6, 1, 0]| | Moonlight Madness LE.SC2Replay|
144 250 6 |[6, 1, 0]| | Moonlight Madness LE.SC2Replay|
145 300 6 |[6, 1, 0]| | Moonlight Madness LE.SC2Replay|
146 300 6 |[6, 1, 0]| | Moonlight Madness LE.SC2Replay|
147 300 6 |[6, 1, 0]| | Moonlight Madness LE.SC2Replay|
148 300 6 |[6, 1, 0]| | Moonlight Madness LE.SC2Replay|
149 300 6 |[6, 1, 0]| | Moonlight Madness LE.SC2Replay|
150 300 6 |[6, 1, 0]| | Moonlight Madness LE.SC2Replay|
151 300 6 |[6, 1, 0]| | Moonlight Madness LE.SC2Replay|
152 300 6 |[6, 1, 0]| | Moonlight Madness LE.SC2Replay|
153 300 6 |[6, 1, 0]| | Moonlight Madness LE.SC2Replay|
154 300 6 |[6, 1, 0]| | Moonlight Madness LE.SC2Replay|
155 300 6 |[6, 1, 0]| | Moonlight Madness LE.SC2Replay|
156 300 6 |[6, 1, 0]| | Moonlight Madness LE.SC2Replay|
157 300 6 |[6, 1, 0]| | Moonlight Madness LE.SC2Replay|
158 300 6 |[6, 1, 0]| | Moonlight Madness LE.SC2Replay|
159 300 6 |[6, 1, 0]| | Moonlight Madness LE.SC2Replay|
160 300 6 |[6, 1, 0]| | Moonlight Madness LE.SC2Replay|
161 300 6 |[6, 1, 0]| | Moonlight Madness LE.SC2Replay|
162 300 6 |[6, 1, 0]| | Moonlight Madness LE.SC2Replay|
163 300 6 |[6, 1, 0]| | Moonlight Madness LE.SC2Replay|
164 300 6 |[6, 1, 0]| | Moonlight Madness LE.SC2Replay|
165 300 6 |[6, 1, 0]| | Moonlight Madness LE.SC2Replay|
166 300 6 |[6, 1, 0]| | Moonlight Madness LE.SC2Replay|
167 300 6 |[6, 1, 0]| | Moonlight Madness LE.SC2Replay|
168 300 6 |[6, 1, 0]| | Moonlight Madness LE.SC2Replay|
169 300 6 |[6, 1, 0]| | Moonlight Madness LE.SC2Replay|
170 300 6 |[6, 1, 0]| | Moonlight Madness LE.SC2Replay|
171 350 6 |[6, 1, 0]| | Moonlight Madness LE.SC2Replay|
172 400 6 |[6, 1, 0]| | Moonlight Madness LE.SC2Replay|
173 400 6 |[6, 1, 0]| | Moonlight Madness LE.SC2Replay|
174 400 6 |[6, 1, 0]| | Moonlight Madness LE.SC2Replay|
175 400 6 |[6, 1, 0]| | Moonlight Madness LE.SC2Replay|
176 400 6 |[6, 1, 0]| | Moonlight Madness LE.SC2Replay|
177 400 6 |[6, 1, 0]| | Moonlight Madness LE.SC2Replay|
178 400 6 |[6, 1, 0]| | Moonlight Madness LE.SC2Replay|
179 400 6 |[6, 1, 0]| | Moonlight Madness LE.SC2Replay|
180 400 6 |[6, 1, 0]| | Moonlight Madness LE.SC2Replay|
181 400 6 |[6, 1, 0]| | Moonlight Madness LE.SC2Replay|
182 400 6 |[6, 1, 0]| | Moonlight Madness LE.SC2Replay|
183 400 6 |[6, 1, 0]| | Moonlight Madness LE.SC2Replay|
184 400 6 |[6, 1, 0]| | Moonlight Madness LE.SC2Replay|
185 400 6 |[6, 1, 0]| | Moonlight Madness LE.SC2Replay|
186 400 6 |[6, 1, 0]| | Moonlight Madness LE.SC2Replay|
187 400 6 |[6, 1, 0]| | Moonlight Madness LE.SC2Replay|
188 400 6 |[6, 1, 0]| | Moonlight Madness LE.SC2Replay|
189 400 6 |[6, 1, 0]| | Moonlight Madness LE.SC2Replay|
190 400 6 |[6, 1, 0]| | Moonlight Madness LE.SC2Replay|
191 400 6 |[6, 1, 0]| | Moonlight Madness LE.SC2Replay|
192 400 6 |[6, 1, 0]| | Moonlight Madness LE.SC2Replay|
193 400 6 |[6, 1, 0]| | Moonlight Madness LE.SC2Replay|
194 400 6 |[6, 1, 0]| | Moonlight Madness LE.SC2Replay|
195 400 6 |[6, 1, 0]| | Moonlight Madness LE.SC2Replay|
196 450 6 |[6, 1, 0]| | Moonlight Madness LE.SC2Replay|
197 500 6 |[6, 1, 0]| | Moonlight Madness LE.SC2Replay|
198 500 6 |[6, 1, 0]| | Moonlight Madness LE.SC2Replay|
199 500 6 |[6, 1, 0]| | Moonlight Madness LE.SC2Replay|
200 500 6 |[6, 1, 0]| | Moonlight Madness LE.SC2Replay|
201 500 6 |[6, 1, 0]| | Moonlight Madness LE.SC2Replay|
202 500 6 |[6, 1, 0]| | Moonlight Madness LE.SC2Replay|
203 550 6 |[6, 1, 0]| | Moonlight Madness LE.SC2Replay|
204 600 6 |[6, 1, 0]| | Moonlight Madness LE.SC2Replay|
205 600 6 |[6, 1, 0]| | Moonlight Madness LE.SC2Replay|
206 600 6 |[6, 1, 0]| | Moonlight Madness LE.SC2Replay|
207 600 6 |[6, 1, 0]| | Moonlight Madness LE.SC2Replay|
208 600 6 |[6, 1, 0]| | Moonlight Madness LE.SC2Replay|
209 600 6 |[6, 1, 0]| | Moonlight Madness LE.SC2Replay|
210 600 6 |[6, 1, 0]| | Moonlight Madness LE.SC2Replay|
211 600 6 |[6, 1, 0]| | Moonlight Madness LE.SC2Replay|
212 600 6 |[6, 1, 0]| | Moonlight Madness LE.SC2Replay|
213 600 6 |[6, 1, 0]| | Moonlight Madness LE.SC2Replay|
214 600 6 |[6, 1, 0]| | Moonlight Madness LE.SC2Replay|
215 600 6 |[6, 1, 0]| | Moonlight Madness LE.SC2Replay|
216 600 6 |[6, 1, 0]| | Moonlight Madness LE.SC2Replay|
217 600 6 |[6, 1, 0]| | Moonlight Madness LE.SC2Replay|
218 600 6 |[6, 1, 0]| | Moonlight Madness LE.SC2Replay|
219 600 6 |[6, 1, 0]| | Moonlight Madness LE.SC2Replay|
220 600 6 |[6, 1, 0]| | Moonlight Madness LE.SC2Replay|
221 600 6 |[6, 1, 0]| | Moonlight Madness LE.SC2Replay|
222 600 6 |[6, 1, 0]| | Moonlight Madness LE.SC2Replay|
223 600 6 |[6, 1, 0]| | Moonlight Madness LE.SC2Replay|
224 600 6 |[6, 1, 0]| | Moonlight Madness LE.SC2Replay|
225 600 6 |[6, 1, 0]| | Moonlight Madness LE.SC2Replay|
226 600 6 |[6, 1, 0]| | Moonlight Madness LE.SC2Replay|
227 600 6 |[6, 1, 0]| | Moonlight Madness LE.SC2Replay|
228 600 6 |[6, 1, 0]| | Moonlight Madness LE.SC2Replay|
229 600 6 |[6, 1, 0]| | Moonlight Madness LE.SC2Replay|
230 600 6 |[6, 1, 0]| | Moonlight Madness LE.SC2Replay|
231 600 6 |[6, 1, 0]| | Moonlight Madness LE.SC2Replay|
232 600 6 |[6, 1, 0]| | Moonlight Madness LE.SC2Replay|
233 600 6 |[6, 1, 0]| | Moonlight Madness LE.SC2Replay|
234 600 6 |[6, 1, 0]| | Moonlight Madness LE.SC2Replay|
235 600 6 |[6, 1, 0]| | Moonlight Madness LE.SC2Replay|
236 600 6 |[6, 1, 0]| | Moonlight Madness LE.SC2Replay|
237 600 6 |[6, 1, 0]| | Moonlight Madness LE.SC2Replay|
238 600 6 |[6, 1, 0]| | Moonlight Madness LE.SC2Replay|
239 600 6 |[6, 1, 0]| | Moonlight Madness LE.SC2Replay|
240 600 6 |[6, 2, 0]| | Moonlight Madness LE.SC2Replay|
241 650 6 |[6, 2, 0]| | Moonlight Madness LE.SC2Replay|
242 700 6 |[6, 2, 0]| | Moonlight Madness LE.SC2Replay|
243 700 6 |[6, 2, 0]| | Moonlight Madness LE.SC2Replay|
244 700 6 |[6, 2, 0]| | Moonlight Madness LE.SC2Replay|
245 700 6 |[6, 2, 0]| | Moonlight Madness LE.SC2Replay|
246 700 6 |[6, 2, 0]| | Moonlight Madness LE.SC2Replay|
247 700 6 |[6, 2, 0]| | Moonlight Madness LE.SC2Replay|
248 700 6 |[6, 2, 0]| | Moonlight Madness LE.SC2Replay|
249 700 6 |[6, 2, 0]| | Moonlight Madness LE.SC2Replay|
250 700 6 |[6, 2, 0]| | Moonlight Madness LE.SC2Replay|
251 700 6 |[6, 2, 0]| | Moonlight Madness LE.SC2Replay|
252 700 6 |[6, 2, 0]| | Moonlight Madness LE.SC2Replay|
253 700 6 |[6, 2, 0]| | Moonlight Madness LE.SC2Replay|
254 700 6 |[6, 2, 0]| | Moonlight Madness LE.SC2Replay|
255 700 6 |[6, 2, 0]| | Moonlight Madness LE.SC2Replay|
256 750 6 |[6, 2, 0]| | Moonlight Madness LE.SC2Replay|
257 800 6 |[6, 2, 0]| | Moonlight Madness LE.SC2Replay|
258 850 6 |[6, 2, 0]| | Moonlight Madness LE.SC2Replay|
259 900 6 |[6, 2, 0]| | Moonlight Madness LE.SC2Replay|
260 950 6 |[6, 2, 0]| | Moonlight Madness LE.SC2Replay|
261 1000 6 |[6, 2, 0]| | Moonlight Madness LE.SC2Replay|
262 1050 6 |[6, 2, 0]| | Moonlight Madness LE.SC2Replay|
263 1100 6 |[6, 2, 0]| | Moonlight Madness LE.SC2Replay|
264 1150 6 |[6, 2, 0]| | Moonlight Madness LE.SC2Replay|
265 1200 6 |[6, 2, 0]| | Moonlight Madness LE.SC2Replay|
266 1200 6 |[6, 2, 0]| | Moonlight Madness LE.SC2Replay|
267 1200 6 |[6, 2, 0]| | Moonlight Madness LE.SC2Replay|
268 1200 6 |[6, 2, 0]| | Moonlight Madness LE.SC2Replay|
269 1200 6 |[6, 2, 0]| | Moonlight Madness LE.SC2Replay|
270 1250 6 |[6, 2, 0]| | Moonlight Madness LE.SC2Replay|
271 1300 6 |[6, 2, 0]| | Moonlight Madness LE.SC2Replay|
272 1300 6 |[6, 2, 0]| | Moonlight Madness LE.SC2Replay|
273 1300 6 |[6, 2, 0]| | Moonlight Madness LE.SC2Replay|
274 1350 6 |[6, 2, 0]| | Moonlight Madness LE.SC2Replay|
275 1400 6 |[6, 2, 0]| | Moonlight Madness LE.SC2Replay|
276 1400 6 |[6, 2, 0]| | Moonlight Madness LE.SC2Replay|
277 1400 6 |[6, 2, 0]| | Moonlight Madness LE.SC2Replay|
278 1400 6 |[6, 2, 0]| | Moonlight Madness LE.SC2Replay|
279 1400 6 |[6, 2, 0]| | Moonlight Madness LE.SC2Replay|
280 1400 6 |[6, 2, 0]| | Moonlight Madness LE.SC2Replay|
281 1400 6 |[6, 2, 0]| | Moonlight Madness LE.SC2Replay|
282 1400 6 |[6, 2, 0]| | Moonlight Madness LE.SC2Replay|
283 1400 6 |[6, 2, 0]| | Moonlight Madness LE.SC2Replay|
284 1400 6 |[6, 2, 0]| | Moonlight Madness LE.SC2Replay|
285 1400 6 |[6, 2, 0]| | Moonlight Madness LE.SC2Replay|
286 1400 6 |[6, 2, 0]| | Moonlight Madness LE.SC2Replay|
287 1400 6 |[6, 2, 0]| | Moonlight Madness LE.SC2Replay|
288 1400 6 |[6, 2, 0]| | Moonlight Madness LE.SC2Replay|
289 1400 6 |[6, 2, 0]| | Moonlight Madness LE.SC2Replay|
290 1400 6 |[6, 2, 0]| | Moonlight Madness LE.SC2Replay|
291 1400 6 |[6, 2, 0]| | Moonlight Madness LE.SC2Replay|
292 1400 6 |[6, 2, 0]| | Moonlight Madness LE.SC2Replay|
293 1400 6 |[6, 2, 0]| | Moonlight Madness LE.SC2Replay|
294 1400 6 |[6, 2, 0]| | Moonlight Madness LE.SC2Replay|
295 1400 6 |[6, 2, 0]| | Moonlight Madness LE.SC2Replay|
296 1400 6 |[6, 2, 0]| | Moonlight Madness LE.SC2Replay|
297 1400 6 |[6, 2, 0]| | Moonlight Madness LE.SC2Replay|
298 1400 6 |[6, 2, 0]| | Moonlight Madness LE.SC2Replay|
299 1400 6 |[6, 2, 0]| | Moonlight Madness LE.SC2Replay|
300 1400 6 |[6, 2, 0]| | Moonlight Madness LE.SC2Replay|
301 1400 6 |[6, 2, 0]| | Moonlight Madness LE.SC2Replay|
302 1400 6 |[6, 2, 0]| | Moonlight Madness LE.SC2Replay|
303 1400 6 |[6, 2, 0]| | Moonlight Madness LE.SC2Replay|
304 1400 6 |[6, 2, 0]| | Moonlight Madness LE.SC2Replay|
305 1400 6 |[6, 2, 0]| | Moonlight Madness LE.SC2Replay|
306 1400 6 |[6, 2, 0]| | Moonlight Madness LE.SC2Replay|
307 1400 6 |[6, 2, 0]| | Moonlight Madness LE.SC2Replay|
308 1400 6 |[6, 2, 0]| | Moonlight Madness LE.SC2Replay|
309 1400 6 |[6, 2, 0]| | Moonlight Madness LE.SC2Replay|
310 1400 6 |[6, 2, 0]| | Moonlight Madness LE.SC2Replay|
311 1400 6 |[6, 2, 0]| | Moonlight Madness LE.SC2Replay|
312 1450 6 |[6, 2, 0]| | Moonlight Madness LE.SC2Replay|
313 1500 6 |[6, 2, 0]| | Moonlight Madness LE.SC2Replay|
314 1550 6 |[6, 2, 0]| | Moonlight Madness LE.SC2Replay|
315 1600 6 |[6, 2, 0]| | Moonlight Madness LE.SC2Replay|
316 1600 6 |[6, 2, 0]| | Moonlight Madness LE.SC2Replay|
317 1600 6 |[6, 2, 0]| | Moonlight Madness LE.SC2Replay|
318 1600 6 |[6, 2, 0]| | Moonlight Madness LE.SC2Replay|
319 1600 6 |[6, 2, 0]| | Moonlight Madness LE.SC2Replay|
320 1600 6 |[6, 2, 0]| | Moonlight Madness LE.SC2Replay|
321 1600 6 |[6, 2, 0]| | Moonlight Madness LE.SC2Replay|
322 1600 6 |[6, 2, 0]| | Moonlight Madness LE.SC2Replay|
323 1600 6 |[6, 2, 0]| | Moonlight Madness LE.SC2Replay|
324 1600 6 |[6, 2, 0]| | Moonlight Madness LE.SC2Replay|
325 1600 6 |[6, 2, 0]| | Moonlight Madness LE.SC2Replay|
326 1600 6 |[6, 2, 0]| | Moonlight Madness LE.SC2Replay|
327 1600 6 |[6, 2, 0]| | Moonlight Madness LE.SC2Replay|
328 1600 6 |[6, 2, 0]| | Moonlight Madness LE.SC2Replay|
329 1650 6 |[6, 2, 0]| | Moonlight Madness LE.SC2Replay|
330 1700 6 |[6, 2, 0]| | Moonlight Madness LE.SC2Replay|
331 1750 6 |[6, 2, 0]| | Moonlight Madness LE.SC2Replay|
332 1800 6 |[6, 2, 0]| | Moonlight Madness LE.SC2Replay|
333 1850 6 |[6, 2, 0]| | Moonlight Madness LE.SC2Replay|
334 1900 6 |[6, 2, 0]| | Moonlight Madness LE.SC2Replay|
335 1950 6 |[6, 2, 0]| | Moonlight Madness LE.SC2Replay|
336 2000 6 |[6, 2, 0]| | Moonlight Madness LE.SC2Replay|
337 2000 6 |[6, 2, 0]| | Moonlight Madness LE.SC2Replay|
338 2000 6 |[6, 2, 0]| | Moonlight Madness LE.SC2Replay|
339 2000 6 |[6, 2, 0]| | Moonlight Madness LE.SC2Replay|
340 2000 6 |[6, 2, 0]| | Moonlight Madness LE.SC2Replay|
341 2000 6 |[6, 2, 0]| | Moonlight Madness LE.SC2Replay|
342 2000 6 |[6, 2, 0]| | Moonlight Madness LE.SC2Replay|
343 2000 6 |[6, 2, 0]| | Moonlight Madness LE.SC2Replay|
344 2000 6 |[6, 2, 0]| | Moonlight Madness LE.SC2Replay|
345 2000 6 |[6, 2, 0]| | Moonlight Madness LE.SC2Replay|
346 2000 6 |[6, 2, 0]| | Moonlight Madness LE.SC2Replay|
347 2000 6 |[6, 2, 0]| | Moonlight Madness LE.SC2Replay|
348 2000 6 |[6, 2, 0]| | Moonlight Madness LE.SC2Replay|
349 2000 6 |[6, 2, 0]| | Moonlight Madness LE.SC2Replay|
350 2000 6 |[6, 2, 0]| | Moonlight Madness LE.SC2Replay|
351 2000 6 |[6, 2, 0]| | Moonlight Madness LE.SC2Replay|
352 2000 6 |[6, 2, 0]| | Moonlight Madness LE.SC2Replay|
353 2000 6 |[6, 2, 0]| | Moonlight Madness LE.SC2Replay|
354 2000 6 |[6, 2, 0]| | Moonlight Madness LE.SC2Replay|
355 2000 6 |[6, 2, 0]| | Moonlight Madness LE.SC2Replay|
356 2000 6 |[6, 2, 0]| | Moonlight Madness LE.SC2Replay|
357 2000 6 |[6, 2, 0]| | Moonlight Madness LE.SC2Replay|
358 2000 6 |[6, 2, 0]| | Moonlight Madness LE.SC2Replay|
359 2000 6 |[6, 2, 0]| | Moonlight Madness LE.SC2Replay|
360 2000 6 |[6, 2, 0]| | Moonlight Madness LE.SC2Replay|
361 2000 6 |[6, 2, 0]| | Moonlight Madness LE.SC2Replay|
362 2000 6 |[6, 2, 0]| | Moonlight Madness LE.SC2Replay|
363 2000 6 |[6, 2, 0]| | Moonlight Madness LE.SC2Replay|
364 2000 6 |[6, 2, 0]| | Moonlight Madness LE.SC2Replay|
365 2000 6 |[6, 2, 0]| | Moonlight Madness LE.SC2Replay|
366 2000 6 |[6, 2, 0]| | Moonlight Madness LE.SC2Replay|
367 2000 7 |[7, 2, 0]| | Moonlight Madness LE.SC2Replay|
368 2000 8 |[8, 2, 0]| | Moonlight Madness LE.SC2Replay|
369 2000 8 |[8, 2, 0]| | Moonlight Madness LE.SC2Replay|
370 2000 8 |[8, 2, 0]| | Moonlight Madness LE.SC2Replay|
371 2000 8 |[8, 2, 0]| | Moonlight Madness LE.SC2Replay|
372 2000 8 |[8, 2, 0]| | Moonlight Madness LE.SC2Replay|
373 2000 9 |[9, 2, 0]| | Moonlight Madness LE.SC2Replay|
374 2000 9 |[9, 2, 0]| | Moonlight Madness LE.SC2Replay|
375 2000 9 |[9, 2, 0]| | Moonlight Madness LE.SC2Replay|
376 2000 9 |[9, 2, 0]| | Moonlight Madness LE.SC2Replay|
377 2000 9 |[9, 2, 0]| | Moonlight Madness LE.SC2Replay|
378 2000 9 |[9, 2, 0]| | Moonlight Madness LE.SC2Replay|
379 2000 9 |[9, 2, 0]| | Moonlight Madness LE.SC2Replay|
380 2000 9 |[9, 2, 0]| | Moonlight Madness LE.SC2Replay|
381 2000 9 |[9, 2, 0]| | Moonlight Madness LE.SC2Replay|
382 2000 9 |[9, 2, 0]| | Moonlight Madness LE.SC2Replay|
383 2000 9 |[9, 2, 0]| | Moonlight Madness LE.SC2Replay|
384 2000 9 |[9, 2, 0]| | Moonlight Madness LE.SC2Replay|
385 2000 9 |[9, 2, 0]| | Moonlight Madness LE.SC2Replay|
386 2000 9 |[9, 2, 0]| | Moonlight Madness LE.SC2Replay|
387 2000 9 |[9, 2, 0]| | Moonlight Madness LE.SC2Replay|
388 2000 9 |[9, 2, 0]| | Moonlight Madness LE.SC2Replay|
389 2050 9 |[9, 2, 0]| | Moonlight Madness LE.SC2Replay|
390 2100 9 |[9, 2, 0]| | Moonlight Madness LE.SC2Replay|
391 2150 9 |[9, 2, 0]| | Moonlight Madness LE.SC2Replay|
392 2200 9 |[9, 2, 0]| | Moonlight Madness LE.SC2Replay|
393 2250 9 |[9, 2, 0]| | Moonlight Madness LE.SC2Replay|
394 2300 9 |[9, 2, 0]| | Moonlight Madness LE.SC2Replay|
395 2350 9 |[9, 2, 0]| | Moonlight Madness LE.SC2Replay|
396 2400 9 |[9, 2, 0]| | Moonlight Madness LE.SC2Replay|
397 2450 9 |[9, 2, 0]| | Moonlight Madness LE.SC2Replay|
398 2500 9 |[9, 2, 0]| | Moonlight Madness LE.SC2Replay|
399 2500 9 |[9, 2, 0]| | Moonlight Madness LE.SC2Replay|
400 2500 9 |[9, 2, 0]| | Moonlight Madness LE.SC2Replay|
401 2500 9 |[9, 2, 0]| | Moonlight Madness LE.SC2Replay|
402 2500 9 |[9, 2, 0]| | Moonlight Madness LE.SC2Replay|
403 2500 9 |[9, 2, 0]| | Moonlight Madness LE.SC2Replay|
404 2500 9 |[9, 2, 0]| | Moonlight Madness LE.SC2Replay|
405 2500 9 |[9, 2, 0]| | Moonlight Madness LE.SC2Replay|
406 2500 9 |[9, 2, 0]| | Moonlight Madness LE.SC2Replay|
407 2500 9 |[9, 2, 0]| | Moonlight Madness LE.SC2Replay|
408 2500 9 |[9, 2, 0]| | Moonlight Madness LE.SC2Replay|
409 2500 9 |[9, 2, 0]| | Moonlight Madness LE.SC2Replay|
410 2500 9 |[9, 2, 0]| | Moonlight Madness LE.SC2Replay|
411 2500 9 |[9, 2, 0]| | Moonlight Madness LE.SC2Replay|
412 2500 9 |[9, 2, 1]| | Moonlight Madness LE.SC2Replay|
413 2500 9 |[9, 2, 1]| | Moonlight Madness LE.SC2Replay|
414 2500 9 |[9, 2, 1]| | Moonlight Madness LE.SC2Replay|
415 2500 9 |[9, 2, 1]| | Moonlight Madness LE.SC2Replay|
416 2500 9 |[9, 2, 1]| | Moonlight Madness LE.SC2Replay|
417 2550 9 |[9, 2, 1]| | Moonlight Madness LE.SC2Replay|
418 2600 9 |[9, 2, 1]| | Moonlight Madness LE.SC2Replay|
419 2600 9 |[9, 2, 1]| | Moonlight Madness LE.SC2Replay|
420 2600 9 |[9, 2, 1]| | Moonlight Madness LE.SC2Replay|
421 2600 9 |[9, 2, 1]| | Moonlight Madness LE.SC2Replay|
422 2600 9 |[9, 2, 1]| | Moonlight Madness LE.SC2Replay|
423 2600 9 |[9, 2, 1]| | Moonlight Madness LE.SC2Replay|
424 2600 9 |[9, 2, 1]| | Moonlight Madness LE.SC2Replay|
425 2600 9 |[9, 2, 1]| | Moonlight Madness LE.SC2Replay|
426 2600 9 |[9, 2, 1]| | Moonlight Madness LE.SC2Replay|
427 2600 9 |[9, 2, 1]| | Moonlight Madness LE.SC2Replay|
428 2600 9 |[9, 2, 1]| | Moonlight Madness LE.SC2Replay|
429 2600 9 |[9, 2, 1]| | Moonlight Madness LE.SC2Replay|
430 2600 9 |[9, 2, 1]| | Moonlight Madness LE.SC2Replay|
431 2600 9 |[9, 2, 1]| | Moonlight Madness LE.SC2Replay|
432 2600 9 |[9, 2, 1]| | Moonlight Madness LE.SC2Replay|
433 2600 9 |[9, 2, 1]| | Moonlight Madness LE.SC2Replay|
434 2600 9 |[9, 2, 1]| | Moonlight Madness LE.SC2Replay|
435 2600 9 |[9, 2, 1]| | Moonlight Madness LE.SC2Replay|
436 2600 9 |[9, 2, 1]| | Moonlight Madness LE.SC2Replay|
437 2600 9 |[9, 2, 1]| | Moonlight Madness LE.SC2Replay|
438 2600 9 |[9, 2, 1]| | Moonlight Madness LE.SC2Replay|
439 2600 9 |[9, 2, 1]| | Moonlight Madness LE.SC2Replay|
440 2600 9 |[9, 2, 1]| | Moonlight Madness LE.SC2Replay|
441 2600 9 |[9, 2, 1]| | Moonlight Madness LE.SC2Replay|
442 2600 9 |[9, 2, 1]| | Moonlight Madness LE.SC2Replay|
443 2600 9 |[9, 2, 1]| | Moonlight Madness LE.SC2Replay|
444 2600 9 |[9, 2, 1]| | Moonlight Madness LE.SC2Replay|
445 2600 9 |[9, 2, 1]| | Moonlight Madness LE.SC2Replay|
446 2600 9 |[9, 2, 1]| | Moonlight Madness LE.SC2Replay|
447 2600 9 |[9, 2, 1]| | Moonlight Madness LE.SC2Replay|
448 2600 9 |[9, 2, 1]| | Moonlight Madness LE.SC2Replay|
449 2600 9 |[9, 2, 1]| | Moonlight Madness LE.SC2Replay|
450 2600 9 |[9, 2, 1]| | Moonlight Madness LE.SC2Replay|
451 2600 9 |[9, 2, 1]| | Moonlight Madness LE.SC2Replay|
452 2600 9 |[9, 2, 1]| | Moonlight Madness LE.SC2Replay|
453 2600 9 |[9, 2, 1]| | Moonlight Madness LE.SC2Replay|
454 2650 9 |[9, 2, 1]| | Moonlight Madness LE.SC2Replay|
455 2700 9 |[9, 2, 1]| | Moonlight Madness LE.SC2Replay|
456 2750 9 |[9, 2, 1]| | Moonlight Madness LE.SC2Replay|
457 2800 9 |[9, 2, 1]| | Moonlight Madness LE.SC2Replay|
458 2850 9 |[9, 2, 1]| | Moonlight Madness LE.SC2Replay|
459 2900 9 |[9, 2, 1]| | Moonlight Madness LE.SC2Replay|
460 2950 9 |[9, 2, 1]| | Moonlight Madness LE.SC2Replay|
461 3000 9 |[9, 2, 1]| | Moonlight Madness LE.SC2Replay|
462 3050 9 |[9, 2, 1]| | Moonlight Madness LE.SC2Replay|
463 3100 9 |[9, 2, 1]| | Moonlight Madness LE.SC2Replay|
464 3100 9 |[9, 2, 1]| | Moonlight Madness LE.SC2Replay|
465 3100 9 |[9, 2, 1]| | Moonlight Madness LE.SC2Replay|
466 3100 9 |[9, 2, 1]| | Moonlight Madness LE.SC2Replay|
467 3100 9 |[9, 2, 1]| | Moonlight Madness LE.SC2Replay|
468 3100 9 |[9, 2, 1]| | Moonlight Madness LE.SC2Replay|
469 3100 9 |[9, 2, 1]| | Moonlight Madness LE.SC2Replay|
470 3100 9 |[9, 2, 1]| | Moonlight Madness LE.SC2Replay|
471 3100 9 |[9, 2, 1]| | Moonlight Madness LE.SC2Replay|
472 3100 9 |[9, 2, 1]| | Moonlight Madness LE.SC2Replay|
473 3100 9 |[9, 2, 1]| | Moonlight Madness LE.SC2Replay|
474 3100 9 |[9, 2, 1]| | Moonlight Madness LE.SC2Replay|
475 3100 9 |[9, 2, 1]| | Moonlight Madness LE.SC2Replay|
476 3100 9 |[9, 2, 1]| | Moonlight Madness LE.SC2Replay|
477 3150 9 |[9, 2, 1]| | Moonlight Madness LE.SC2Replay|
478 3200 9 |[9, 2, 1]| | Moonlight Madness LE.SC2Replay|
479 3200 9 |[9, 2, 1]| | Moonlight Madness LE.SC2Replay|
480 3250 9 |[9, 2, 1]| | Moonlight Madness LE.SC2Replay|
481 3300 9 |[9, 2, 1]| | Moonlight Madness LE.SC2Replay|
482 3350 9 |[9, 2, 1]| | Moonlight Madness LE.SC2Replay|
483 3400 9 |[9, 2, 1]| | Moonlight Madness LE.SC2Replay|
484 3450 9 |[9, 2, 1]| | Moonlight Madness LE.SC2Replay|
485 3500 9 |[9, 2, 1]| | Moonlight Madness LE.SC2Replay|
486 3500 9 |[9, 2, 1]| | Moonlight Madness LE.SC2Replay|
487 3500 9 |[9, 2, 1]| | Moonlight Madness LE.SC2Replay|
488 3500 9 |[9, 2, 1]| | Moonlight Madness LE.SC2Replay|
489 3500 9 |[9, 2, 1]| | Moonlight Madness LE.SC2Replay|
490 3500 9 |[9, 2, 1]| | Moonlight Madness LE.SC2Replay|
491 3500 9 |[9, 2, 1]| | Moonlight Madness LE.SC2Replay|
492 3500 9 |[9, 2, 1]| | Moonlight Madness LE.SC2Replay|
493 3500 9 |[9, 2, 1]| | Moonlight Madness LE.SC2Replay|
494 3500 9 |[9, 2, 1]| | Moonlight Madness LE.SC2Replay|
495 3500 9 |[9, 2, 1]| | Moonlight Madness LE.SC2Replay|
496 3500 9 |[9, 2, 1]| | Moonlight Madness LE.SC2Replay|
497 3500 9 |[9, 2, 1]| | Moonlight Madness LE.SC2Replay|
498 3500 9 |[9, 2, 1]| | Moonlight Madness LE.SC2Replay|
499 3500 9 |[9, 2, 1]| | Moonlight Madness LE.SC2Replay|
500 3500 9 |[9, 2, 1]| | Moonlight Madness LE.SC2Replay|
501 3500 9 |[9, 2, 1]| | Moonlight Madness LE.SC2Replay|
502 3500 9 |[9, 2, 1]| | Moonlight Madness LE.SC2Replay|
503 3500 9 |[9, 2, 1]| | Moonlight Madness LE.SC2Replay|
504 3500 9 |[9, 2, 1]| | Moonlight Madness LE.SC2Replay|
505 3500 9 |[9, 2, 1]| | Moonlight Madness LE.SC2Replay|
506 3500 9 |[9, 2, 1]| | Moonlight Madness LE.SC2Replay|
507 3500 9 |[9, 2, 1]| | Moonlight Madness LE.SC2Replay|
508 3500 9 |[9, 2, 1]| | Moonlight Madness LE.SC2Replay|
509 3500 9 |[9, 2, 1]| | Moonlight Madness LE.SC2Replay|
510 3500 9 |[9, 2, 1]| | Moonlight Madness LE.SC2Replay|
511 3500 9 |[9, 2, 1]| | Moonlight Madness LE.SC2Replay|
512 3500 10 |[10, 2, 1]| | Moonlight Madness LE.SC2Replay|
513 3500 11 |[11, 2, 1]| | Moonlight Madness LE.SC2Replay|
514 3500 11 |[11, 2, 1]| | Moonlight Madness LE.SC2Replay|
515 3500 11 |[11, 2, 1]| | Moonlight Madness LE.SC2Replay|
516 3500 11 |[11, 2, 1]| | Moonlight Madness LE.SC2Replay|
517 3500 11 |[11, 2, 1]| | Moonlight Madness LE.SC2Replay|
518 3500 11 |[11, 2, 1]| | Moonlight Madness LE.SC2Replay|
519 3500 11 |[11, 2, 1]| | Moonlight Madness LE.SC2Replay|
520 3500 11 |[11, 2, 1]| | Moonlight Madness LE.SC2Replay|
521 3500 11 |[11, 2, 1]| | Moonlight Madness LE.SC2Replay|
522 3500 11 |[11, 2, 1]| | Moonlight Madness LE.SC2Replay|
523 3500 11 |[11, 2, 1]| | Moonlight Madness LE.SC2Replay|
524 3500 11 |[11, 2, 1]| | Moonlight Madness LE.SC2Replay|
525 3500 11 |[11, 2, 1]| | Moonlight Madness LE.SC2Replay|
526 3500 11 |[11, 2, 1]| | Moonlight Madness LE.SC2Replay|
527 3500 11 |[11, 2, 1]| | Moonlight Madness LE.SC2Replay|
528 3500 11 |[11, 2, 1]| | Moonlight Madness LE.SC2Replay|
529 3500 11 |[11, 2, 1]| | Moonlight Madness LE.SC2Replay|
530 3500 11 |[11, 2, 1]| | Moonlight Madness LE.SC2Replay|
531 3500 11 |[11, 2, 1]| | Moonlight Madness LE.SC2Replay|
532 3500 11 |[11, 2, 1]| | Moonlight Madness LE.SC2Replay|
533 3500 11 |[11, 2, 1]| | Moonlight Madness LE.SC2Replay|
534 3500 11 |[11, 2, 1]| | Moonlight Madness LE.SC2Replay|
535 3500 11 |[11, 2, 1]| | Moonlight Madness LE.SC2Replay|
536 3500 11 |[11, 2, 1]| | Moonlight Madness LE.SC2Replay|
537 3500 11 |[11, 2, 1]| | Moonlight Madness LE.SC2Replay|
538 3500 11 |[11, 2, 1]| | Moonlight Madness LE.SC2Replay|
539 3500 11 |[11, 2, 1]| | Moonlight Madness LE.SC2Replay|
540 3500 11 |[11, 2, 1]| | Moonlight Madness LE.SC2Replay|
541 3500 11 |[11, 2, 1]| | Moonlight Madness LE.SC2Replay|
542 3500 12 |[12, 2, 1]| | Moonlight Madness LE.SC2Replay|
543 3500 13 |[13, 2, 1]| | Moonlight Madness LE.SC2Replay|
544 3500 13 |[13, 2, 1]| | Moonlight Madness LE.SC2Replay|
545 3500 13 |[13, 2, 1]| | Moonlight Madness LE.SC2Replay|
546 3500 13 |[13, 2, 1]| | Moonlight Madness LE.SC2Replay|
547 3500 13 |[13, 2, 1]| | Moonlight Madness LE.SC2Replay|
548 3500 13 |[13, 2, 1]| | Moonlight Madness LE.SC2Replay|
549 3500 13 |[13, 2, 1]| | Moonlight Madness LE.SC2Replay|
550 3500 13 |[13, 2, 1]| | Moonlight Madness LE.SC2Replay|
551 3500 13 |[13, 2, 1]| | Moonlight Madness LE.SC2Replay|
552 3500 13 |[13, 2, 1]| | Moonlight Madness LE.SC2Replay|
553 3500 13 |[13, 2, 1]| | Moonlight Madness LE.SC2Replay|
554 3500 13 |[13, 2, 1]| | Moonlight Madness LE.SC2Replay|
555 3500 13 |[13, 2, 1]| | Moonlight Madness LE.SC2Replay|
556 3500 13 |[13, 2, 1]| | Moonlight Madness LE.SC2Replay|
557 3500 13 |[13, 2, 1]| | Moonlight Madness LE.SC2Replay|
558 3500 13 |[13, 2, 1]| | Moonlight Madness LE.SC2Replay|
559 3500 13 |[13, 2, 1]| | Moonlight Madness LE.SC2Replay|
560 3500 13 |[13, 2, 1]| | Moonlight Madness LE.SC2Replay|
561 3500 13 |[13, 2, 1]| | Moonlight Madness LE.SC2Replay|
562 3500 13 |[13, 2, 1]| | Moonlight Madness LE.SC2Replay|
563 3500 13 |[13, 2, 1]| | Moonlight Madness LE.SC2Replay|
564 3500 14 |[14, 2, 1]| | Moonlight Madness LE.SC2Replay|
565 3500 15 |[15, 2, 1]| | Moonlight Madness LE.SC2Replay|
566 3500 16 |[16, 2, 1]| | Moonlight Madness LE.SC2Replay|
567 3500 17 |[17, 2, 1]| | Moonlight Madness LE.SC2Replay|
568 3500 17 |[17, 2, 1]| | Moonlight Madness LE.SC2Replay|
569 3500 17 |[17, 2, 1]| | Moonlight Madness LE.SC2Replay|
570 3500 17 |[17, 2, 1]| | Moonlight Madness LE.SC2Replay|
571 3500 17 |[17, 2, 1]| | Moonlight Madness LE.SC2Replay|
572 3500 17 |[17, 2, 1]| | Moonlight Madness LE.SC2Replay|
573 3500 17 |[17, 2, 1]| | Moonlight Madness LE.SC2Replay|
574 3500 18 |[18, 2, 1]| | Moonlight Madness LE.SC2Replay|
575 3500 19 |[19, 2, 1]| | Moonlight Madness LE.SC2Replay|
576 3500 19 |[19, 2, 1]| | Moonlight Madness LE.SC2Replay|
577 3500 20 |[20, 2, 1]| | Moonlight Madness LE.SC2Replay|
578 3500 20 |[20, 2, 1]| | Moonlight Madness LE.SC2Replay|
579 3500 20 |[20, 2, 1]| | Moonlight Madness LE.SC2Replay|
580 3500 20 |[20, 2, 1]| | Moonlight Madness LE.SC2Replay|
581 3500 20 |[20, 2, 1]| | Moonlight Madness LE.SC2Replay|
582 3500 20 |[20, 2, 1]| | Moonlight Madness LE.SC2Replay|
583 3500 20 |[20, 2, 1]| | Moonlight Madness LE.SC2Replay|
584 3500 20 |[20, 2, 1]| | Moonlight Madness LE.SC2Replay|
585 3500 20 |[20, 2, 1]| | Moonlight Madness LE.SC2Replay|
586 3500 20 |[20, 2, 1]| | Moonlight Madness LE.SC2Replay|
587 3500 20 |[20, 2, 1]| | Moonlight Madness LE.SC2Replay|
588 3500 20 |[20, 2, 1]| | Moonlight Madness LE.SC2Replay|
589 3500 20 |[20, 2, 1]| | Moonlight Madness LE.SC2Replay|
590 3500 20 |[20, 2, 1]| | Moonlight Madness LE.SC2Replay|
591 3500 20 |[20, 2, 1]| | Moonlight Madness LE.SC2Replay|
592 3500 21 |[21, 2, 1]| | Moonlight Madness LE.SC2Replay|
593 3500 22 |[22, 2, 1]| | Moonlight Madness LE.SC2Replay|
594 3500 23 |[23, 2, 1]| | Moonlight Madness LE.SC2Replay|
595 3500 23 |[23, 2, 1]| | Moonlight Madness LE.SC2Replay|
596 3500 23 |[23, 2, 1]| | Moonlight Madness LE.SC2Replay|
597 3500 23 |[23, 2, 1]| | Moonlight Madness LE.SC2Replay|
598 3500 23 |[23, 2, 1]| | Moonlight Madness LE.SC2Replay|
599 3500 23 |[23, 2, 1]| | Moonlight Madness LE.SC2Replay|
600 3500 23 |[23, 2, 1]| | Moonlight Madness LE.SC2Replay|
601 3500 23 |[23, 2, 1]| | Moonlight Madness LE.SC2Replay|
602 3500 23 |[23, 2, 1]| | Moonlight Madness LE.SC2Replay|
603 3500 23 |[23, 2, 1]| | Moonlight Madness LE.SC2Replay|
604 3500 23 |[23, 2, 1]| | Moonlight Madness LE.SC2Replay|
605 3500 23 |[23, 2, 1]| | Moonlight Madness LE.SC2Replay|
606 3500 23 |[23, 2, 1]| | Moonlight Madness LE.SC2Replay|
607 3500 23 |[23, 2, 1]| | Moonlight Madness LE.SC2Replay|
608 3500 23 |[23, 2, 1]| | Moonlight Madness LE.SC2Replay|
609 3500 23 |[23, 2, 1]| | Moonlight Madness LE.SC2Replay|
610 3500 24 |[24, 2, 1]| | Moonlight Madness LE.SC2Replay|
611 3500 25 |[25, 2, 1]| | Moonlight Madness LE.SC2Replay|
612 3500 25 |[25, 2, 1]| | Moonlight Madness LE.SC2Replay|
613 3500 26 |[26, 2, 1]| | Moonlight Madness LE.SC2Replay|
614 3500 26 |[26, 2, 1]| | Moonlight Madness LE.SC2Replay|
615 3500 26 |[26, 2, 1]| | Moonlight Madness LE.SC2Replay|
616 3500 26 |[26, 2, 1]| | Moonlight Madness LE.SC2Replay|
617 3500 26 |[26, 2, 1]| | Moonlight Madness LE.SC2Replay|
618 3500 26 |[26, 2, 1]| | Moonlight Madness LE.SC2Replay|
619 3500 26 |[26, 2, 1]| | Moonlight Madness LE.SC2Replay|
620 3500 26 |[26, 2, 1]| | Moonlight Madness LE.SC2Replay|
621 3500 26 |[26, 2, 1]| | Moonlight Madness LE.SC2Replay|
622 3500 26 |[26, 2, 1]| | Moonlight Madness LE.SC2Replay|
623 3500 26 |[26, 2, 1]| | Moonlight Madness LE.SC2Replay|
624 3500 27 |[27, 2, 1]| | Moonlight Madness LE.SC2Replay|
625 3500 28 |[28, 2, 1]| | Moonlight Madness LE.SC2Replay|
626 3500 28 |[28, 2, 1]| | Moonlight Madness LE.SC2Replay|
627 3500 28 |[28, 2, 1]| | Moonlight Madness LE.SC2Replay|
628 3500 28 |[28, 2, 1]| | Moonlight Madness LE.SC2Replay|
629 3500 28 |[28, 2, 1]| | Moonlight Madness LE.SC2Replay|
630 3500 28 |[28, 2, 1]| | Moonlight Madness LE.SC2Replay|
631 3500 28 |[28, 2, 1]| | Moonlight Madness LE.SC2Replay|
632 3500 29 |[29, 2, 1]| | Moonlight Madness LE.SC2Replay|
633 3500 29 |[29, 2, 1]| | Moonlight Madness LE.SC2Replay|
634 3500 29 |[29, 2, 1]| | Moonlight Madness LE.SC2Replay|
635 3500 29 |[29, 2, 1]| | Moonlight Madness LE.SC2Replay|
636 3500 30 |[30, 2, 1]| | Moonlight Madness LE.SC2Replay|
637 3500 30 |[30, 2, 1]| | Moonlight Madness LE.SC2Replay|
638 3500 30 |[30, 2, 1]| | Moonlight Madness LE.SC2Replay|
639 3500 30 |[30, 2, 1]| | Moonlight Madness LE.SC2Replay|
640 3500 30 |[30, 2, 1]| | Moonlight Madness LE.SC2Replay|
641 3500 31 |[31, 2, 1]| | Moonlight Madness LE.SC2Replay|
642 3500 32 |[32, 2, 1]| | Moonlight Madness LE.SC2Replay|
643 3500 32 |[32, 2, 1]| | Moonlight Madness LE.SC2Replay|
644 3500 33 |[33, 2, 1]| | Moonlight Madness LE.SC2Replay|
645 3500 33 |[33, 2, 1]| | Moonlight Madness LE.SC2Replay|
646 3500 33 |[33, 2, 1]| | Moonlight Madness LE.SC2Replay|
647 3500 33 |[33, 2, 1]| | Moonlight Madness LE.SC2Replay|
648 3500 33 |[33, 2, 1]| | Moonlight Madness LE.SC2Replay|
649 3500 33 |[33, 2, 1]| | Moonlight Madness LE.SC2Replay|
650 3500 33 |[33, 2, 1]| | Moonlight Madness LE.SC2Replay|
651 3500 34 |[34, 2, 1]| | Moonlight Madness LE.SC2Replay|
652 3500 34 |[34, 2, 1]| | Moonlight Madness LE.SC2Replay|
653 3500 34 |[34, 2, 1]| | Moonlight Madness LE.SC2Replay|
654 3500 34 |[34, 3, 1]| | Moonlight Madness LE.SC2Replay|
655 3500 34 |[34, 3, 1]| | Moonlight Madness LE.SC2Replay|
656 3500 34 |[34, 4, 1]| | Moonlight Madness LE.SC2Replay|
657 3500 35 |[35, 4, 1]| | Moonlight Madness LE.SC2Replay|
658 3500 36 |[36, 4, 1]| | Moonlight Madness LE.SC2Replay|
659 3500 36 |[36, 4, 1]| | Moonlight Madness LE.SC2Replay|
660 3500 36 |[36, 4, 1]| | Moonlight Madness LE.SC2Replay|
661 3500 36 |[36, 4, 1]| | Moonlight Madness LE.SC2Replay|
662 3500 36 |[36, 4, 1]| | Moonlight Madness LE.SC2Replay|
663 3500 36 |[36, 4, 1]| | Moonlight Madness LE.SC2Replay|
664 3500 36 |[36, 4, 1]| | Moonlight Madness LE.SC2Replay|
665 3500 36 |[36, 4, 1]| | Moonlight Madness LE.SC2Replay|
666 3500 36 |[36, 4, 1]| | Moonlight Madness LE.SC2Replay|
667 3500 36 |[36, 4, 1]| | Moonlight Madness LE.SC2Replay|
668 3500 36 |[36, 4, 1]| | Moonlight Madness LE.SC2Replay|
669 3500 36 |[36, 4, 1]| | Moonlight Madness LE.SC2Replay|
670 3500 36 |[36, 4, 1]| | Moonlight Madness LE.SC2Replay|
671 3500 36 |[36, 4, 1]| | Moonlight Madness LE.SC2Replay|
672 3500 36 |[36, 4, 1]| | Moonlight Madness LE.SC2Replay|
673 3500 36 |[36, 4, 1]| | Moonlight Madness LE.SC2Replay|
674 3500 36 |[36, 4, 1]| | Moonlight Madness LE.SC2Replay|
675 3500 36 |[36, 4, 1]| | Moonlight Madness LE.SC2Replay|
676 3500 36 |[36, 4, 1]| | Moonlight Madness LE.SC2Replay|
677 3500 36 |[36, 4, 1]| | Moonlight Madness LE.SC2Replay|
678 3500 36 |[36, 4, 1]| | Moonlight Madness LE.SC2Replay|
679 3500 36 |[36, 4, 1]| | Moonlight Madness LE.SC2Replay|
680 3500 36 |[36, 4, 1]| | Moonlight Madness LE.SC2Replay|
681 3500 36 |[36, 4, 1]| | Moonlight Madness LE.SC2Replay|
682 3500 36 |[36, 4, 1]| | Moonlight Madness LE.SC2Replay|
683 3500 36 |[36, 4, 1]| | Moonlight Madness LE.SC2Replay|
684 3500 36 |[36, 4, 1]| | Moonlight Madness LE.SC2Replay|
685 3500 36 |[36, 4, 1]| | Moonlight Madness LE.SC2Replay|
686 3500 36 |[36, 4, 1]| | Moonlight Madness LE.SC2Replay|
687 3500 36 |[36, 4, 1]| | Moonlight Madness LE.SC2Replay|
688 3500 36 |[36, 4, 1]| | Moonlight Madness LE.SC2Replay|
689 3500 36 |[36, 4, 1]| | Moonlight Madness LE.SC2Replay|
690 3500 36 |[36, 4, 1]| | Moonlight Madness LE.SC2Replay|
691 3500 36 |[36, 4, 1]| | Moonlight Madness LE.SC2Replay|
692 3500 36 |[36, 4, 1]| | Moonlight Madness LE.SC2Replay|
693 3500 36 |[36, 4, 1]| | Moonlight Madness LE.SC2Replay|
694 3500 36 |[36, 4, 1]| | Moonlight Madness LE.SC2Replay|
695 3500 36 |[36, 4, 1]| | Moonlight Madness LE.SC2Replay|
696 3500 36 |[36, 4, 1]| | Moonlight Madness LE.SC2Replay|
697 3500 36 |[36, 4, 1]| | Moonlight Madness LE.SC2Replay|
698 3500 36 |[36, 4, 1]| | Moonlight Madness LE.SC2Replay|
699 3500 36 |[36, 4, 1]| | Moonlight Madness LE.SC2Replay|
700 3500 36 |[36, 4, 1]| | Moonlight Madness LE.SC2Replay|
701 3500 36 |[36, 4, 1]| | Moonlight Madness LE.SC2Replay|
702 3500 36 |[36, 4, 1]| | Moonlight Madness LE.SC2Replay|
703 3500 36 |[36, 4, 1]| | Moonlight Madness LE.SC2Replay|
704 3500 36 |[36, 4, 1]| | Moonlight Madness LE.SC2Replay|
705 3500 36 |[36, 4, 1]| | Moonlight Madness LE.SC2Replay|
706 3500 36 |[36, 4, 1]| | Moonlight Madness LE.SC2Replay|
707 3500 36 |[36, 4, 1]| | Moonlight Madness LE.SC2Replay|
708 3500 36 |[36, 4, 1]| | Moonlight Madness LE.SC2Replay|
709 3500 36 |[36, 4, 1]| | Moonlight Madness LE.SC2Replay|
710 3500 36 |[36, 4, 1]| | Moonlight Madness LE.SC2Replay|
711 3500 36 |[36, 4, 1]| | Moonlight Madness LE.SC2Replay|
712 3500 36 |[36, 4, 1]| | Moonlight Madness LE.SC2Replay|
713 3500 36 |[36, 4, 1]| | Moonlight Madness LE.SC2Replay|
714 3500 36 |[36, 4, 1]| | Moonlight Madness LE.SC2Replay|
715 3500 36 |[36, 4, 1]| | Moonlight Madness LE.SC2Replay|
716 3500 36 |[36, 4, 1]| | Moonlight Madness LE.SC2Replay|
717 3500 36 |[36, 4, 1]| | Moonlight Madness LE.SC2Replay|
718 3500 36 |[36, 4, 1]| | Moonlight Madness LE.SC2Replay|
719 3500 36 |[36, 4, 1]| | Moonlight Madness LE.SC2Replay|
720 3550 36 |[36, 4, 1]| | Moonlight Madness LE.SC2Replay|
721 3600 36 |[36, 4, 1]| | Moonlight Madness LE.SC2Replay|
722 3650 36 |[36, 4, 1]| | Moonlight Madness LE.SC2Replay|
723 3700 36 |[36, 4, 1]| | Moonlight Madness LE.SC2Replay|
724 3750 36 |[36, 4, 1]| | Moonlight Madness LE.SC2Replay|
725 3800 36 |[36, 4, 1]| | Moonlight Madness LE.SC2Replay|
726 3850 36 |[36, 4, 1]| | Moonlight Madness LE.SC2Replay|
727 3900 36 |[36, 4, 1]| | Moonlight Madness LE.SC2Replay|
728 3950 36 |[36, 4, 1]| | Moonlight Madness LE.SC2Replay|
729 4000 36 |[36, 4, 1]| | Moonlight Madness LE.SC2Replay|
730 4050 36 |[36, 4, 1]| | Moonlight Madness LE.SC2Replay|
731 4100 36 |[36, 4, 1]| | Moonlight Madness LE.SC2Replay|
732 4150 36 |[36, 4, 1]| | Moonlight Madness LE.SC2Replay|
733 4200 36 |[36, 4, 1]| | Moonlight Madness LE.SC2Replay|
734 4200 36 |[36, 4, 1]| | Moonlight Madness LE.SC2Replay|
735 4200 36 |[36, 4, 1]| | Moonlight Madness LE.SC2Replay|
736 4200 36 |[36, 4, 1]| | Moonlight Madness LE.SC2Replay|
737 4200 36 |[36, 4, 1]| | Moonlight Madness LE.SC2Replay|
738 4200 36 |[36, 4, 1]| | Moonlight Madness LE.SC2Replay|
739 4200 36 |[36, 4, 1]| | Moonlight Madness LE.SC2Replay|
740 4200 36 |[36, 4, 1]| | Moonlight Madness LE.SC2Replay|
741 4200 36 |[36, 4, 1]| | Moonlight Madness LE.SC2Replay|
742 4200 36 |[36, 4, 1]| | Moonlight Madness LE.SC2Replay|
743 4200 36 |[36, 4, 2]| | Moonlight Madness LE.SC2Replay|
744 4200 36 |[36, 4, 2]| | Moonlight Madness LE.SC2Replay|
745 4200 36 |[36, 4, 2]| | Moonlight Madness LE.SC2Replay|
746 4200 36 |[36, 4, 2]| | Moonlight Madness LE.SC2Replay|
747 4200 36 |[36, 4, 2]| | Moonlight Madness LE.SC2Replay|
748 4200 36 |[36, 4, 2]| | Moonlight Madness LE.SC2Replay|
749 4200 36 |[36, 4, 2]| | Moonlight Madness LE.SC2Replay|
750 4200 36 |[36, 4, 2]| | Moonlight Madness LE.SC2Replay|
751 4200 36 |[36, 4, 2]| | Moonlight Madness LE.SC2Replay|
752 4200 36 |[36, 4, 2]| | Moonlight Madness LE.SC2Replay|
753 4200 36 |[36, 4, 2]| | Moonlight Madness LE.SC2Replay|
754 4200 36 |[36, 4, 2]| | Moonlight Madness LE.SC2Replay|
755 4200 36 |[36, 4, 2]| | Moonlight Madness LE.SC2Replay|
756 4200 36 |[36, 4, 2]| | Moonlight Madness LE.SC2Replay|
757 4200 36 |[36, 4, 2]| | Moonlight Madness LE.SC2Replay|
758 4200 36 |[36, 4, 2]| | Moonlight Madness LE.SC2Replay|
759 4200 36 |[36, 4, 2]| | Moonlight Madness LE.SC2Replay|
760 4200 36 |[36, 4, 2]| | Moonlight Madness LE.SC2Replay|
761 4200 36 |[36, 4, 2]| | Moonlight Madness LE.SC2Replay|
762 4200 36 |[36, 4, 2]| | Moonlight Madness LE.SC2Replay|
763 4200 36 |[36, 4, 2]| | Moonlight Madness LE.SC2Replay|
764 4200 36 |[36, 4, 2]| | Moonlight Madness LE.SC2Replay|
765 4200 36 |[36, 4, 2]| | Moonlight Madness LE.SC2Replay|
766 4200 36 |[36, 4, 2]| | Moonlight Madness LE.SC2Replay|
767 4200 36 |[36, 4, 2]| | Moonlight Madness LE.SC2Replay|
768 4200 36 |[36, 4, 2]| | Moonlight Madness LE.SC2Replay|
769 4200 36 |[36, 4, 2]| | Moonlight Madness LE.SC2Replay|
770 4200 36 |[36, 4, 2]| | Moonlight Madness LE.SC2Replay|
771 4200 36 |[36, 4, 2]| | Moonlight Madness LE.SC2Replay|
772 4200 36 |[36, 4, 2]| | Moonlight Madness LE.SC2Replay|
773 4200 36 |[36, 4, 2]| | Moonlight Madness LE.SC2Replay|
774 4200 36 |[36, 4, 2]| | Moonlight Madness LE.SC2Replay|
775 4200 36 |[36, 4, 2]| | Moonlight Madness LE.SC2Replay|
776 4200 36 |[36, 4, 2]| | Moonlight Madness LE.SC2Replay|
777 4200 36 |[36, 4, 2]| | Moonlight Madness LE.SC2Replay|
778 4200 36 |[36, 4, 2]| | Moonlight Madness LE.SC2Replay|
779 4200 36 |[36, 4, 2]| | Moonlight Madness LE.SC2Replay|
780 4200 36 |[36, 4, 2]| | Moonlight Madness LE.SC2Replay|
781 4200 36 |[36, 4, 2]| | Moonlight Madness LE.SC2Replay|
782 4200 36 |[36, 4, 2]| | Moonlight Madness LE.SC2Replay|
783 4200 36 |[36, 4, 2]| | Moonlight Madness LE.SC2Replay|
784 4200 36 |[36, 4, 2]| | Moonlight Madness LE.SC2Replay|
785 4250 36 |[36, 4, 2]| | Moonlight Madness LE.SC2Replay|
786 4300 36 |[36, 4, 2]| | Moonlight Madness LE.SC2Replay|
787 4350 36 |[36, 4, 2]| | Moonlight Madness LE.SC2Replay|
788 4400 36 |[36, 4, 2]| | Moonlight Madness LE.SC2Replay|
789 4450 36 |[36, 4, 2]| | Moonlight Madness LE.SC2Replay|
790 4500 36 |[36, 4, 2]| | Moonlight Madness LE.SC2Replay|
791 4550 36 |[36, 4, 2]| | Moonlight Madness LE.SC2Replay|
792 4600 36 |[36, 4, 2]| | Moonlight Madness LE.SC2Replay|
793 4650 36 |[36, 4, 2]| | Moonlight Madness LE.SC2Replay|
794 4700 36 |[36, 4, 2]| | Moonlight Madness LE.SC2Replay|
795 4700 36 |[36, 4, 2]| | Moonlight Madness LE.SC2Replay|
796 4700 36 |[36, 4, 2]| | Moonlight Madness LE.SC2Replay|
797 4700 36 |[36, 4, 2]| | Moonlight Madness LE.SC2Replay|
798 4700 36 |[36, 4, 2]| | Moonlight Madness LE.SC2Replay|
799 4700 36 |[36, 4, 2]| | Moonlight Madness LE.SC2Replay|
800 4700 36 |[36, 4, 2]| | Moonlight Madness LE.SC2Replay|
801 4700 36 |[36, 4, 2]| | Moonlight Madness LE.SC2Replay|
802 4700 36 |[36, 4, 2]| | Moonlight Madness LE.SC2Replay|
803 4700 36 |[36, 4, 2]| | Moonlight Madness LE.SC2Replay|
804 4700 36 |[36, 4, 2]| | Moonlight Madness LE.SC2Replay|
805 4700 36 |[36, 4, 2]| | Moonlight Madness LE.SC2Replay|
806 4700 36 |[36, 4, 2]| | Moonlight Madness LE.SC2Replay|
807 4700 36 |[36, 4, 2]| | Moonlight Madness LE.SC2Replay|
808 4700 36 |[36, 4, 2]| | Moonlight Madness LE.SC2Replay|
809 4700 36 |[36, 4, 2]| | Moonlight Madness LE.SC2Replay|
810 4700 36 |[36, 4, 2]| | Moonlight Madness LE.SC2Replay|
811 4700 36 |[36, 4, 2]| | Moonlight Madness LE.SC2Replay|
812 4700 36 |[36, 4, 2]| | Moonlight Madness LE.SC2Replay|
813 4700 36 |[36, 4, 2]| | Moonlight Madness LE.SC2Replay|
814 4700 36 |[36, 4, 2]| | Moonlight Madness LE.SC2Replay|
815 4700 36 |[36, 4, 2]| | Moonlight Madness LE.SC2Replay|
816 4700 36 |[36, 4, 2]| | Moonlight Madness LE.SC2Replay|
817 4700 36 |[36, 4, 2]| | Moonlight Madness LE.SC2Replay|
818 4700 36 |[36, 4, 2]| | Moonlight Madness LE.SC2Replay|
819 4700 36 |[36, 4, 2]| | Moonlight Madness LE.SC2Replay|
820 4700 36 |[36, 4, 2]| | Moonlight Madness LE.SC2Replay|
821 4700 36 |[36, 4, 2]| | Moonlight Madness LE.SC2Replay|
822 4700 36 |[36, 4, 2]| | Moonlight Madness LE.SC2Replay|
823 4700 36 |[36, 4, 2]| | Moonlight Madness LE.SC2Replay|
824 4700 36 |[36, 4, 2]| | Moonlight Madness LE.SC2Replay|
825 4700 36 |[36, 4, 2]| | Moonlight Madness LE.SC2Replay|
826 4700 36 |[36, 4, 2]| | Moonlight Madness LE.SC2Replay|
827 4700 36 |[36, 4, 2]| | Moonlight Madness LE.SC2Replay|
828 4700 36 |[36, 4, 2]| | Moonlight Madness LE.SC2Replay|
829 4700 36 |[36, 4, 2]| | Moonlight Madness LE.SC2Replay|
830 4700 36 |[36, 4, 2]| | Moonlight Madness LE.SC2Replay|
831 4700 36 |[36, 4, 2]| | Moonlight Madness LE.SC2Replay|
832 4700 36 |[36, 4, 2]| | Moonlight Madness LE.SC2Replay|
833 4700 36 |[36, 4, 2]| | Moonlight Madness LE.SC2Replay|
834 4700 36 |[36, 4, 2]| | Moonlight Madness LE.SC2Replay|
835 4700 36 |[36, 4, 2]| | Moonlight Madness LE.SC2Replay|
836 4700 36 |[36, 4, 2]| | Moonlight Madness LE.SC2Replay|
837 4700 36 |[36, 4, 2]| | Moonlight Madness LE.SC2Replay|
838 4700 36 |[36, 4, 2]| | Moonlight Madness LE.SC2Replay|
