0 0 1 |[1, 0, 0]| | Bridgehead LE.SC2Replay|
1 0 1 |[1, 0, 0]| | Bridgehead LE.SC2Replay|
2 0 1 |[1, 0, 0]| | Bridgehead LE.SC2Replay|
3 0 1 |[1, 0, 0]| | Bridgehead LE.SC2Replay|
4 0 1 |[1, 0, 0]| | Bridgehead LE.SC2Replay|
5 0 1 |[1, 0, 0]| | Bridgehead LE.SC2Replay|
6 0 1 |[1, 0, 0]| | Bridgehead LE.SC2Replay|
7 0 1 |[1, 0, 0]| | Bridgehead LE.SC2Replay|
8 0 1 |[1, 0, 0]| | Bridgehead LE.SC2Replay|
9 0 1 |[1, 0, 0]| | Bridgehead LE.SC2Replay|
10 0 1 |[1, 0, 0]| | Bridgehead LE.SC2Replay|
11 0 1 |[1, 0, 0]| | Bridgehead LE.SC2Replay|
12 0 1 |[1, 0, 0]| | Bridgehead LE.SC2Replay|
13 0 1 |[1, 0, 0]| | Bridgehead LE.SC2Replay|
14 0 1 |[1, 0, 0]| | Bridgehead LE.SC2Replay|
15 0 2 |[2, 0, 0]| | Bridgehead LE.SC2Replay|
16 0 2 |[2, 0, 0]| | Bridgehead LE.SC2Replay|
17 0 2 |[2, 0, 0]| | Bridgehead LE.SC2Replay|
18 0 2 |[2, 0, 0]| | Bridgehead LE.SC2Replay|
19 0 2 |[2, 0, 0]| | Bridgehead LE.SC2Replay|
20 0 2 |[2, 0, 0]| | Bridgehead LE.SC2Replay|
21 0 2 |[2, 0, 0]| | Bridgehead LE.SC2Replay|
22 0 2 |[2, 0, 0]| | Bridgehead LE.SC2Replay|
23 0 2 |[2, 0, 0]| | Bridgehead LE.SC2Replay|
24 0 2 |[2, 0, 0]| | Bridgehead LE.SC2Replay|
25 0 2 |[2, 0, 0]| | Bridgehead LE.SC2Replay|
26 0 2 |[2, 0, 0]| | Bridgehead LE.SC2Replay|
27 0 3 |[3, 0, 0]| | Bridgehead LE.SC2Replay|
28 0 3 |[3, 0, 0]| | Bridgehead LE.SC2Replay|
29 0 3 |[3, 0, 0]| | Bridgehead LE.SC2Replay|
30 0 3 |[3, 0, 0]| | Bridgehead LE.SC2Replay|
31 0 3 |[3, 0, 0]| | Bridgehead LE.SC2Replay|
32 0 3 |[3, 0, 0]| | Bridgehead LE.SC2Replay|
33 0 3 |[3, 0, 0]| | Bridgehead LE.SC2Replay|
34 0 3 |[3, 0, 0]| | Bridgehead LE.SC2Replay|
35 0 3 |[3, 0, 0]| | Bridgehead LE.SC2Replay|
36 0 3 |[3, 0, 0]| | Bridgehead LE.SC2Replay|
37 0 3 |[3, 0, 0]| | Bridgehead LE.SC2Replay|
38 0 3 |[3, 0, 0]| | Bridgehead LE.SC2Replay|
39 0 3 |[3, 0, 0]| | Bridgehead LE.SC2Replay|
40 0 3 |[3, 0, 0]| | Bridgehead LE.SC2Replay|
41 0 3 |[3, 0, 0]| | Bridgehead LE.SC2Replay|
42 0 3 |[3, 0, 0]| | Bridgehead LE.SC2Replay|
43 0 3 |[3, 0, 0]| | Bridgehead LE.SC2Replay|
44 0 3 |[3, 0, 0]| | Bridgehead LE.SC2Replay|
45 0 3 |[3, 0, 0]| | Bridgehead LE.SC2Replay|
46 0 3 |[3, 0, 0]| | Bridgehead LE.SC2Replay|
47 0 3 |[3, 0, 0]| | Bridgehead LE.SC2Replay|
48 0 3 |[3, 0, 0]| | Bridgehead LE.SC2Replay|
49 0 3 |[3, 0, 0]| | Bridgehead LE.SC2Replay|
50 0 3 |[3, 0, 0]| | Bridgehead LE.SC2Replay|
51 0 3 |[3, 0, 0]| | Bridgehead LE.SC2Replay|
52 0 3 |[3, 0, 0]| | Bridgehead LE.SC2Replay|
53 0 4 |[4, 0, 0]| | Bridgehead LE.SC2Replay|
54 0 4 |[4, 0, 0]| | Bridgehead LE.SC2Replay|
55 0 4 |[4, 0, 0]| | Bridgehead LE.SC2Replay|
56 0 4 |[4, 0, 0]| | Bridgehead LE.SC2Replay|
57 0 4 |[4, 0, 0]| | Bridgehead LE.SC2Replay|
58 0 4 |[4, 0, 0]| | Bridgehead LE.SC2Replay|
59 0 4 |[4, 0, 0]| | Bridgehead LE.SC2Replay|
60 0 4 |[4, 0, 0]| | Bridgehead LE.SC2Replay|
61 0 4 |[4, 0, 0]| | Bridgehead LE.SC2Replay|
62 0 4 |[4, 0, 0]| | Bridgehead LE.SC2Replay|
63 0 4 |[4, 0, 0]| | Bridgehead LE.SC2Replay|
64 0 4 |[4, 0, 0]| | Bridgehead LE.SC2Replay|
65 0 4 |[4, 0, 0]| | Bridgehead LE.SC2Replay|
66 0 4 |[4, 0, 0]| | Bridgehead LE.SC2Replay|
67 0 4 |[4, 0, 0]| | Bridgehead LE.SC2Replay|
68 0 4 |[4, 0, 0]| | Bridgehead LE.SC2Replay|
69 0 4 |[4, 0, 0]| | Bridgehead LE.SC2Replay|
70 0 4 |[4, 0, 0]| | Bridgehead LE.SC2Replay|
71 0 5 |[5, 0, 0]| | Bridgehead LE.SC2Replay|
72 0 6 |[6, 0, 0]| | Bridgehead LE.SC2Replay|
73 0 6 |[6, 0, 0]| | Bridgehead LE.SC2Replay|
74 0 6 |[6, 0, 0]| | Bridgehead LE.SC2Replay|
75 0 6 |[6, 0, 0]| | Bridgehead LE.SC2Replay|
76 0 7 |[7, 0, 0]| | Bridgehead LE.SC2Replay|
77 0 7 |[7, 0, 0]| | Bridgehead LE.SC2Replay|
78 0 7 |[7, 0, 0]| | Bridgehead LE.SC2Replay|
79 0 7 |[7, 0, 0]| | Bridgehead LE.SC2Replay|
80 0 7 |[7, 0, 0]| | Bridgehead LE.SC2Replay|
81 0 7 |[7, 0, 0]| | Bridgehead LE.SC2Replay|
82 0 7 |[7, 0, 0]| | Bridgehead LE.SC2Replay|
83 0 7 |[7, 0, 0]| | Bridgehead LE.SC2Replay|
84 0 7 |[7, 0, 0]| | Bridgehead LE.SC2Replay|
85 0 7 |[7, 0, 0]| | Bridgehead LE.SC2Replay|
86 0 7 |[7, 0, 0]| | Bridgehead LE.SC2Replay|
87 0 7 |[7, 0, 0]| | Bridgehead LE.SC2Replay|
88 0 7 |[7, 0, 0]| | Bridgehead LE.SC2Replay|
89 0 7 |[7, 0, 0]| | Bridgehead LE.SC2Replay|
90 0 7 |[7, 0, 0]| | Bridgehead LE.SC2Replay|
91 0 8 |[8, 0, 0]| | Bridgehead LE.SC2Replay|
92 0 8 |[8, 0, 0]| | Bridgehead LE.SC2Replay|
93 0 8 |[8, 0, 0]| | Bridgehead LE.SC2Replay|
94 0 8 |[8, 0, 0]| | Bridgehead LE.SC2Replay|
95 0 8 |[8, 0, 0]| | Bridgehead LE.SC2Replay|
96 0 8 |[8, 0, 0]| | Bridgehead LE.SC2Replay|
97 0 8 |[8, 0, 0]| | Bridgehead LE.SC2Replay|
98 0 8 |[8, 0, 0]| | Bridgehead LE.SC2Replay|
99 0 8 |[8, 0, 0]| | Bridgehead LE.SC2Replay|
100 0 8 |[8, 0, 0]| | Bridgehead LE.SC2Replay|
101 0 8 |[8, 0, 0]| | Bridgehead LE.SC2Replay|
102 0 8 |[8, 0, 0]| | Bridgehead LE.SC2Replay|
103 0 8 |[8, 0, 0]| | Bridgehead LE.SC2Replay|
104 0 8 |[8, 0, 0]| | Bridgehead LE.SC2Replay|
105 0 8 |[8, 0, 0]| | Bridgehead LE.SC2Replay|
106 0 9 |[9, 0, 0]| | Bridgehead LE.SC2Replay|
107 0 9 |[9, 0, 0]| | Bridgehead LE.SC2Replay|
108 0 9 |[9, 0, 0]| | Bridgehead LE.SC2Replay|
109 0 9 |[9, 0, 0]| | Bridgehead LE.SC2Replay|
110 0 9 |[9, 0, 0]| | Bridgehead LE.SC2Replay|
111 0 9 |[9, 0, 0]| | Bridgehead LE.SC2Replay|
112 0 9 |[9, 0, 0]| | Bridgehead LE.SC2Replay|
113 0 9 |[9, 0, 0]| | Bridgehead LE.SC2Replay|
114 0 9 |[9, 0, 0]| | Bridgehead LE.SC2Replay|
115 0 9 |[9, 0, 0]| | Bridgehead LE.SC2Replay|
116 0 9 |[9, 0, 0]| | Bridgehead LE.SC2Replay|
117 0 9 |[9, 0, 0]| | Bridgehead LE.SC2Replay|
118 0 9 |[9, 0, 0]| | Bridgehead LE.SC2Replay|
119 0 9 |[9, 0, 0]| | Bridgehead LE.SC2Replay|
120 0 9 |[9, 0, 0]| | Bridgehead LE.SC2Replay|
121 0 9 |[9, 0, 0]| | Bridgehead LE.SC2Replay|
122 0 9 |[9, 0, 0]| | Bridgehead LE.SC2Replay|
123 0 9 |[9, 0, 0]| | Bridgehead LE.SC2Replay|
124 0 9 |[9, 0, 0]| | Bridgehead LE.SC2Replay|
125 0 9 |[9, 0, 1]| | Bridgehead LE.SC2Replay|
126 0 9 |[9, 0, 1]| | Bridgehead LE.SC2Replay|
127 0 9 |[9, 0, 1]| | Bridgehead LE.SC2Replay|
128 0 9 |[9, 0, 1]| | Bridgehead LE.SC2Replay|
129 0 9 |[9, 0, 1]| | Bridgehead LE.SC2Replay|
130 0 9 |[9, 0, 1]| | Bridgehead LE.SC2Replay|
131 0 9 |[9, 0, 1]| | Bridgehead LE.SC2Replay|
132 0 9 |[9, 0, 1]| | Bridgehead LE.SC2Replay|
133 0 9 |[9, 0, 1]| | Bridgehead LE.SC2Replay|
134 0 9 |[9, 0, 1]| | Bridgehead LE.SC2Replay|
135 0 9 |[9, 0, 1]| | Bridgehead LE.SC2Replay|
136 0 9 |[9, 0, 1]| | Bridgehead LE.SC2Replay|
137 0 9 |[9, 0, 1]| | Bridgehead LE.SC2Replay|
138 0 9 |[9, 0, 1]| | Bridgehead LE.SC2Replay|
139 0 10 |[10, 0, 1]| | Bridgehead LE.SC2Replay|
140 0 10 |[10, 0, 1]| | Bridgehead LE.SC2Replay|
141 0 11 |[11, 0, 1]| | Bridgehead LE.SC2Replay|
142 0 11 |[11, 0, 1]| | Bridgehead LE.SC2Replay|
143 0 11 |[11, 0, 1]| | Bridgehead LE.SC2Replay|
144 0 11 |[11, 0, 1]| | Bridgehead LE.SC2Replay|
145 0 11 |[11, 0, 1]| | Bridgehead LE.SC2Replay|
146 0 11 |[11, 0, 1]| | Bridgehead LE.SC2Replay|
147 0 11 |[11, 0, 1]| | Bridgehead LE.SC2Replay|
148 0 11 |[11, 0, 1]| | Bridgehead LE.SC2Replay|
149 0 11 |[11, 0, 1]| | Bridgehead LE.SC2Replay|
150 0 11 |[11, 0, 1]| | Bridgehead LE.SC2Replay|
151 0 11 |[11, 0, 1]| | Bridgehead LE.SC2Replay|
152 0 11 |[11, 0, 1]| | Bridgehead LE.SC2Replay|
153 0 11 |[11, 0, 1]| | Bridgehead LE.SC2Replay|
154 0 11 |[11, 0, 1]| | Bridgehead LE.SC2Replay|
155 0 11 |[11, 0, 1]| | Bridgehead LE.SC2Replay|
156 0 11 |[11, 0, 1]| | Bridgehead LE.SC2Replay|
157 0 11 |[11, 0, 1]| | Bridgehead LE.SC2Replay|
158 0 11 |[11, 0, 1]| | Bridgehead LE.SC2Replay|
159 0 11 |[11, 0, 1]| | Bridgehead LE.SC2Replay|
160 0 11 |[11, 0, 1]| | Bridgehead LE.SC2Replay|
161 0 12 |[12, 0, 1]| | Bridgehead LE.SC2Replay|
162 0 12 |[12, 0, 1]| | Bridgehead LE.SC2Replay|
163 0 12 |[12, 0, 1]| | Bridgehead LE.SC2Replay|
164 0 12 |[12, 0, 1]| | Bridgehead LE.SC2Replay|
165 0 12 |[12, 0, 1]| | Bridgehead LE.SC2Replay|
166 0 12 |[12, 0, 1]| | Bridgehead LE.SC2Replay|
167 0 13 |[13, 0, 1]| | Bridgehead LE.SC2Replay|
168 0 13 |[13, 0, 1]| | Bridgehead LE.SC2Replay|
169 0 13 |[13, 0, 1]| | Bridgehead LE.SC2Replay|
170 0 13 |[13, 1, 1]| | Bridgehead LE.SC2Replay|
171 0 13 |[13, 1, 1]| | Bridgehead LE.SC2Replay|
172 0 13 |[13, 1, 1]| | Bridgehead LE.SC2Replay|
173 0 13 |[13, 1, 1]| | Bridgehead LE.SC2Replay|
174 0 13 |[13, 1, 1]| | Bridgehead LE.SC2Replay|
175 0 13 |[13, 1, 1]| | Bridgehead LE.SC2Replay|
176 0 13 |[13, 1, 1]| | Bridgehead LE.SC2Replay|
177 0 13 |[13, 1, 1]| | Bridgehead LE.SC2Replay|
178 0 13 |[13, 1, 1]| | Bridgehead LE.SC2Replay|
179 0 13 |[13, 1, 1]| | Bridgehead LE.SC2Replay|
180 0 13 |[13, 1, 1]| | Bridgehead LE.SC2Replay|
181 0 13 |[13, 1, 1]| | Bridgehead LE.SC2Replay|
182 0 14 |[14, 1, 1]| | Bridgehead LE.SC2Replay|
183 0 14 |[14, 1, 1]| | Bridgehead LE.SC2Replay|
184 0 14 |[14, 1, 1]| | Bridgehead LE.SC2Replay|
185 0 14 |[14, 1, 1]| | Bridgehead LE.SC2Replay|
186 0 14 |[14, 1, 1]| | Bridgehead LE.SC2Replay|
187 0 14 |[14, 1, 1]| | Bridgehead LE.SC2Replay|
188 0 14 |[14, 1, 1]| | Bridgehead LE.SC2Replay|
189 0 14 |[14, 1, 1]| | Bridgehead LE.SC2Replay|
190 0 14 |[14, 1, 1]| | Bridgehead LE.SC2Replay|
191 0 14 |[14, 1, 1]| | Bridgehead LE.SC2Replay|
192 0 14 |[14, 1, 1]| | Bridgehead LE.SC2Replay|
193 0 14 |[14, 1, 1]| | Bridgehead LE.SC2Replay|
194 0 14 |[14, 1, 1]| | Bridgehead LE.SC2Replay|
195 0 14 |[14, 1, 1]| | Bridgehead LE.SC2Replay|
196 0 14 |[14, 1, 1]| | Bridgehead LE.SC2Replay|
197 0 14 |[14, 1, 1]| | Bridgehead LE.SC2Replay|
198 0 14 |[14, 1, 1]| | Bridgehead LE.SC2Replay|
199 0 14 |[14, 1, 1]| | Bridgehead LE.SC2Replay|
200 0 14 |[14, 1, 1]| | Bridgehead LE.SC2Replay|
201 0 14 |[14, 1, 1]| | Bridgehead LE.SC2Replay|
202 0 14 |[14, 1, 1]| | Bridgehead LE.SC2Replay|
203 0 14 |[14, 1, 1]| | Bridgehead LE.SC2Replay|
204 0 14 |[14, 1, 1]| | Bridgehead LE.SC2Replay|
205 0 14 |[14, 1, 1]| | Bridgehead LE.SC2Replay|
206 0 14 |[14, 1, 1]| | Bridgehead LE.SC2Replay|
207 0 14 |[14, 1, 1]| | Bridgehead LE.SC2Replay|
208 0 14 |[14, 1, 1]| | Bridgehead LE.SC2Replay|
209 0 14 |[14, 1, 1]| | Bridgehead LE.SC2Replay|
210 0 14 |[14, 1, 1]| | Bridgehead LE.SC2Replay|
211 0 15 |[15, 1, 1]| | Bridgehead LE.SC2Replay|
212 0 15 |[15, 1, 1]| | Bridgehead LE.SC2Replay|
213 0 15 |[15, 1, 1]| | Bridgehead LE.SC2Replay|
214 0 15 |[15, 1, 1]| | Bridgehead LE.SC2Replay|
215 0 15 |[15, 1, 1]| | Bridgehead LE.SC2Replay|
216 0 15 |[15, 1, 1]| | Bridgehead LE.SC2Replay|
217 0 15 |[15, 1, 1]| | Bridgehead LE.SC2Replay|
218 0 15 |[15, 1, 1]| | Bridgehead LE.SC2Replay|
219 0 15 |[15, 1, 1]| | Bridgehead LE.SC2Replay|
220 0 15 |[15, 1, 1]| | Bridgehead LE.SC2Replay|
221 0 15 |[15, 1, 1]| | Bridgehead LE.SC2Replay|
222 0 15 |[15, 1, 1]| | Bridgehead LE.SC2Replay|
223 0 15 |[15, 1, 1]| | Bridgehead LE.SC2Replay|
224 0 15 |[15, 1, 1]| | Bridgehead LE.SC2Replay|
225 0 15 |[15, 1, 1]| | Bridgehead LE.SC2Replay|
226 50 15 |[15, 1, 1]| | Bridgehead LE.SC2Replay|
227 100 15 |[15, 1, 1]| | Bridgehead LE.SC2Replay|
228 100 15 |[15, 1, 1]| | Bridgehead LE.SC2Replay|
229 100 16 |[16, 1, 1]| | Bridgehead LE.SC2Replay|
230 100 16 |[16, 1, 1]| | Bridgehead LE.SC2Replay|
231 100 16 |[16, 1, 1]| | Bridgehead LE.SC2Replay|
232 100 16 |[16, 1, 1]| | Bridgehead LE.SC2Replay|
233 100 16 |[16, 1, 1]| | Bridgehead LE.SC2Replay|
234 100 16 |[16, 1, 1]| | Bridgehead LE.SC2Replay|
235 100 16 |[16, 1, 1]| | Bridgehead LE.SC2Replay|
236 100 16 |[16, 1, 1]| | Bridgehead LE.SC2Replay|
237 100 16 |[16, 1, 1]| | Bridgehead LE.SC2Replay|
238 100 16 |[16, 1, 1]| | Bridgehead LE.SC2Replay|
239 100 16 |[16, 1, 1]| | Bridgehead LE.SC2Replay|
240 100 16 |[16, 1, 1]| | Bridgehead LE.SC2Replay|
241 100 17 |[17, 1, 1]| | Bridgehead LE.SC2Replay|
242 100 17 |[17, 1, 1]| | Bridgehead LE.SC2Replay|
243 100 17 |[17, 1, 1]| | Bridgehead LE.SC2Replay|
244 100 17 |[17, 1, 1]| | Bridgehead LE.SC2Replay|
245 100 17 |[17, 1, 1]| | Bridgehead LE.SC2Replay|
246 100 17 |[17, 1, 1]| | Bridgehead LE.SC2Replay|
247 100 17 |[17, 1, 1]| | Bridgehead LE.SC2Replay|
248 100 17 |[17, 1, 1]| | Bridgehead LE.SC2Replay|
249 100 17 |[17, 1, 1]| | Bridgehead LE.SC2Replay|
250 100 17 |[17, 1, 1]| | Bridgehead LE.SC2Replay|
251 100 17 |[17, 1, 1]| | Bridgehead LE.SC2Replay|
252 100 17 |[17, 1, 1]| | Bridgehead LE.SC2Replay|
253 100 17 |[17, 1, 1]| | Bridgehead LE.SC2Replay|
254 100 17 |[17, 1, 1]| | Bridgehead LE.SC2Replay|
255 100 17 |[17, 1, 1]| | Bridgehead LE.SC2Replay|
256 100 18 |[18, 1, 1]| | Bridgehead LE.SC2Replay|
257 100 19 |[19, 1, 1]| | Bridgehead LE.SC2Replay|
258 100 19 |[19, 1, 1]| | Bridgehead LE.SC2Replay|
259 100 19 |[19, 1, 1]| | Bridgehead LE.SC2Replay|
260 100 19 |[19, 1, 1]| | Bridgehead LE.SC2Replay|
261 100 19 |[19, 1, 1]| | Bridgehead LE.SC2Replay|
262 100 19 |[19, 1, 1]| | Bridgehead LE.SC2Replay|
263 100 19 |[19, 1, 1]| | Bridgehead LE.SC2Replay|
264 100 19 |[19, 1, 1]| | Bridgehead LE.SC2Replay|
265 100 19 |[19, 1, 1]| | Bridgehead LE.SC2Replay|
266 100 19 |[19, 1, 1]| | Bridgehead LE.SC2Replay|
267 100 19 |[19, 1, 1]| | Bridgehead LE.SC2Replay|
268 100 19 |[19, 1, 1]| | Bridgehead LE.SC2Replay|
269 100 19 |[19, 1, 1]| | Bridgehead LE.SC2Replay|
270 100 19 |[19, 1, 1]| | Bridgehead LE.SC2Replay|
271 100 19 |[19, 1, 1]| | Bridgehead LE.SC2Replay|
272 100 19 |[19, 1, 1]| | Bridgehead LE.SC2Replay|
273 100 20 |[20, 1, 1]| | Bridgehead LE.SC2Replay|
274 100 21 |[21, 1, 1]| | Bridgehead LE.SC2Replay|
275 100 21 |[21, 1, 1]| | Bridgehead LE.SC2Replay|
276 100 21 |[21, 1, 1]| | Bridgehead LE.SC2Replay|
277 100 21 |[21, 1, 1]| | Bridgehead LE.SC2Replay|
278 100 21 |[21, 1, 1]| | Bridgehead LE.SC2Replay|
279 100 21 |[21, 1, 1]| | Bridgehead LE.SC2Replay|
280 100 21 |[21, 1, 1]| | Bridgehead LE.SC2Replay|
281 100 21 |[21, 1, 1]| | Bridgehead LE.SC2Replay|
282 100 21 |[21, 1, 1]| | Bridgehead LE.SC2Replay|
283 100 21 |[21, 1, 1]| | Bridgehead LE.SC2Replay|
284 100 21 |[21, 1, 1]| | Bridgehead LE.SC2Replay|
285 100 21 |[21, 1, 1]| | Bridgehead LE.SC2Replay|
286 100 21 |[21, 1, 1]| | Bridgehead LE.SC2Replay|
287 100 21 |[21, 1, 1]| | Bridgehead LE.SC2Replay|
288 100 22 |[22, 1, 1]| | Bridgehead LE.SC2Replay|
289 100 22 |[22, 1, 1]| | Bridgehead LE.SC2Replay|
290 100 22 |[22, 1, 1]| | Bridgehead LE.SC2Replay|
291 100 22 |[22, 1, 1]| | Bridgehead LE.SC2Replay|
292 100 22 |[22, 1, 1]| | Bridgehead LE.SC2Replay|
293 100 22 |[22, 1, 1]| | Bridgehead LE.SC2Replay|
294 100 22 |[22, 1, 1]| | Bridgehead LE.SC2Replay|
295 100 22 |[22, 1, 1]| | Bridgehead LE.SC2Replay|
296 100 22 |[22, 1, 1]| | Bridgehead LE.SC2Replay|
297 100 22 |[22, 1, 1]| | Bridgehead LE.SC2Replay|
298 100 22 |[22, 1, 1]| | Bridgehead LE.SC2Replay|
299 100 22 |[22, 1, 1]| | Bridgehead LE.SC2Replay|
300 100 22 |[22, 1, 1]| | Bridgehead LE.SC2Replay|
301 100 22 |[22, 1, 1]| | Bridgehead LE.SC2Replay|
302 100 22 |[22, 1, 1]| | Bridgehead LE.SC2Replay|
303 100 22 |[22, 1, 1]| | Bridgehead LE.SC2Replay|
304 100 23 |[23, 1, 1]| | Bridgehead LE.SC2Replay|
305 100 23 |[23, 1, 1]| | Bridgehead LE.SC2Replay|
306 100 24 |[24, 1, 1]| | Bridgehead LE.SC2Replay|
307 100 24 |[24, 1, 1]| | Bridgehead LE.SC2Replay|
308 100 24 |[24, 1, 1]| | Bridgehead LE.SC2Replay|
309 100 24 |[24, 1, 1]| | Bridgehead LE.SC2Replay|
310 100 24 |[24, 1, 1]| | Bridgehead LE.SC2Replay|
311 100 24 |[24, 1, 1]| | Bridgehead LE.SC2Replay|
312 100 24 |[24, 1, 1]| | Bridgehead LE.SC2Replay|
313 100 24 |[24, 1, 1]| | Bridgehead LE.SC2Replay|
314 100 24 |[24, 1, 1]| | Bridgehead LE.SC2Replay|
315 100 25 |[25, 1, 1]| | Bridgehead LE.SC2Replay|
316 100 26 |[26, 1, 1]| | Bridgehead LE.SC2Replay|
317 100 27 |[27, 1, 1]| | Bridgehead LE.SC2Replay|
318 100 28 |[28, 1, 1]| | Bridgehead LE.SC2Replay|
319 100 29 |[29, 1, 1]| | Bridgehead LE.SC2Replay|
320 100 30 |[30, 1, 1]| | Bridgehead LE.SC2Replay|
321 100 31 |[31, 1, 1]| | Bridgehead LE.SC2Replay|
322 100 32 |[32, 1, 1]| | Bridgehead LE.SC2Replay|
323 100 33 |[33, 1, 1]| | Bridgehead LE.SC2Replay|
324 100 33 |[33, 1, 1]| | Bridgehead LE.SC2Replay|
325 100 34 |[34, 1, 1]| | Bridgehead LE.SC2Replay|
326 100 34 |[34, 1, 1]| | Bridgehead LE.SC2Replay|
327 100 34 |[34, 1, 1]| | Bridgehead LE.SC2Replay|
328 100 34 |[34, 1, 1]| | Bridgehead LE.SC2Replay|
329 100 34 |[34, 1, 1]| | Bridgehead LE.SC2Replay|
330 100 34 |[34, 1, 1]| | Bridgehead LE.SC2Replay|
331 100 34 |[34, 1, 1]| | Bridgehead LE.SC2Replay|
332 100 34 |[34, 1, 1]| | Bridgehead LE.SC2Replay|
333 100 34 |[34, 1, 1]| | Bridgehead LE.SC2Replay|
334 100 34 |[34, 1, 1]| | Bridgehead LE.SC2Replay|
335 100 34 |[34, 1, 1]| | Bridgehead LE.SC2Replay|
336 100 34 |[34, 1, 1]| | Bridgehead LE.SC2Replay|
337 100 34 |[34, 1, 1]| | Bridgehead LE.SC2Replay|
338 100 34 |[34, 1, 1]| | Bridgehead LE.SC2Replay|
339 100 34 |[34, 1, 1]| | Bridgehead LE.SC2Replay|
340 100 34 |[34, 1, 1]| | Bridgehead LE.SC2Replay|
341 100 34 |[34, 1, 1]| | Bridgehead LE.SC2Replay|
342 100 34 |[34, 1, 1]| | Bridgehead LE.SC2Replay|
343 100 34 |[34, 1, 1]| | Bridgehead LE.SC2Replay|
344 100 34 |[34, 1, 1]| | Bridgehead LE.SC2Replay|
345 100 34 |[34, 1, 1]| | Bridgehead LE.SC2Replay|
346 100 34 |[34, 1, 1]| | Bridgehead LE.SC2Replay|
347 100 34 |[34, 1, 1]| | Bridgehead LE.SC2Replay|
348 100 34 |[34, 1, 1]| | Bridgehead LE.SC2Replay|
349 100 34 |[34, 1, 1]| | Bridgehead LE.SC2Replay|
350 100 34 |[34, 1, 1]| | Bridgehead LE.SC2Replay|
351 100 34 |[34, 1, 1]| | Bridgehead LE.SC2Replay|
352 100 35 |[35, 1, 1]| | Bridgehead LE.SC2Replay|
353 100 35 |[35, 1, 1]| | Bridgehead LE.SC2Replay|
354 100 35 |[35, 1, 1]| | Bridgehead LE.SC2Replay|
355 100 35 |[35, 1, 1]| | Bridgehead LE.SC2Replay|
356 100 35 |[35, 1, 1]| | Bridgehead LE.SC2Replay|
357 100 35 |[35, 1, 1]| | Bridgehead LE.SC2Replay|
358 100 35 |[35, 1, 1]| | Bridgehead LE.SC2Replay|
359 100 35 |[35, 1, 1]| | Bridgehead LE.SC2Replay|
360 100 35 |[35, 1, 1]| | Bridgehead LE.SC2Replay|
361 100 35 |[35, 1, 1]| | Bridgehead LE.SC2Replay|
362 100 35 |[35, 1, 1]| | Bridgehead LE.SC2Replay|
363 100 35 |[35, 1, 1]| | Bridgehead LE.SC2Replay|
364 100 35 |[35, 1, 1]| | Bridgehead LE.SC2Replay|
365 100 35 |[35, 1, 1]| | Bridgehead LE.SC2Replay|
366 100 36 |[36, 1, 1]| | Bridgehead LE.SC2Replay|
367 100 37 |[37, 1, 1]| | Bridgehead LE.SC2Replay|
368 100 38 |[38, 1, 1]| | Bridgehead LE.SC2Replay|
369 100 39 |[39, 1, 1]| | Bridgehead LE.SC2Replay|
370 100 39 |[39, 1, 1]| | Bridgehead LE.SC2Replay|
371 100 40 |[40, 1, 1]| | Bridgehead LE.SC2Replay|
372 100 40 |[40, 1, 1]| | Bridgehead LE.SC2Replay|
373 100 40 |[40, 1, 1]| | Bridgehead LE.SC2Replay|
374 100 41 |[41, 1, 1]| | Bridgehead LE.SC2Replay|
375 100 41 |[41, 1, 1]| | Bridgehead LE.SC2Replay|
376 100 41 |[41, 1, 1]| | Bridgehead LE.SC2Replay|
377 100 41 |[41, 1, 1]| | Bridgehead LE.SC2Replay|
378 100 41 |[41, 1, 1]| | Bridgehead LE.SC2Replay|
379 100 41 |[41, 2, 1]| | Bridgehead LE.SC2Replay|
380 100 41 |[41, 3, 1]| | Bridgehead LE.SC2Replay|
381 100 41 |[41, 3, 1]| | Bridgehead LE.SC2Replay|
382 100 41 |[41, 3, 1]| | Bridgehead LE.SC2Replay|
383 100 41 |[41, 3, 1]| | Bridgehead LE.SC2Replay|
384 100 41 |[41, 3, 1]| | Bridgehead LE.SC2Replay|
385 100 41 |[41, 3, 1]| | Bridgehead LE.SC2Replay|
386 100 41 |[41, 3, 1]| | Bridgehead LE.SC2Replay|
387 100 41 |[41, 3, 1]| | Bridgehead LE.SC2Replay|
388 100 42 |[42, 3, 1]| | Bridgehead LE.SC2Replay|
389 100 42 |[42, 3, 1]| | Bridgehead LE.SC2Replay|
390 100 42 |[42, 3, 1]| | Bridgehead LE.SC2Replay|
391 100 42 |[42, 3, 1]| | Bridgehead LE.SC2Replay|
392 100 42 |[42, 3, 1]| | Bridgehead LE.SC2Replay|
393 100 42 |[42, 3, 1]| | Bridgehead LE.SC2Replay|
394 100 42 |[42, 3, 1]| | Bridgehead LE.SC2Replay|
395 100 42 |[42, 3, 1]| | Bridgehead LE.SC2Replay|
396 100 42 |[42, 3, 1]| | Bridgehead LE.SC2Replay|
397 100 43 |[43, 3, 1]| | Bridgehead LE.SC2Replay|
398 100 43 |[43, 3, 1]| | Bridgehead LE.SC2Replay|
399 100 43 |[43, 3, 1]| | Bridgehead LE.SC2Replay|
400 100 44 |[44, 3, 1]| | Bridgehead LE.SC2Replay|
401 100 44 |[44, 3, 1]| | Bridgehead LE.SC2Replay|
402 100 44 |[44, 3, 1]| | Bridgehead LE.SC2Replay|
403 100 44 |[44, 3, 1]| | Bridgehead LE.SC2Replay|
404 100 44 |[44, 3, 1]| | Bridgehead LE.SC2Replay|
405 100 44 |[44, 3, 1]| | Bridgehead LE.SC2Replay|
406 100 44 |[44, 3, 1]| | Bridgehead LE.SC2Replay|
407 100 44 |[44, 3, 1]| | Bridgehead LE.SC2Replay|
408 100 44 |[44, 3, 1]| | Bridgehead LE.SC2Replay|
409 100 44 |[44, 3, 1]| | Bridgehead LE.SC2Replay|
410 100 44 |[44, 3, 1]| | Bridgehead LE.SC2Replay|
411 100 44 |[44, 3, 1]| | Bridgehead LE.SC2Replay|
412 100 44 |[44, 3, 1]| | Bridgehead LE.SC2Replay|
413 100 45 |[45, 3, 1]| | Bridgehead LE.SC2Replay|
414 100 45 |[45, 3, 1]| | Bridgehead LE.SC2Replay|
415 100 45 |[45, 3, 1]| | Bridgehead LE.SC2Replay|
416 100 45 |[45, 3, 1]| | Bridgehead LE.SC2Replay|
417 100 45 |[45, 3, 1]| | Bridgehead LE.SC2Replay|
418 100 45 |[45, 3, 1]| | Bridgehead LE.SC2Replay|
419 100 45 |[45, 3, 1]| | Bridgehead LE.SC2Replay|
420 100 45 |[45, 3, 1]| | Bridgehead LE.SC2Replay|
421 100 45 |[45, 3, 1]| | Bridgehead LE.SC2Replay|
422 100 45 |[45, 3, 1]| | Bridgehead LE.SC2Replay|
423 100 45 |[45, 3, 1]| | Bridgehead LE.SC2Replay|
424 100 45 |[45, 3, 1]| | Bridgehead LE.SC2Replay|
425 100 45 |[45, 3, 1]| | Bridgehead LE.SC2Replay|
426 100 45 |[45, 3, 1]| | Bridgehead LE.SC2Replay|
427 100 45 |[45, 3, 1]| | Bridgehead LE.SC2Replay|
428 100 45 |[45, 3, 1]| | Bridgehead LE.SC2Replay|
429 100 45 |[45, 3, 1]| | Bridgehead LE.SC2Replay|
430 100 45 |[45, 3, 1]| | Bridgehead LE.SC2Replay|
431 100 45 |[45, 3, 1]| | Bridgehead LE.SC2Replay|
432 100 45 |[45, 3, 1]| | Bridgehead LE.SC2Replay|
433 100 45 |[45, 3, 1]| | Bridgehead LE.SC2Replay|
434 100 45 |[45, 3, 1]| | Bridgehead LE.SC2Replay|
435 100 45 |[45, 3, 1]| | Bridgehead LE.SC2Replay|
436 100 45 |[45, 3, 1]| | Bridgehead LE.SC2Replay|
437 100 45 |[45, 3, 1]| | Bridgehead LE.SC2Replay|
438 100 45 |[45, 3, 1]| | Bridgehead LE.SC2Replay|
439 100 45 |[45, 3, 1]| | Bridgehead LE.SC2Replay|
440 100 45 |[45, 3, 1]| | Bridgehead LE.SC2Replay|
441 100 45 |[45, 3, 1]| | Bridgehead LE.SC2Replay|
442 100 45 |[45, 3, 1]| | Bridgehead LE.SC2Replay|
443 100 45 |[45, 3, 1]| | Bridgehead LE.SC2Replay|
444 100 45 |[45, 3, 1]| | Bridgehead LE.SC2Replay|
445 100 45 |[45, 3, 1]| | Bridgehead LE.SC2Replay|
446 100 45 |[45, 3, 1]| | Bridgehead LE.SC2Replay|
447 100 45 |[45, 3, 2]| | Bridgehead LE.SC2Replay|
448 100 45 |[45, 3, 2]| | Bridgehead LE.SC2Replay|
449 100 45 |[45, 3, 2]| | Bridgehead LE.SC2Replay|
450 100 45 |[45, 3, 2]| | Bridgehead LE.SC2Replay|
451 100 45 |[45, 3, 2]| | Bridgehead LE.SC2Replay|
452 100 45 |[45, 3, 2]| | Bridgehead LE.SC2Replay|
453 100 45 |[45, 3, 2]| | Bridgehead LE.SC2Replay|
454 100 45 |[45, 3, 2]| | Bridgehead LE.SC2Replay|
455 100 45 |[45, 3, 2]| | Bridgehead LE.SC2Replay|
456 100 45 |[45, 3, 2]| | Bridgehead LE.SC2Replay|
457 100 45 |[45, 3, 2]| | Bridgehead LE.SC2Replay|
458 100 45 |[45, 3, 2]| | Bridgehead LE.SC2Replay|
459 100 45 |[45, 3, 2]| | Bridgehead LE.SC2Replay|
460 100 45 |[45, 3, 2]| | Bridgehead LE.SC2Replay|
461 100 45 |[45, 3, 2]| | Bridgehead LE.SC2Replay|
462 100 45 |[45, 3, 2]| | Bridgehead LE.SC2Replay|
463 100 45 |[45, 3, 2]| | Bridgehead LE.SC2Replay|
464 100 45 |[45, 3, 2]| | Bridgehead LE.SC2Replay|
465 100 45 |[45, 3, 2]| | Bridgehead LE.SC2Replay|
466 100 45 |[45, 3, 2]| | Bridgehead LE.SC2Replay|
467 100 45 |[45, 3, 2]| | Bridgehead LE.SC2Replay|
468 100 45 |[45, 3, 2]| | Bridgehead LE.SC2Replay|
469 100 45 |[45, 3, 2]| | Bridgehead LE.SC2Replay|
470 100 45 |[45, 3, 2]| | Bridgehead LE.SC2Replay|
471 100 45 |[45, 3, 2]| | Bridgehead LE.SC2Replay|
472 100 45 |[45, 3, 2]| | Bridgehead LE.SC2Replay|
473 100 45 |[45, 3, 2]| | Bridgehead LE.SC2Replay|
474 100 45 |[45, 3, 2]| | Bridgehead LE.SC2Replay|
475 100 46 |[46, 3, 2]| | Bridgehead LE.SC2Replay|
476 100 47 |[47, 3, 2]| | Bridgehead LE.SC2Replay|
477 100 48 |[48, 3, 2]| | Bridgehead LE.SC2Replay|
478 100 48 |[48, 3, 2]| | Bridgehead LE.SC2Replay|
479 100 48 |[48, 3, 2]| | Bridgehead LE.SC2Replay|
480 100 48 |[48, 3, 2]| | Bridgehead LE.SC2Replay|
481 100 48 |[48, 3, 2]| | Bridgehead LE.SC2Replay|
482 100 48 |[48, 3, 2]| | Bridgehead LE.SC2Replay|
483 100 48 |[48, 3, 2]| | Bridgehead LE.SC2Replay|
484 100 48 |[48, 3, 2]| | Bridgehead LE.SC2Replay|
485 100 48 |[48, 3, 2]| | Bridgehead LE.SC2Replay|
486 100 48 |[48, 3, 2]| | Bridgehead LE.SC2Replay|
487 100 48 |[48, 3, 2]| | Bridgehead LE.SC2Replay|
488 100 48 |[48, 3, 2]| | Bridgehead LE.SC2Replay|
489 100 48 |[48, 3, 2]| | Bridgehead LE.SC2Replay|
490 100 49 |[49, 3, 2]| | Bridgehead LE.SC2Replay|
491 100 50 |[50, 3, 2]| | Bridgehead LE.SC2Replay|
492 100 51 |[51, 3, 2]| | Bridgehead LE.SC2Replay|
493 100 52 |[52, 3, 2]| | Bridgehead LE.SC2Replay|
494 100 53 |[53, 3, 2]| | Bridgehead LE.SC2Replay|
495 100 53 |[53, 3, 2]| | Bridgehead LE.SC2Replay|
496 100 53 |[53, 3, 2]| | Bridgehead LE.SC2Replay|
497 100 53 |[53, 3, 2]| | Bridgehead LE.SC2Replay|
498 100 53 |[53, 3, 2]| | Bridgehead LE.SC2Replay|
499 100 53 |[53, 3, 2]| | Bridgehead LE.SC2Replay|
500 100 53 |[53, 3, 2]| | Bridgehead LE.SC2Replay|
501 100 53 |[53, 3, 2]| | Bridgehead LE.SC2Replay|
502 100 53 |[53, 3, 2]| | Bridgehead LE.SC2Replay|
503 100 53 |[53, 3, 2]| | Bridgehead LE.SC2Replay|
504 100 53 |[53, 3, 2]| | Bridgehead LE.SC2Replay|
505 100 53 |[53, 3, 2]| | Bridgehead LE.SC2Replay|
506 100 53 |[53, 3, 2]| | Bridgehead LE.SC2Replay|
507 100 53 |[53, 3, 2]| | Bridgehead LE.SC2Replay|
508 100 53 |[53, 3, 2]| | Bridgehead LE.SC2Replay|
509 100 53 |[53, 3, 2]| | Bridgehead LE.SC2Replay|
510 100 53 |[53, 3, 2]| | Bridgehead LE.SC2Replay|
511 100 53 |[53, 3, 2]| | Bridgehead LE.SC2Replay|
512 100 53 |[53, 3, 2]| | Bridgehead LE.SC2Replay|
513 100 53 |[53, 3, 2]| | Bridgehead LE.SC2Replay|
514 100 53 |[53, 3, 2]| | Bridgehead LE.SC2Replay|
515 100 54 |[54, 3, 2]| | Bridgehead LE.SC2Replay|
516 100 55 |[55, 3, 2]| | Bridgehead LE.SC2Replay|
517 100 56 |[56, 3, 2]| | Bridgehead LE.SC2Replay|
518 100 56 |[56, 3, 2]| | Bridgehead LE.SC2Replay|
519 100 56 |[56, 3, 2]| | Bridgehead LE.SC2Replay|
520 100 56 |[56, 3, 2]| | Bridgehead LE.SC2Replay|
521 100 56 |[56, 3, 2]| | Bridgehead LE.SC2Replay|
522 100 56 |[56, 4, 2]| | Bridgehead LE.SC2Replay|
523 100 56 |[56, 4, 2]| | Bridgehead LE.SC2Replay|
524 100 56 |[56, 4, 2]| | Bridgehead LE.SC2Replay|
525 100 56 |[56, 4, 2]| | Bridgehead LE.SC2Replay|
526 100 56 |[56, 4, 2]| | Bridgehead LE.SC2Replay|
527 100 56 |[56, 4, 2]| | Bridgehead LE.SC2Replay|
528 100 56 |[56, 4, 2]| | Bridgehead LE.SC2Replay|
529 100 56 |[56, 4, 2]| | Bridgehead LE.SC2Replay|
530 100 56 |[56, 4, 2]| | Bridgehead LE.SC2Replay|
531 100 56 |[56, 4, 2]| | Bridgehead LE.SC2Replay|
532 100 56 |[56, 4, 2]| | Bridgehead LE.SC2Replay|
533 100 57 |[57, 4, 2]| | Bridgehead LE.SC2Replay|
534 100 57 |[57, 4, 2]| | Bridgehead LE.SC2Replay|
535 100 57 |[57, 4, 2]| | Bridgehead LE.SC2Replay|
536 100 57 |[57, 4, 2]| | Bridgehead LE.SC2Replay|
537 100 57 |[57, 4, 2]| | Bridgehead LE.SC2Replay|
538 100 57 |[57, 4, 2]| | Bridgehead LE.SC2Replay|
539 100 57 |[57, 4, 2]| | Bridgehead LE.SC2Replay|
540 100 57 |[57, 4, 2]| | Bridgehead LE.SC2Replay|
541 100 58 |[58, 4, 2]| | Bridgehead LE.SC2Replay|
542 100 59 |[59, 4, 2]| | Bridgehead LE.SC2Replay|
543 100 59 |[59, 4, 2]| | Bridgehead LE.SC2Replay|
544 100 59 |[59, 4, 2]| | Bridgehead LE.SC2Replay|
545 100 59 |[59, 4, 2]| | Bridgehead LE.SC2Replay|
546 100 59 |[59, 4, 2]| | Bridgehead LE.SC2Replay|
547 100 59 |[59, 4, 2]| | Bridgehead LE.SC2Replay|
548 100 59 |[59, 4, 2]| | Bridgehead LE.SC2Replay|
549 100 60 |[60, 4, 2]| | Bridgehead LE.SC2Replay|
550 100 61 |[61, 4, 2]| | Bridgehead LE.SC2Replay|
551 100 62 |[62, 4, 2]| | Bridgehead LE.SC2Replay|
552 100 63 |[63, 4, 2]| | Bridgehead LE.SC2Replay|
553 100 64 |[64, 4, 2]| | Bridgehead LE.SC2Replay|
554 100 64 |[64, 4, 2]| | Bridgehead LE.SC2Replay|
555 100 64 |[64, 4, 2]| | Bridgehead LE.SC2Replay|
556 100 64 |[64, 4, 2]| | Bridgehead LE.SC2Replay|
557 100 64 |[64, 4, 2]| | Bridgehead LE.SC2Replay|
558 100 64 |[64, 4, 2]| | Bridgehead LE.SC2Replay|
559 100 64 |[64, 4, 2]| | Bridgehead LE.SC2Replay|
560 100 64 |[64, 4, 2]| | Bridgehead LE.SC2Replay|
561 100 64 |[64, 4, 2]| | Bridgehead LE.SC2Replay|
562 100 64 |[64, 4, 2]| | Bridgehead LE.SC2Replay|
563 100 64 |[64, 4, 2]| | Bridgehead LE.SC2Replay|
564 100 64 |[64, 4, 2]| | Bridgehead LE.SC2Replay|
565 100 64 |[64, 4, 2]| | Bridgehead LE.SC2Replay|
566 100 64 |[64, 4, 2]| | Bridgehead LE.SC2Replay|
567 100 64 |[64, 4, 2]| | Bridgehead LE.SC2Replay|
568 100 64 |[64, 4, 2]| | Bridgehead LE.SC2Replay|
569 100 64 |[64, 4, 2]| | Bridgehead LE.SC2Replay|
570 100 64 |[64, 4, 2]| | Bridgehead LE.SC2Replay|
571 100 64 |[64, 4, 2]| | Bridgehead LE.SC2Replay|
572 100 64 |[64, 4, 2]| | Bridgehead LE.SC2Replay|
573 100 64 |[64, 4, 2]| | Bridgehead LE.SC2Replay|
574 100 64 |[64, 4, 2]| | Bridgehead LE.SC2Replay|
575 100 64 |[64, 4, 2]| | Bridgehead LE.SC2Replay|
576 100 64 |[64, 4, 2]| | Bridgehead LE.SC2Replay|
577 100 64 |[64, 4, 2]| | Bridgehead LE.SC2Replay|
578 100 64 |[64, 4, 2]| | Bridgehead LE.SC2Replay|
579 100 64 |[64, 4, 2]| | Bridgehead LE.SC2Replay|
580 100 64 |[64, 4, 2]| | Bridgehead LE.SC2Replay|
581 100 64 |[64, 4, 2]| | Bridgehead LE.SC2Replay|
582 100 64 |[64, 4, 2]| | Bridgehead LE.SC2Replay|
583 100 64 |[64, 4, 2]| | Bridgehead LE.SC2Replay|
584 100 64 |[64, 4, 2]| | Bridgehead LE.SC2Replay|
585 100 64 |[64, 4, 2]| | Bridgehead LE.SC2Replay|
586 100 64 |[64, 5, 2]| | Bridgehead LE.SC2Replay|
587 100 64 |[64, 5, 2]| | Bridgehead LE.SC2Replay|
588 100 64 |[64, 5, 2]| | Bridgehead LE.SC2Replay|
589 100 64 |[64, 5, 2]| | Bridgehead LE.SC2Replay|
590 100 64 |[64, 5, 2]| | Bridgehead LE.SC2Replay|
591 100 65 |[65, 5, 2]| | Bridgehead LE.SC2Replay|
592 100 65 |[65, 5, 2]| | Bridgehead LE.SC2Replay|
593 100 65 |[65, 5, 2]| | Bridgehead LE.SC2Replay|
594 100 65 |[65, 5, 2]| | Bridgehead LE.SC2Replay|
595 100 65 |[65, 5, 2]| | Bridgehead LE.SC2Replay|
596 100 65 |[65, 5, 2]| | Bridgehead LE.SC2Replay|
597 100 65 |[65, 5, 2]| | Bridgehead LE.SC2Replay|
598 100 65 |[65, 5, 2]| | Bridgehead LE.SC2Replay|
599 100 66 |[66, 5, 2]| | Bridgehead LE.SC2Replay|
600 100 66 |[66, 5, 2]| | Bridgehead LE.SC2Replay|
601 100 67 |[67, 5, 2]| | Bridgehead LE.SC2Replay|
602 100 68 |[68, 5, 2]| | Bridgehead LE.SC2Replay|
603 100 68 |[68, 5, 2]| | Bridgehead LE.SC2Replay|
604 100 68 |[68, 5, 2]| | Bridgehead LE.SC2Replay|
605 100 68 |[68, 5, 2]| | Bridgehead LE.SC2Replay|
606 100 68 |[68, 5, 2]| | Bridgehead LE.SC2Replay|
607 100 68 |[68, 5, 2]| | Bridgehead LE.SC2Replay|
608 100 68 |[68, 5, 2]| | Bridgehead LE.SC2Replay|
609 100 68 |[68, 5, 2]| | Bridgehead LE.SC2Replay|
610 100 68 |[68, 5, 2]| | Bridgehead LE.SC2Replay|
611 100 68 |[68, 5, 2]| | Bridgehead LE.SC2Replay|
612 100 68 |[68, 5, 2]| | Bridgehead LE.SC2Replay|
613 100 68 |[68, 5, 2]| | Bridgehead LE.SC2Replay|
614 100 68 |[68, 5, 2]| | Bridgehead LE.SC2Replay|
615 100 68 |[68, 5, 2]| | Bridgehead LE.SC2Replay|
616 100 69 |[69, 5, 2]| | Bridgehead LE.SC2Replay|
617 100 69 |[69, 5, 2]| | Bridgehead LE.SC2Replay|
618 100 69 |[69, 5, 2]| | Bridgehead LE.SC2Replay|
619 100 69 |[69, 5, 2]| | Bridgehead LE.SC2Replay|
620 100 69 |[69, 5, 2]| | Bridgehead LE.SC2Replay|
621 100 69 |[69, 5, 2]| | Bridgehead LE.SC2Replay|
622 100 69 |[69, 5, 2]| | Bridgehead LE.SC2Replay|
623 100 69 |[69, 5, 2]| | Bridgehead LE.SC2Replay|
624 100 69 |[69, 5, 2]| | Bridgehead LE.SC2Replay|
625 100 69 |[69, 5, 2]| | Bridgehead LE.SC2Replay|
626 100 69 |[69, 5, 2]| | Bridgehead LE.SC2Replay|
627 100 69 |[69, 5, 2]| | Bridgehead LE.SC2Replay|
628 100 69 |[69, 5, 2]| | Bridgehead LE.SC2Replay|
629 100 69 |[69, 5, 3]| | Bridgehead LE.SC2Replay|
630 100 69 |[69, 5, 3]| | Bridgehead LE.SC2Replay|
631 100 69 |[69, 5, 3]| | Bridgehead LE.SC2Replay|
632 100 69 |[69, 5, 3]| | Bridgehead LE.SC2Replay|
633 100 69 |[69, 5, 3]| | Bridgehead LE.SC2Replay|
634 100 69 |[69, 5, 3]| | Bridgehead LE.SC2Replay|
635 100 69 |[69, 5, 3]| | Bridgehead LE.SC2Replay|
636 100 69 |[69, 5, 3]| | Bridgehead LE.SC2Replay|
637 100 69 |[69, 5, 3]| | Bridgehead LE.SC2Replay|
638 100 69 |[69, 5, 3]| | Bridgehead LE.SC2Replay|
639 100 69 |[69, 5, 3]| | Bridgehead LE.SC2Replay|
640 100 69 |[69, 5, 3]| | Bridgehead LE.SC2Replay|
641 100 69 |[69, 5, 3]| | Bridgehead LE.SC2Replay|
642 100 69 |[69, 5, 3]| | Bridgehead LE.SC2Replay|
643 100 69 |[69, 5, 3]| | Bridgehead LE.SC2Replay|
644 100 69 |[69, 5, 3]| | Bridgehead LE.SC2Replay|
645 100 69 |[69, 5, 3]| | Bridgehead LE.SC2Replay|
646 100 69 |[69, 5, 3]| | Bridgehead LE.SC2Replay|
647 100 69 |[69, 5, 3]| | Bridgehead LE.SC2Replay|
648 100 69 |[69, 5, 3]| | Bridgehead LE.SC2Replay|
649 100 69 |[69, 5, 3]| | Bridgehead LE.SC2Replay|
650 100 69 |[69, 5, 3]| | Bridgehead LE.SC2Replay|
651 100 69 |[69, 5, 3]| | Bridgehead LE.SC2Replay|
652 100 69 |[69, 5, 3]| | Bridgehead LE.SC2Replay|
653 100 69 |[69, 5, 3]| | Bridgehead LE.SC2Replay|
654 100 69 |[69, 5, 3]| | Bridgehead LE.SC2Replay|
655 100 69 |[69, 5, 3]| | Bridgehead LE.SC2Replay|
656 100 69 |[69, 5, 3]| | Bridgehead LE.SC2Replay|
657 100 69 |[69, 5, 3]| | Bridgehead LE.SC2Replay|
658 100 69 |[69, 5, 3]| | Bridgehead LE.SC2Replay|
659 100 69 |[69, 5, 3]| | Bridgehead LE.SC2Replay|
660 100 69 |[69, 5, 3]| | Bridgehead LE.SC2Replay|
661 100 69 |[69, 5, 3]| | Bridgehead LE.SC2Replay|
662 100 69 |[69, 5, 3]| | Bridgehead LE.SC2Replay|
663 100 69 |[69, 5, 3]| | Bridgehead LE.SC2Replay|
664 100 69 |[69, 5, 3]| | Bridgehead LE.SC2Replay|
665 100 69 |[69, 5, 3]| | Bridgehead LE.SC2Replay|
666 100 69 |[69, 5, 3]| | Bridgehead LE.SC2Replay|
667 100 69 |[69, 5, 3]| | Bridgehead LE.SC2Replay|
668 100 69 |[69, 5, 3]| | Bridgehead LE.SC2Replay|
669 100 69 |[69, 5, 3]| | Bridgehead LE.SC2Replay|
670 100 69 |[69, 5, 3]| | Bridgehead LE.SC2Replay|
671 100 69 |[69, 5, 3]| | Bridgehead LE.SC2Replay|
672 100 69 |[69, 5, 3]| | Bridgehead LE.SC2Replay|
673 100 69 |[69, 5, 3]| | Bridgehead LE.SC2Replay|
674 100 69 |[69, 5, 3]| | Bridgehead LE.SC2Replay|
675 100 69 |[69, 5, 3]| | Bridgehead LE.SC2Replay|
676 100 69 |[69, 5, 3]| | Bridgehead LE.SC2Replay|
677 100 69 |[69, 5, 3]| | Bridgehead LE.SC2Replay|
678 100 69 |[69, 5, 3]| | Bridgehead LE.SC2Replay|
679 100 69 |[69, 5, 3]| | Bridgehead LE.SC2Replay|
680 100 69 |[69, 5, 3]| | Bridgehead LE.SC2Replay|
681 100 69 |[69, 5, 3]| | Bridgehead LE.SC2Replay|
682 100 69 |[69, 5, 3]| | Bridgehead LE.SC2Replay|
683 100 69 |[69, 5, 3]| | Bridgehead LE.SC2Replay|
684 100 69 |[69, 5, 3]| | Bridgehead LE.SC2Replay|
685 100 69 |[69, 5, 3]| | Bridgehead LE.SC2Replay|
686 100 69 |[69, 5, 3]| | Bridgehead LE.SC2Replay|
687 100 69 |[69, 5, 3]| | Bridgehead LE.SC2Replay|
688 100 69 |[69, 5, 3]| | Bridgehead LE.SC2Replay|
689 100 69 |[69, 5, 3]| | Bridgehead LE.SC2Replay|
690 100 69 |[69, 5, 3]| | Bridgehead LE.SC2Replay|
691 100 69 |[69, 5, 3]| | Bridgehead LE.SC2Replay|
692 100 69 |[69, 5, 3]| | Bridgehead LE.SC2Replay|
693 100 69 |[69, 5, 3]| | Bridgehead LE.SC2Replay|
694 100 69 |[69, 5, 3]| | Bridgehead LE.SC2Replay|
695 100 69 |[69, 5, 3]| | Bridgehead LE.SC2Replay|
696 100 69 |[69, 5, 3]| | Bridgehead LE.SC2Replay|
697 100 69 |[69, 5, 3]| | Bridgehead LE.SC2Replay|
698 100 69 |[69, 5, 3]| | Bridgehead LE.SC2Replay|
699 100 69 |[69, 5, 3]| | Bridgehead LE.SC2Replay|
700 100 69 |[69, 5, 3]| | Bridgehead LE.SC2Replay|
701 100 69 |[69, 5, 3]| | Bridgehead LE.SC2Replay|
702 100 69 |[69, 5, 3]| | Bridgehead LE.SC2Replay|
703 100 69 |[69, 5, 3]| | Bridgehead LE.SC2Replay|
704 100 69 |[69, 5, 3]| | Bridgehead LE.SC2Replay|
705 100 69 |[69, 5, 3]| | Bridgehead LE.SC2Replay|
706 100 69 |[69, 5, 3]| | Bridgehead LE.SC2Replay|
707 100 69 |[69, 5, 3]| | Bridgehead LE.SC2Replay|
708 100 69 |[69, 5, 3]| | Bridgehead LE.SC2Replay|
709 100 69 |[69, 5, 3]| | Bridgehead LE.SC2Replay|
710 100 69 |[69, 5, 3]| | Bridgehead LE.SC2Replay|
711 100 69 |[69, 5, 3]| | Bridgehead LE.SC2Replay|
712 100 69 |[69, 5, 3]| | Bridgehead LE.SC2Replay|
713 100 69 |[69, 5, 3]| | Bridgehead LE.SC2Replay|
714 100 69 |[69, 5, 3]| | Bridgehead LE.SC2Replay|
715 100 69 |[69, 5, 3]| | Bridgehead LE.SC2Replay|
716 100 69 |[69, 5, 3]| | Bridgehead LE.SC2Replay|
717 100 69 |[69, 5, 3]| | Bridgehead LE.SC2Replay|
718 100 69 |[69, 5, 3]| | Bridgehead LE.SC2Replay|
719 100 69 |[69, 5, 3]| | Bridgehead LE.SC2Replay|
720 100 69 |[69, 5, 3]| | Bridgehead LE.SC2Replay|
721 100 69 |[69, 5, 3]| | Bridgehead LE.SC2Replay|
722 100 69 |[69, 5, 3]| | Bridgehead LE.SC2Replay|
723 100 69 |[69, 5, 3]| | Bridgehead LE.SC2Replay|
724 100 69 |[69, 5, 3]| | Bridgehead LE.SC2Replay|
725 100 69 |[69, 5, 3]| | Bridgehead LE.SC2Replay|
726 100 69 |[69, 5, 3]| | Bridgehead LE.SC2Replay|
727 100 69 |[69, 5, 3]| | Bridgehead LE.SC2Replay|
728 100 69 |[69, 5, 3]| | Bridgehead LE.SC2Replay|
729 100 69 |[69, 5, 3]| | Bridgehead LE.SC2Replay|
730 100 69 |[69, 5, 3]| | Bridgehead LE.SC2Replay|
731 100 69 |[69, 5, 3]| | Bridgehead LE.SC2Replay|
732 100 69 |[69, 5, 3]| | Bridgehead LE.SC2Replay|
733 100 69 |[69, 5, 3]| | Bridgehead LE.SC2Replay|
734 100 69 |[69, 5, 3]| | Bridgehead LE.SC2Replay|
735 100 69 |[69, 5, 3]| | Bridgehead LE.SC2Replay|
736 100 69 |[69, 5, 3]| | Bridgehead LE.SC2Replay|
737 100 69 |[69, 5, 3]| | Bridgehead LE.SC2Replay|
738 100 69 |[69, 5, 3]| | Bridgehead LE.SC2Replay|
739 100 69 |[69, 5, 3]| | Bridgehead LE.SC2Replay|
740 100 69 |[69, 5, 4]| | Bridgehead LE.SC2Replay|
741 100 69 |[69, 5, 4]| | Bridgehead LE.SC2Replay|
742 100 69 |[69, 5, 4]| | Bridgehead LE.SC2Replay|
743 100 69 |[69, 5, 4]| | Bridgehead LE.SC2Replay|
744 100 69 |[69, 5, 4]| | Bridgehead LE.SC2Replay|
745 100 69 |[69, 5, 4]| | Bridgehead LE.SC2Replay|
746 100 69 |[69, 5, 4]| | Bridgehead LE.SC2Replay|
747 100 69 |[69, 5, 4]| | Bridgehead LE.SC2Replay|
748 100 69 |[69, 5, 4]| | Bridgehead LE.SC2Replay|
749 100 69 |[69, 5, 4]| | Bridgehead LE.SC2Replay|
750 100 69 |[69, 5, 4]| | Bridgehead LE.SC2Replay|
751 100 69 |[69, 5, 4]| | Bridgehead LE.SC2Replay|
752 100 69 |[69, 5, 4]| | Bridgehead LE.SC2Replay|
753 100 70 |[70, 5, 4]| | Bridgehead LE.SC2Replay|
754 100 70 |[70, 5, 4]| | Bridgehead LE.SC2Replay|
755 100 70 |[70, 5, 4]| | Bridgehead LE.SC2Replay|
756 100 70 |[70, 5, 4]| | Bridgehead LE.SC2Replay|
757 100 70 |[70, 5, 4]| | Bridgehead LE.SC2Replay|
758 100 70 |[70, 5, 4]| | Bridgehead LE.SC2Replay|
759 100 70 |[70, 5, 4]| | Bridgehead LE.SC2Replay|
760 100 70 |[70, 5, 4]| | Bridgehead LE.SC2Replay|
761 100 70 |[70, 5, 4]| | Bridgehead LE.SC2Replay|
762 100 70 |[70, 5, 4]| | Bridgehead LE.SC2Replay|
763 100 70 |[70, 5, 4]| | Bridgehead LE.SC2Replay|
764 100 70 |[70, 5, 4]| | Bridgehead LE.SC2Replay|
765 100 70 |[70, 5, 4]| | Bridgehead LE.SC2Replay|
766 100 70 |[70, 5, 4]| | Bridgehead LE.SC2Replay|
767 100 70 |[70, 5, 4]| | Bridgehead LE.SC2Replay|
768 100 70 |[70, 5, 4]| | Bridgehead LE.SC2Replay|
769 100 70 |[70, 5, 4]| | Bridgehead LE.SC2Replay|
770 100 70 |[70, 5, 4]| | Bridgehead LE.SC2Replay|
771 100 70 |[70, 5, 4]| | Bridgehead LE.SC2Replay|
772 100 70 |[70, 5, 4]| | Bridgehead LE.SC2Replay|
773 100 70 |[70, 5, 4]| | Bridgehead LE.SC2Replay|
774 100 70 |[70, 5, 4]| | Bridgehead LE.SC2Replay|
775 100 70 |[70, 5, 4]| | Bridgehead LE.SC2Replay|
776 100 70 |[70, 5, 4]| | Bridgehead LE.SC2Replay|
777 100 70 |[70, 5, 4]| | Bridgehead LE.SC2Replay|
778 100 70 |[70, 5, 4]| | Bridgehead LE.SC2Replay|
779 100 70 |[70, 5, 4]| | Bridgehead LE.SC2Replay|
780 100 70 |[70, 5, 4]| | Bridgehead LE.SC2Replay|
781 100 70 |[70, 5, 4]| | Bridgehead LE.SC2Replay|
782 100 70 |[70, 5, 4]| | Bridgehead LE.SC2Replay|
783 100 70 |[70, 5, 4]| | Bridgehead LE.SC2Replay|
784 100 70 |[70, 5, 4]| | Bridgehead LE.SC2Replay|
785 100 70 |[70, 5, 4]| | Bridgehead LE.SC2Replay|
786 100 70 |[70, 5, 4]| | Bridgehead LE.SC2Replay|
787 100 70 |[70, 5, 4]| | Bridgehead LE.SC2Replay|
788 100 70 |[70, 5, 4]| | Bridgehead LE.SC2Replay|
789 100 70 |[70, 5, 4]| | Bridgehead LE.SC2Replay|
790 100 70 |[70, 5, 4]| | Bridgehead LE.SC2Replay|
791 100 70 |[70, 5, 4]| | Bridgehead LE.SC2Replay|
792 100 70 |[70, 5, 4]| | Bridgehead LE.SC2Replay|
793 100 70 |[70, 5, 4]| | Bridgehead LE.SC2Replay|
794 100 70 |[70, 5, 4]| | Bridgehead LE.SC2Replay|
795 100 70 |[70, 5, 4]| | Bridgehead LE.SC2Replay|
796 100 70 |[70, 5, 4]| | Bridgehead LE.SC2Replay|
797 100 70 |[70, 5, 4]| | Bridgehead LE.SC2Replay|
798 100 70 |[70, 5, 4]| | Bridgehead LE.SC2Replay|
799 100 70 |[70, 5, 4]| | Bridgehead LE.SC2Replay|
800 100 70 |[70, 5, 4]| | Bridgehead LE.SC2Replay|
801 100 70 |[70, 5, 4]| | Bridgehead LE.SC2Replay|
802 100 70 |[70, 5, 4]| | Bridgehead LE.SC2Replay|
803 100 70 |[70, 5, 4]| | Bridgehead LE.SC2Replay|
804 100 70 |[70, 5, 4]| | Bridgehead LE.SC2Replay|
805 100 70 |[70, 5, 4]| | Bridgehead LE.SC2Replay|
806 100 70 |[70, 5, 4]| | Bridgehead LE.SC2Replay|
807 100 70 |[70, 5, 4]| | Bridgehead LE.SC2Replay|
808 100 70 |[70, 5, 4]| | Bridgehead LE.SC2Replay|
809 100 70 |[70, 5, 4]| | Bridgehead LE.SC2Replay|
810 100 70 |[70, 5, 4]| | Bridgehead LE.SC2Replay|
811 100 70 |[70, 5, 4]| | Bridgehead LE.SC2Replay|
812 100 70 |[70, 5, 4]| | Bridgehead LE.SC2Replay|
813 100 70 |[70, 5, 4]| | Bridgehead LE.SC2Replay|
814 100 70 |[70, 5, 4]| | Bridgehead LE.SC2Replay|
815 100 70 |[70, 5, 4]| | Bridgehead LE.SC2Replay|
816 100 70 |[70, 5, 4]| | Bridgehead LE.SC2Replay|
817 100 70 |[70, 5, 4]| | Bridgehead LE.SC2Replay|
818 100 70 |[70, 5, 4]| | Bridgehead LE.SC2Replay|
819 100 70 |[70, 5, 4]| | Bridgehead LE.SC2Replay|
820 100 70 |[70, 5, 4]| | Bridgehead LE.SC2Replay|
821 100 70 |[70, 5, 4]| | Bridgehead LE.SC2Replay|
822 100 70 |[70, 5, 4]| | Bridgehead LE.SC2Replay|
823 100 70 |[70, 5, 4]| | Bridgehead LE.SC2Replay|
824 100 70 |[70, 5, 4]| | Bridgehead LE.SC2Replay|
825 100 70 |[70, 5, 4]| | Bridgehead LE.SC2Replay|
826 100 70 |[70, 5, 4]| | Bridgehead LE.SC2Replay|
827 100 70 |[70, 5, 4]| | Bridgehead LE.SC2Replay|
828 100 70 |[70, 5, 4]| | Bridgehead LE.SC2Replay|
829 100 70 |[70, 5, 4]| | Bridgehead LE.SC2Replay|
830 100 70 |[70, 5, 4]| | Bridgehead LE.SC2Replay|
831 100 70 |[70, 5, 4]| | Bridgehead LE.SC2Replay|
832 100 70 |[70, 5, 4]| | Bridgehead LE.SC2Replay|
833 100 70 |[70, 5, 4]| | Bridgehead LE.SC2Replay|
834 100 70 |[70, 5, 4]| | Bridgehead LE.SC2Replay|
835 100 70 |[70, 5, 4]| | Bridgehead LE.SC2Replay|
836 100 70 |[70, 5, 4]| | Bridgehead LE.SC2Replay|
837 100 70 |[70, 5, 4]| | Bridgehead LE.SC2Replay|
838 100 70 |[70, 5, 4]| | Bridgehead LE.SC2Replay|
839 100 70 |[70, 5, 4]| | Bridgehead LE.SC2Replay|
840 100 70 |[70, 5, 4]| | Bridgehead LE.SC2Replay|
841 100 70 |[70, 5, 4]| | Bridgehead LE.SC2Replay|
842 100 70 |[70, 5, 4]| | Bridgehead LE.SC2Replay|
843 100 70 |[70, 5, 4]| | Bridgehead LE.SC2Replay|
844 100 70 |[70, 5, 4]| | Bridgehead LE.SC2Replay|
845 100 70 |[70, 5, 4]| | Bridgehead LE.SC2Replay|
846 100 70 |[70, 5, 4]| | Bridgehead LE.SC2Replay|
847 100 70 |[70, 5, 4]| | Bridgehead LE.SC2Replay|
848 100 70 |[70, 5, 4]| | Bridgehead LE.SC2Replay|
849 100 70 |[70, 5, 4]| | Bridgehead LE.SC2Replay|
850 100 70 |[70, 5, 4]| | Bridgehead LE.SC2Replay|
851 100 70 |[70, 5, 4]| | Bridgehead LE.SC2Replay|
852 100 70 |[70, 5, 4]| | Bridgehead LE.SC2Replay|
853 100 70 |[70, 5, 4]| | Bridgehead LE.SC2Replay|
854 100 70 |[70, 5, 4]| | Bridgehead LE.SC2Replay|
855 100 70 |[70, 5, 4]| | Bridgehead LE.SC2Replay|
856 100 70 |[70, 5, 4]| | Bridgehead LE.SC2Replay|
857 100 70 |[70, 5, 4]| | Bridgehead LE.SC2Replay|
858 100 70 |[70, 5, 4]| | Bridgehead LE.SC2Replay|
859 100 70 |[70, 5, 4]| | Bridgehead LE.SC2Replay|
860 100 70 |[70, 5, 4]| | Bridgehead LE.SC2Replay|
861 100 70 |[70, 5, 4]| | Bridgehead LE.SC2Replay|
862 100 70 |[70, 5, 4]| | Bridgehead LE.SC2Replay|
863 100 70 |[70, 5, 4]| | Bridgehead LE.SC2Replay|
864 100 70 |[70, 5, 4]| | Bridgehead LE.SC2Replay|
865 100 70 |[70, 5, 4]| | Bridgehead LE.SC2Replay|
866 100 70 |[70, 5, 4]| | Bridgehead LE.SC2Replay|
867 100 70 |[70, 5, 4]| | Bridgehead LE.SC2Replay|
868 100 70 |[70, 5, 4]| | Bridgehead LE.SC2Replay|
869 100 70 |[70, 5, 4]| | Bridgehead LE.SC2Replay|
870 100 70 |[70, 5, 4]| | Bridgehead LE.SC2Replay|
871 100 70 |[70, 5, 4]| | Bridgehead LE.SC2Replay|
872 100 70 |[70, 5, 4]| | Bridgehead LE.SC2Replay|
873 100 70 |[70, 5, 4]| | Bridgehead LE.SC2Replay|
874 100 70 |[70, 5, 4]| | Bridgehead LE.SC2Replay|
875 100 70 |[70, 5, 4]| | Bridgehead LE.SC2Replay|
876 100 70 |[70, 5, 4]| | Bridgehead LE.SC2Replay|
877 100 70 |[70, 5, 4]| | Bridgehead LE.SC2Replay|
878 100 70 |[70, 5, 4]| | Bridgehead LE.SC2Replay|
879 100 70 |[70, 5, 4]| | Bridgehead LE.SC2Replay|
880 100 70 |[70, 6, 4]| | Bridgehead LE.SC2Replay|
881 100 70 |[70, 6, 4]| | Bridgehead LE.SC2Replay|
882 100 70 |[70, 6, 4]| | Bridgehead LE.SC2Replay|
883 100 70 |[70, 6, 4]| | Bridgehead LE.SC2Replay|
884 100 70 |[70, 6, 4]| | Bridgehead LE.SC2Replay|
885 100 70 |[70, 6, 4]| | Bridgehead LE.SC2Replay|
886 100 70 |[70, 6, 4]| | Bridgehead LE.SC2Replay|
887 100 70 |[70, 6, 4]| | Bridgehead LE.SC2Replay|
888 100 70 |[70, 6, 4]| | Bridgehead LE.SC2Replay|
889 100 70 |[70, 6, 4]| | Bridgehead LE.SC2Replay|
890 100 70 |[70, 6, 4]| | Bridgehead LE.SC2Replay|
891 100 70 |[70, 6, 4]| | Bridgehead LE.SC2Replay|
892 100 70 |[70, 6, 4]| | Bridgehead LE.SC2Replay|
893 100 70 |[70, 6, 4]| | Bridgehead LE.SC2Replay|
894 100 70 |[70, 6, 4]| | Bridgehead LE.SC2Replay|
895 100 70 |[70, 6, 4]| | Bridgehead LE.SC2Replay|
896 100 70 |[70, 6, 4]| | Bridgehead LE.SC2Replay|
897 100 70 |[70, 6, 4]| | Bridgehead LE.SC2Replay|
898 100 70 |[70, 6, 4]| | Bridgehead LE.SC2Replay|
899 100 70 |[70, 6, 4]| | Bridgehead LE.SC2Replay|
900 100 70 |[70, 6, 4]| | Bridgehead LE.SC2Replay|
901 100 70 |[70, 6, 4]| | Bridgehead LE.SC2Replay|
902 100 70 |[70, 6, 4]| | Bridgehead LE.SC2Replay|
903 100 70 |[70, 6, 4]| | Bridgehead LE.SC2Replay|
904 100 70 |[70, 6, 4]| | Bridgehead LE.SC2Replay|
905 100 70 |[70, 6, 4]| | Bridgehead LE.SC2Replay|
906 100 70 |[70, 6, 4]| | Bridgehead LE.SC2Replay|
907 100 70 |[70, 6, 4]| | Bridgehead LE.SC2Replay|
908 100 70 |[70, 6, 4]| | Bridgehead LE.SC2Replay|
