0 0 1 |[1, 0, 0]| | Terraform LE.SC2Replay|
1 0 1 |[1, 0, 0]| | Terraform LE.SC2Replay|
2 0 1 |[1, 0, 0]| | Terraform LE.SC2Replay|
3 0 1 |[1, 0, 0]| | Terraform LE.SC2Replay|
4 0 1 |[1, 0, 0]| | Terraform LE.SC2Replay|
5 0 1 |[1, 0, 0]| | Terraform LE.SC2Replay|
6 0 1 |[1, 0, 0]| | Terraform LE.SC2Replay|
7 0 1 |[1, 0, 0]| | Terraform LE.SC2Replay|
8 0 1 |[1, 0, 0]| | Terraform LE.SC2Replay|
9 0 1 |[1, 0, 0]| | Terraform LE.SC2Replay|
10 0 1 |[1, 0, 0]| | Terraform LE.SC2Replay|
11 0 1 |[1, 0, 0]| | Terraform LE.SC2Replay|
12 0 1 |[1, 0, 0]| | Terraform LE.SC2Replay|
13 0 1 |[1, 0, 0]| | Terraform LE.SC2Replay|
14 0 1 |[1, 0, 0]| | Terraform LE.SC2Replay|
15 0 1 |[1, 0, 0]| | Terraform LE.SC2Replay|
16 0 2 |[2, 0, 0]| | Terraform LE.SC2Replay|
17 0 2 |[2, 0, 0]| | Terraform LE.SC2Replay|
18 0 2 |[2, 0, 0]| | Terraform LE.SC2Replay|
19 0 2 |[2, 0, 0]| | Terraform LE.SC2Replay|
20 0 2 |[2, 0, 0]| | Terraform LE.SC2Replay|
21 0 2 |[2, 0, 0]| | Terraform LE.SC2Replay|
22 0 2 |[2, 0, 0]| | Terraform LE.SC2Replay|
23 0 2 |[2, 0, 0]| | Terraform LE.SC2Replay|
24 0 2 |[2, 0, 0]| | Terraform LE.SC2Replay|
25 0 2 |[2, 0, 0]| | Terraform LE.SC2Replay|
26 0 2 |[2, 0, 0]| | Terraform LE.SC2Replay|
27 0 3 |[3, 0, 0]| | Terraform LE.SC2Replay|
28 0 3 |[3, 0, 0]| | Terraform LE.SC2Replay|
29 0 3 |[3, 0, 0]| | Terraform LE.SC2Replay|
30 0 3 |[3, 0, 0]| | Terraform LE.SC2Replay|
31 0 3 |[3, 0, 0]| | Terraform LE.SC2Replay|
32 0 3 |[3, 0, 0]| | Terraform LE.SC2Replay|
33 0 3 |[3, 0, 0]| | Terraform LE.SC2Replay|
34 0 3 |[3, 0, 0]| | Terraform LE.SC2Replay|
35 0 3 |[3, 0, 0]| | Terraform LE.SC2Replay|
36 0 3 |[3, 0, 0]| | Terraform LE.SC2Replay|
37 0 3 |[3, 0, 0]| | Terraform LE.SC2Replay|
38 0 3 |[3, 0, 0]| | Terraform LE.SC2Replay|
39 0 3 |[3, 0, 0]| | Terraform LE.SC2Replay|
40 0 3 |[3, 0, 0]| | Terraform LE.SC2Replay|
41 0 3 |[3, 0, 0]| | Terraform LE.SC2Replay|
42 0 3 |[3, 0, 0]| | Terraform LE.SC2Replay|
43 0 3 |[3, 0, 0]| | Terraform LE.SC2Replay|
44 0 3 |[3, 0, 0]| | Terraform LE.SC2Replay|
45 0 3 |[3, 0, 0]| | Terraform LE.SC2Replay|
46 0 3 |[3, 0, 0]| | Terraform LE.SC2Replay|
47 0 3 |[3, 0, 0]| | Terraform LE.SC2Replay|
48 0 3 |[3, 0, 0]| | Terraform LE.SC2Replay|
49 0 3 |[3, 0, 0]| | Terraform LE.SC2Replay|
50 0 3 |[3, 0, 0]| | Terraform LE.SC2Replay|
51 0 3 |[3, 0, 0]| | Terraform LE.SC2Replay|
52 0 3 |[3, 0, 0]| | Terraform LE.SC2Replay|
53 0 3 |[3, 0, 0]| | Terraform LE.SC2Replay|
54 0 4 |[4, 0, 0]| | Terraform LE.SC2Replay|
55 0 4 |[4, 0, 0]| | Terraform LE.SC2Replay|
56 0 4 |[4, 0, 0]| | Terraform LE.SC2Replay|
57 0 4 |[4, 0, 0]| | Terraform LE.SC2Replay|
58 0 4 |[4, 0, 0]| | Terraform LE.SC2Replay|
59 0 4 |[4, 0, 0]| | Terraform LE.SC2Replay|
60 0 4 |[4, 0, 0]| | Terraform LE.SC2Replay|
61 0 4 |[4, 0, 0]| | Terraform LE.SC2Replay|
62 0 4 |[4, 0, 0]| | Terraform LE.SC2Replay|
63 0 4 |[4, 0, 0]| | Terraform LE.SC2Replay|
64 0 4 |[4, 0, 0]| | Terraform LE.SC2Replay|
65 0 4 |[4, 0, 0]| | Terraform LE.SC2Replay|
66 0 4 |[4, 0, 0]| | Terraform LE.SC2Replay|
67 0 4 |[4, 0, 0]| | Terraform LE.SC2Replay|
68 0 4 |[4, 0, 0]| | Terraform LE.SC2Replay|
69 0 4 |[4, 0, 0]| | Terraform LE.SC2Replay|
70 0 5 |[5, 0, 0]| | Terraform LE.SC2Replay|
71 0 6 |[6, 0, 0]| | Terraform LE.SC2Replay|
72 0 6 |[6, 0, 0]| | Terraform LE.SC2Replay|
73 0 6 |[6, 0, 0]| | Terraform LE.SC2Replay|
74 0 6 |[6, 0, 0]| | Terraform LE.SC2Replay|
75 0 6 |[6, 0, 0]| | Terraform LE.SC2Replay|
76 0 6 |[6, 0, 0]| | Terraform LE.SC2Replay|
77 0 7 |[7, 0, 0]| | Terraform LE.SC2Replay|
78 0 7 |[7, 0, 0]| | Terraform LE.SC2Replay|
79 0 7 |[7, 0, 0]| | Terraform LE.SC2Replay|
80 0 7 |[7, 0, 0]| | Terraform LE.SC2Replay|
81 0 7 |[7, 0, 0]| | Terraform LE.SC2Replay|
82 0 7 |[7, 0, 0]| | Terraform LE.SC2Replay|
83 0 7 |[7, 0, 0]| | Terraform LE.SC2Replay|
84 0 7 |[7, 0, 0]| | Terraform LE.SC2Replay|
85 0 7 |[7, 0, 0]| | Terraform LE.SC2Replay|
86 0 7 |[7, 0, 0]| | Terraform LE.SC2Replay|
87 0 7 |[7, 0, 0]| | Terraform LE.SC2Replay|
88 0 7 |[7, 0, 0]| | Terraform LE.SC2Replay|
89 0 7 |[7, 0, 0]| | Terraform LE.SC2Replay|
90 0 7 |[7, 0, 0]| | Terraform LE.SC2Replay|
91 0 7 |[7, 0, 0]| | Terraform LE.SC2Replay|
92 0 8 |[8, 0, 0]| | Terraform LE.SC2Replay|
93 0 8 |[8, 0, 0]| | Terraform LE.SC2Replay|
94 0 8 |[8, 0, 0]| | Terraform LE.SC2Replay|
95 0 8 |[8, 0, 0]| | Terraform LE.SC2Replay|
96 0 8 |[8, 0, 0]| | Terraform LE.SC2Replay|
97 0 8 |[8, 0, 0]| | Terraform LE.SC2Replay|
98 0 8 |[8, 0, 0]| | Terraform LE.SC2Replay|
99 0 8 |[8, 0, 0]| | Terraform LE.SC2Replay|
100 0 8 |[8, 0, 0]| | Terraform LE.SC2Replay|
101 0 8 |[8, 0, 0]| | Terraform LE.SC2Replay|
102 0 8 |[8, 0, 0]| | Terraform LE.SC2Replay|
103 0 8 |[8, 0, 0]| | Terraform LE.SC2Replay|
104 0 8 |[8, 0, 0]| | Terraform LE.SC2Replay|
105 0 8 |[8, 0, 0]| | Terraform LE.SC2Replay|
106 0 8 |[8, 0, 0]| | Terraform LE.SC2Replay|
107 0 9 |[9, 0, 0]| | Terraform LE.SC2Replay|
108 0 9 |[9, 0, 0]| | Terraform LE.SC2Replay|
109 0 9 |[9, 0, 0]| | Terraform LE.SC2Replay|
110 0 9 |[9, 0, 0]| | Terraform LE.SC2Replay|
111 0 9 |[9, 0, 0]| | Terraform LE.SC2Replay|
112 0 9 |[9, 0, 0]| | Terraform LE.SC2Replay|
113 0 9 |[9, 0, 0]| | Terraform LE.SC2Replay|
114 0 9 |[9, 0, 0]| | Terraform LE.SC2Replay|
115 0 9 |[9, 0, 0]| | Terraform LE.SC2Replay|
116 0 9 |[9, 0, 0]| | Terraform LE.SC2Replay|
117 0 9 |[9, 0, 0]| | Terraform LE.SC2Replay|
118 0 9 |[9, 0, 0]| | Terraform LE.SC2Replay|
119 0 9 |[9, 0, 0]| | Terraform LE.SC2Replay|
120 0 9 |[9, 0, 0]| | Terraform LE.SC2Replay|
121 0 9 |[9, 0, 0]| | Terraform LE.SC2Replay|
122 0 10 |[10, 0, 0]| | Terraform LE.SC2Replay|
123 0 10 |[10, 0, 0]| | Terraform LE.SC2Replay|
124 0 10 |[10, 0, 0]| | Terraform LE.SC2Replay|
125 0 10 |[10, 0, 0]| | Terraform LE.SC2Replay|
126 0 10 |[10, 0, 0]| | Terraform LE.SC2Replay|
127 0 10 |[10, 0, 0]| | Terraform LE.SC2Replay|
128 0 10 |[10, 0, 0]| | Terraform LE.SC2Replay|
129 0 10 |[10, 0, 0]| | Terraform LE.SC2Replay|
130 0 10 |[10, 0, 0]| | Terraform LE.SC2Replay|
131 0 10 |[10, 0, 0]| | Terraform LE.SC2Replay|
132 0 10 |[10, 0, 0]| | Terraform LE.SC2Replay|
133 0 10 |[10, 0, 0]| | Terraform LE.SC2Replay|
134 0 10 |[10, 0, 0]| | Terraform LE.SC2Replay|
135 0 10 |[10, 0, 0]| | Terraform LE.SC2Replay|
136 0 10 |[10, 0, 0]| | Terraform LE.SC2Replay|
137 0 10 |[10, 0, 0]| | Terraform LE.SC2Replay|
138 0 10 |[10, 0, 0]| | Terraform LE.SC2Replay|
139 0 10 |[10, 0, 0]| | Terraform LE.SC2Replay|
140 0 10 |[10, 0, 0]| | Terraform LE.SC2Replay|
141 0 10 |[10, 0, 0]| | Terraform LE.SC2Replay|
142 0 10 |[10, 0, 0]| | Terraform LE.SC2Replay|
143 0 10 |[10, 0, 0]| | Terraform LE.SC2Replay|
144 0 10 |[10, 0, 0]| | Terraform LE.SC2Replay|
145 0 10 |[10, 0, 0]| | Terraform LE.SC2Replay|
146 0 10 |[10, 0, 0]| | Terraform LE.SC2Replay|
147 0 10 |[10, 0, 0]| | Terraform LE.SC2Replay|
148 0 10 |[10, 0, 0]| | Terraform LE.SC2Replay|
149 0 10 |[10, 0, 0]| | Terraform LE.SC2Replay|
150 0 10 |[10, 0, 0]| | Terraform LE.SC2Replay|
151 0 10 |[10, 0, 0]| | Terraform LE.SC2Replay|
152 0 10 |[10, 0, 1]| | Terraform LE.SC2Replay|
153 0 10 |[10, 0, 1]| | Terraform LE.SC2Replay|
154 0 10 |[10, 0, 1]| | Terraform LE.SC2Replay|
155 0 10 |[10, 0, 1]| | Terraform LE.SC2Replay|
156 0 10 |[10, 0, 1]| | Terraform LE.SC2Replay|
157 0 10 |[10, 0, 1]| | Terraform LE.SC2Replay|
158 0 10 |[10, 0, 1]| | Terraform LE.SC2Replay|
159 0 10 |[10, 0, 1]| | Terraform LE.SC2Replay|
160 0 10 |[10, 0, 1]| | Terraform LE.SC2Replay|
161 0 10 |[10, 0, 1]| | Terraform LE.SC2Replay|
162 0 10 |[10, 0, 1]| | Terraform LE.SC2Replay|
163 0 10 |[10, 0, 1]| | Terraform LE.SC2Replay|
164 0 10 |[10, 0, 1]| | Terraform LE.SC2Replay|
165 0 10 |[10, 0, 1]| | Terraform LE.SC2Replay|
166 0 10 |[10, 0, 1]| | Terraform LE.SC2Replay|
167 0 10 |[10, 0, 1]| | Terraform LE.SC2Replay|
168 0 10 |[10, 0, 1]| | Terraform LE.SC2Replay|
169 0 10 |[10, 0, 1]| | Terraform LE.SC2Replay|
170 0 10 |[10, 0, 1]| | Terraform LE.SC2Replay|
171 0 10 |[10, 0, 1]| | Terraform LE.SC2Replay|
172 0 10 |[10, 0, 1]| | Terraform LE.SC2Replay|
173 0 10 |[10, 0, 1]| | Terraform LE.SC2Replay|
174 0 10 |[10, 0, 1]| | Terraform LE.SC2Replay|
175 0 10 |[10, 0, 1]| | Terraform LE.SC2Replay|
176 0 10 |[10, 0, 1]| | Terraform LE.SC2Replay|
177 0 10 |[10, 0, 1]| | Terraform LE.SC2Replay|
178 0 10 |[10, 0, 1]| | Terraform LE.SC2Replay|
179 0 10 |[10, 0, 1]| | Terraform LE.SC2Replay|
180 0 10 |[10, 0, 1]| | Terraform LE.SC2Replay|
181 0 10 |[10, 0, 1]| | Terraform LE.SC2Replay|
182 0 10 |[10, 0, 1]| | Terraform LE.SC2Replay|
183 50 10 |[10, 0, 1]| | Terraform LE.SC2Replay|
184 100 10 |[10, 0, 1]| | Terraform LE.SC2Replay|
185 100 10 |[10, 0, 1]| | Terraform LE.SC2Replay|
186 100 11 |[11, 0, 1]| | Terraform LE.SC2Replay|
187 100 11 |[11, 0, 1]| | Terraform LE.SC2Replay|
188 100 11 |[11, 0, 1]| | Terraform LE.SC2Replay|
189 100 11 |[11, 0, 1]| | Terraform LE.SC2Replay|
190 100 11 |[11, 0, 1]| | Terraform LE.SC2Replay|
191 100 12 |[12, 0, 1]| | Terraform LE.SC2Replay|
192 100 12 |[12, 0, 1]| | Terraform LE.SC2Replay|
193 100 12 |[12, 0, 1]| | Terraform LE.SC2Replay|
194 100 12 |[12, 0, 1]| | Terraform LE.SC2Replay|
195 100 12 |[12, 0, 1]| | Terraform LE.SC2Replay|
196 100 12 |[12, 0, 1]| | Terraform LE.SC2Replay|
197 100 12 |[12, 0, 1]| | Terraform LE.SC2Replay|
198 100 13 |[13, 0, 1]| | Terraform LE.SC2Replay|
199 100 13 |[13, 0, 1]| | Terraform LE.SC2Replay|
200 100 13 |[13, 0, 1]| | Terraform LE.SC2Replay|
201 100 13 |[13, 0, 1]| | Terraform LE.SC2Replay|
202 100 13 |[13, 0, 1]| | Terraform LE.SC2Replay|
203 100 13 |[13, 0, 1]| | Terraform LE.SC2Replay|
204 100 13 |[13, 0, 1]| | Terraform LE.SC2Replay|
205 100 13 |[13, 0, 1]| | Terraform LE.SC2Replay|
206 100 13 |[13, 0, 1]| | Terraform LE.SC2Replay|
207 100 13 |[13, 0, 1]| | Terraform LE.SC2Replay|
208 100 13 |[13, 0, 1]| | Terraform LE.SC2Replay|
209 100 13 |[13, 0, 1]| | Terraform LE.SC2Replay|
210 100 13 |[13, 0, 1]| | Terraform LE.SC2Replay|
211 100 13 |[13, 0, 1]| | Terraform LE.SC2Replay|
212 100 13 |[13, 0, 1]| | Terraform LE.SC2Replay|
213 100 14 |[14, 0, 1]| | Terraform LE.SC2Replay|
214 100 14 |[14, 0, 1]| | Terraform LE.SC2Replay|
215 100 14 |[14, 0, 1]| | Terraform LE.SC2Replay|
216 100 14 |[14, 0, 1]| | Terraform LE.SC2Replay|
217 100 14 |[14, 0, 1]| | Terraform LE.SC2Replay|
218 100 14 |[14, 0, 1]| | Terraform LE.SC2Replay|
219 100 14 |[14, 0, 1]| | Terraform LE.SC2Replay|
220 100 14 |[14, 0, 1]| | Terraform LE.SC2Replay|
221 100 14 |[14, 0, 1]| | Terraform LE.SC2Replay|
222 100 14 |[14, 0, 1]| | Terraform LE.SC2Replay|
223 100 14 |[14, 0, 1]| | Terraform LE.SC2Replay|
224 100 14 |[14, 0, 1]| | Terraform LE.SC2Replay|
225 100 14 |[14, 0, 1]| | Terraform LE.SC2Replay|
226 100 14 |[14, 0, 1]| | Terraform LE.SC2Replay|
227 100 14 |[14, 0, 1]| | Terraform LE.SC2Replay|
228 100 14 |[14, 0, 1]| | Terraform LE.SC2Replay|
229 100 15 |[15, 0, 1]| | Terraform LE.SC2Replay|
230 100 15 |[15, 0, 1]| | Terraform LE.SC2Replay|
231 100 15 |[15, 0, 1]| | Terraform LE.SC2Replay|
232 100 15 |[15, 0, 1]| | Terraform LE.SC2Replay|
233 100 15 |[15, 1, 1]| | Terraform LE.SC2Replay|
234 100 15 |[15, 1, 1]| | Terraform LE.SC2Replay|
235 100 15 |[15, 1, 1]| | Terraform LE.SC2Replay|
236 100 15 |[15, 1, 1]| | Terraform LE.SC2Replay|
237 100 15 |[15, 1, 1]| | Terraform LE.SC2Replay|
238 100 15 |[15, 1, 1]| | Terraform LE.SC2Replay|
239 100 15 |[15, 1, 1]| | Terraform LE.SC2Replay|
240 100 15 |[15, 1, 1]| | Terraform LE.SC2Replay|
241 100 15 |[15, 1, 1]| | Terraform LE.SC2Replay|
242 100 15 |[15, 1, 1]| | Terraform LE.SC2Replay|
243 100 15 |[15, 1, 1]| | Terraform LE.SC2Replay|
244 100 15 |[15, 1, 1]| | Terraform LE.SC2Replay|
245 100 15 |[15, 1, 1]| | Terraform LE.SC2Replay|
246 100 15 |[15, 1, 1]| | Terraform LE.SC2Replay|
247 100 15 |[15, 1, 1]| | Terraform LE.SC2Replay|
248 100 15 |[15, 1, 1]| | Terraform LE.SC2Replay|
249 100 15 |[15, 1, 1]| | Terraform LE.SC2Replay|
250 100 15 |[15, 1, 1]| | Terraform LE.SC2Replay|
251 100 15 |[15, 1, 1]| | Terraform LE.SC2Replay|
252 100 15 |[15, 1, 1]| | Terraform LE.SC2Replay|
253 100 16 |[16, 1, 1]| | Terraform LE.SC2Replay|
254 100 16 |[16, 1, 1]| | Terraform LE.SC2Replay|
255 100 16 |[16, 1, 1]| | Terraform LE.SC2Replay|
256 100 16 |[16, 1, 1]| | Terraform LE.SC2Replay|
257 100 16 |[16, 1, 1]| | Terraform LE.SC2Replay|
258 100 17 |[17, 1, 1]| | Terraform LE.SC2Replay|
259 100 17 |[17, 1, 1]| | Terraform LE.SC2Replay|
260 100 17 |[17, 1, 1]| | Terraform LE.SC2Replay|
261 100 17 |[17, 1, 1]| | Terraform LE.SC2Replay|
262 100 17 |[17, 1, 1]| | Terraform LE.SC2Replay|
263 100 17 |[17, 1, 1]| | Terraform LE.SC2Replay|
264 100 17 |[17, 1, 1]| | Terraform LE.SC2Replay|
265 100 17 |[17, 1, 1]| | Terraform LE.SC2Replay|
266 100 17 |[17, 1, 1]| | Terraform LE.SC2Replay|
267 100 17 |[17, 1, 1]| | Terraform LE.SC2Replay|
268 100 18 |[18, 1, 1]| | Terraform LE.SC2Replay|
269 100 18 |[18, 1, 1]| | Terraform LE.SC2Replay|
270 100 18 |[18, 1, 1]| | Terraform LE.SC2Replay|
271 100 18 |[18, 1, 1]| | Terraform LE.SC2Replay|
272 100 18 |[18, 1, 1]| | Terraform LE.SC2Replay|
273 100 19 |[19, 1, 1]| | Terraform LE.SC2Replay|
274 100 19 |[19, 1, 1]| | Terraform LE.SC2Replay|
275 100 20 |[20, 1, 1]| | Terraform LE.SC2Replay|
276 100 21 |[21, 1, 1]| | Terraform LE.SC2Replay|
277 100 21 |[21, 1, 1]| | Terraform LE.SC2Replay|
278 100 22 |[22, 1, 1]| | Terraform LE.SC2Replay|
279 100 22 |[22, 1, 1]| | Terraform LE.SC2Replay|
280 100 22 |[22, 1, 1]| | Terraform LE.SC2Replay|
281 100 23 |[23, 1, 1]| | Terraform LE.SC2Replay|
282 100 23 |[23, 1, 1]| | Terraform LE.SC2Replay|
283 100 23 |[23, 1, 1]| | Terraform LE.SC2Replay|
284 100 23 |[23, 1, 1]| | Terraform LE.SC2Replay|
285 100 23 |[23, 1, 1]| | Terraform LE.SC2Replay|
286 100 23 |[23, 1, 1]| | Terraform LE.SC2Replay|
287 100 23 |[23, 1, 1]| | Terraform LE.SC2Replay|
288 100 23 |[23, 1, 1]| | Terraform LE.SC2Replay|
289 100 23 |[23, 1, 1]| | Terraform LE.SC2Replay|
290 100 23 |[23, 1, 1]| | Terraform LE.SC2Replay|
291 100 23 |[23, 1, 1]| | Terraform LE.SC2Replay|
292 100 23 |[23, 1, 1]| | Terraform LE.SC2Replay|
293 100 23 |[23, 1, 1]| | Terraform LE.SC2Replay|
294 100 24 |[24, 1, 1]| | Terraform LE.SC2Replay|
295 100 24 |[24, 1, 1]| | Terraform LE.SC2Replay|
296 100 24 |[24, 1, 1]| | Terraform LE.SC2Replay|
297 100 24 |[24, 1, 1]| | Terraform LE.SC2Replay|
298 100 24 |[24, 1, 1]| | Terraform LE.SC2Replay|
299 100 24 |[24, 1, 1]| | Terraform LE.SC2Replay|
300 100 24 |[24, 1, 1]| | Terraform LE.SC2Replay|
301 100 24 |[24, 1, 1]| | Terraform LE.SC2Replay|
302 100 24 |[24, 1, 1]| | Terraform LE.SC2Replay|
303 100 24 |[24, 1, 1]| | Terraform LE.SC2Replay|
304 100 24 |[24, 1, 1]| | Terraform LE.SC2Replay|
305 100 24 |[24, 1, 1]| | Terraform LE.SC2Replay|
306 100 24 |[24, 1, 1]| | Terraform LE.SC2Replay|
307 100 25 |[25, 1, 1]| | Terraform LE.SC2Replay|
308 100 25 |[25, 1, 1]| | Terraform LE.SC2Replay|
309 100 25 |[25, 1, 1]| | Terraform LE.SC2Replay|
310 100 25 |[25, 1, 1]| | Terraform LE.SC2Replay|
311 100 25 |[25, 1, 1]| | Terraform LE.SC2Replay|
312 100 25 |[25, 1, 1]| | Terraform LE.SC2Replay|
313 100 26 |[26, 1, 1]| | Terraform LE.SC2Replay|
314 100 26 |[26, 1, 1]| | Terraform LE.SC2Replay|
315 100 26 |[26, 1, 1]| | Terraform LE.SC2Replay|
316 100 27 |[27, 1, 1]| | Terraform LE.SC2Replay|
317 100 27 |[27, 1, 1]| | Terraform LE.SC2Replay|
318 100 27 |[27, 1, 1]| | Terraform LE.SC2Replay|
319 100 27 |[27, 1, 1]| | Terraform LE.SC2Replay|
320 100 28 |[28, 1, 1]| | Terraform LE.SC2Replay|
321 100 28 |[28, 1, 1]| | Terraform LE.SC2Replay|
322 100 28 |[28, 1, 1]| | Terraform LE.SC2Replay|
323 100 28 |[28, 1, 1]| | Terraform LE.SC2Replay|
324 100 28 |[28, 1, 1]| | Terraform LE.SC2Replay|
325 100 28 |[28, 1, 1]| | Terraform LE.SC2Replay|
326 100 28 |[28, 1, 1]| | Terraform LE.SC2Replay|
327 100 29 |[29, 1, 1]| | Terraform LE.SC2Replay|
328 100 30 |[30, 1, 1]| | Terraform LE.SC2Replay|
329 100 31 |[31, 1, 1]| | Terraform LE.SC2Replay|
330 100 31 |[31, 1, 1]| | Terraform LE.SC2Replay|
331 100 31 |[31, 1, 1]| | Terraform LE.SC2Replay|
332 100 31 |[31, 1, 1]| | Terraform LE.SC2Replay|
333 100 32 |[32, 1, 1]| | Terraform LE.SC2Replay|
334 100 33 |[33, 1, 1]| | Terraform LE.SC2Replay|
335 100 33 |[33, 1, 1]| | Terraform LE.SC2Replay|
336 100 33 |[33, 1, 1]| | Terraform LE.SC2Replay|
337 100 33 |[33, 1, 1]| | Terraform LE.SC2Replay|
338 100 34 |[34, 1, 1]| | Terraform LE.SC2Replay|
339 100 34 |[34, 1, 1]| | Terraform LE.SC2Replay|
340 100 34 |[34, 1, 1]| | Terraform LE.SC2Replay|
341 100 34 |[34, 1, 1]| | Terraform LE.SC2Replay|
342 100 34 |[34, 1, 1]| | Terraform LE.SC2Replay|
343 100 34 |[34, 1, 1]| | Terraform LE.SC2Replay|
344 100 34 |[34, 1, 1]| | Terraform LE.SC2Replay|
345 100 34 |[34, 1, 1]| | Terraform LE.SC2Replay|
346 100 34 |[34, 1, 1]| | Terraform LE.SC2Replay|
347 100 34 |[34, 1, 1]| | Terraform LE.SC2Replay|
348 100 34 |[34, 1, 1]| | Terraform LE.SC2Replay|
349 100 34 |[34, 1, 1]| | Terraform LE.SC2Replay|
350 100 34 |[34, 1, 1]| | Terraform LE.SC2Replay|
351 100 34 |[34, 1, 1]| | Terraform LE.SC2Replay|
352 100 34 |[34, 1, 1]| | Terraform LE.SC2Replay|
353 100 34 |[34, 1, 1]| | Terraform LE.SC2Replay|
354 100 34 |[34, 1, 1]| | Terraform LE.SC2Replay|
355 100 34 |[34, 1, 1]| | Terraform LE.SC2Replay|
356 100 34 |[34, 1, 1]| | Terraform LE.SC2Replay|
357 100 34 |[34, 1, 1]| | Terraform LE.SC2Replay|
358 100 34 |[34, 1, 1]| | Terraform LE.SC2Replay|
359 100 34 |[34, 1, 1]| | Terraform LE.SC2Replay|
360 100 34 |[34, 1, 1]| | Terraform LE.SC2Replay|
361 100 34 |[34, 1, 1]| | Terraform LE.SC2Replay|
362 100 34 |[34, 1, 1]| | Terraform LE.SC2Replay|
363 100 34 |[34, 1, 1]| | Terraform LE.SC2Replay|
364 100 34 |[34, 1, 1]| | Terraform LE.SC2Replay|
365 100 35 |[35, 1, 1]| | Terraform LE.SC2Replay|
366 100 35 |[35, 1, 1]| | Terraform LE.SC2Replay|
367 100 35 |[35, 2, 1]| | Terraform LE.SC2Replay|
368 100 35 |[35, 2, 1]| | Terraform LE.SC2Replay|
369 100 36 |[36, 2, 1]| | Terraform LE.SC2Replay|
370 100 36 |[36, 2, 1]| | Terraform LE.SC2Replay|
371 100 36 |[36, 2, 1]| | Terraform LE.SC2Replay|
372 100 36 |[36, 2, 1]| | Terraform LE.SC2Replay|
373 100 36 |[36, 2, 1]| | Terraform LE.SC2Replay|
374 100 36 |[36, 2, 1]| | Terraform LE.SC2Replay|
375 100 36 |[36, 2, 1]| | Terraform LE.SC2Replay|
376 100 36 |[36, 2, 1]| | Terraform LE.SC2Replay|
377 100 36 |[36, 2, 1]| | Terraform LE.SC2Replay|
378 100 36 |[36, 2, 1]| | Terraform LE.SC2Replay|
379 100 36 |[36, 2, 1]| | Terraform LE.SC2Replay|
380 100 37 |[37, 2, 1]| | Terraform LE.SC2Replay|
381 100 38 |[38, 2, 1]| | Terraform LE.SC2Replay|
382 100 39 |[39, 2, 1]| | Terraform LE.SC2Replay|
383 100 39 |[39, 2, 1]| | Terraform LE.SC2Replay|
384 100 39 |[39, 2, 1]| | Terraform LE.SC2Replay|
385 100 39 |[39, 2, 1]| | Terraform LE.SC2Replay|
386 100 39 |[39, 2, 1]| | Terraform LE.SC2Replay|
387 100 39 |[39, 2, 1]| | Terraform LE.SC2Replay|
388 100 39 |[39, 2, 1]| | Terraform LE.SC2Replay|
389 100 39 |[39, 2, 1]| | Terraform LE.SC2Replay|
390 100 39 |[39, 2, 1]| | Terraform LE.SC2Replay|
391 150 39 |[39, 2, 1]| | Terraform LE.SC2Replay|
392 200 39 |[39, 2, 1]| | Terraform LE.SC2Replay|
393 250 39 |[39, 2, 1]| | Terraform LE.SC2Replay|
394 300 39 |[39, 2, 1]| | Terraform LE.SC2Replay|
395 300 39 |[39, 2, 1]| | Terraform LE.SC2Replay|
396 300 39 |[39, 2, 1]| | Terraform LE.SC2Replay|
397 300 39 |[39, 2, 1]| | Terraform LE.SC2Replay|
398 300 39 |[39, 2, 1]| | Terraform LE.SC2Replay|
399 300 39 |[39, 2, 1]| | Terraform LE.SC2Replay|
400 300 39 |[39, 2, 1]| | Terraform LE.SC2Replay|
401 300 39 |[39, 2, 1]| | Terraform LE.SC2Replay|
402 300 39 |[39, 2, 1]| | Terraform LE.SC2Replay|
403 300 39 |[39, 2, 1]| | Terraform LE.SC2Replay|
404 300 39 |[39, 2, 1]| | Terraform LE.SC2Replay|
405 300 39 |[39, 2, 1]| | Terraform LE.SC2Replay|
406 300 39 |[39, 2, 1]| | Terraform LE.SC2Replay|
407 300 39 |[39, 2, 1]| | Terraform LE.SC2Replay|
408 300 39 |[39, 2, 1]| | Terraform LE.SC2Replay|
409 300 39 |[39, 2, 1]| | Terraform LE.SC2Replay|
410 300 39 |[39, 2, 1]| | Terraform LE.SC2Replay|
411 300 39 |[39, 2, 1]| | Terraform LE.SC2Replay|
412 300 39 |[39, 2, 1]| | Terraform LE.SC2Replay|
413 300 39 |[39, 2, 1]| | Terraform LE.SC2Replay|
414 300 39 |[39, 2, 1]| | Terraform LE.SC2Replay|
415 300 39 |[39, 2, 1]| | Terraform LE.SC2Replay|
416 300 39 |[39, 2, 1]| | Terraform LE.SC2Replay|
417 300 39 |[39, 2, 1]| | Terraform LE.SC2Replay|
418 300 39 |[39, 2, 1]| | Terraform LE.SC2Replay|
419 300 39 |[39, 2, 1]| | Terraform LE.SC2Replay|
420 300 39 |[39, 2, 1]| | Terraform LE.SC2Replay|
421 300 39 |[39, 2, 1]| | Terraform LE.SC2Replay|
422 300 39 |[39, 2, 1]| | Terraform LE.SC2Replay|
423 300 39 |[39, 2, 1]| | Terraform LE.SC2Replay|
424 300 39 |[39, 2, 1]| | Terraform LE.SC2Replay|
425 300 39 |[39, 2, 1]| | Terraform LE.SC2Replay|
426 300 39 |[39, 2, 1]| | Terraform LE.SC2Replay|
427 300 39 |[39, 2, 1]| | Terraform LE.SC2Replay|
428 300 39 |[39, 2, 1]| | Terraform LE.SC2Replay|
429 300 39 |[39, 2, 1]| | Terraform LE.SC2Replay|
430 300 39 |[39, 2, 1]| | Terraform LE.SC2Replay|
431 300 39 |[39, 2, 1]| | Terraform LE.SC2Replay|
432 300 39 |[39, 2, 1]| | Terraform LE.SC2Replay|
433 300 39 |[39, 2, 1]| | Terraform LE.SC2Replay|
434 300 39 |[39, 2, 1]| | Terraform LE.SC2Replay|
435 300 39 |[39, 2, 1]| | Terraform LE.SC2Replay|
436 300 39 |[39, 2, 1]| | Terraform LE.SC2Replay|
437 300 39 |[39, 2, 1]| | Terraform LE.SC2Replay|
438 300 39 |[39, 2, 1]| | Terraform LE.SC2Replay|
439 300 39 |[39, 2, 1]| | Terraform LE.SC2Replay|
440 300 39 |[39, 2, 1]| | Terraform LE.SC2Replay|
441 300 39 |[39, 2, 1]| | Terraform LE.SC2Replay|
442 300 39 |[39, 2, 1]| | Terraform LE.SC2Replay|
443 300 39 |[39, 2, 1]| | Terraform LE.SC2Replay|
444 300 39 |[39, 2, 1]| | Terraform LE.SC2Replay|
445 300 39 |[39, 2, 1]| | Terraform LE.SC2Replay|
446 300 39 |[39, 2, 1]| | Terraform LE.SC2Replay|
447 300 39 |[39, 2, 1]| | Terraform LE.SC2Replay|
448 300 39 |[39, 2, 1]| | Terraform LE.SC2Replay|
449 300 39 |[39, 2, 1]| | Terraform LE.SC2Replay|
450 300 39 |[39, 2, 1]| | Terraform LE.SC2Replay|
451 300 39 |[39, 2, 1]| | Terraform LE.SC2Replay|
452 300 39 |[39, 2, 1]| | Terraform LE.SC2Replay|
453 300 39 |[39, 2, 1]| | Terraform LE.SC2Replay|
454 300 39 |[39, 2, 1]| | Terraform LE.SC2Replay|
455 300 39 |[39, 2, 1]| | Terraform LE.SC2Replay|
456 300 39 |[39, 2, 1]| | Terraform LE.SC2Replay|
457 300 40 |[40, 2, 1]| | Terraform LE.SC2Replay|
458 300 40 |[40, 2, 1]| | Terraform LE.SC2Replay|
459 300 40 |[40, 2, 1]| | Terraform LE.SC2Replay|
460 300 40 |[40, 2, 1]| | Terraform LE.SC2Replay|
461 300 40 |[40, 2, 1]| | Terraform LE.SC2Replay|
462 300 40 |[40, 2, 1]| | Terraform LE.SC2Replay|
463 300 40 |[40, 2, 1]| | Terraform LE.SC2Replay|
464 300 40 |[40, 2, 1]| | Terraform LE.SC2Replay|
465 300 40 |[40, 2, 1]| | Terraform LE.SC2Replay|
466 300 40 |[40, 2, 1]| | Terraform LE.SC2Replay|
467 300 40 |[40, 2, 1]| | Terraform LE.SC2Replay|
468 300 40 |[40, 2, 1]| | Terraform LE.SC2Replay|
469 300 40 |[40, 2, 1]| | Terraform LE.SC2Replay|
470 300 40 |[40, 2, 1]| | Terraform LE.SC2Replay|
471 300 40 |[40, 2, 1]| | Terraform LE.SC2Replay|
472 300 40 |[40, 2, 1]| | Terraform LE.SC2Replay|
473 300 40 |[40, 2, 1]| | Terraform LE.SC2Replay|
474 300 40 |[40, 2, 1]| | Terraform LE.SC2Replay|
475 300 40 |[40, 2, 1]| | Terraform LE.SC2Replay|
476 300 40 |[40, 2, 1]| | Terraform LE.SC2Replay|
477 300 40 |[40, 2, 1]| | Terraform LE.SC2Replay|
478 300 40 |[40, 2, 1]| | Terraform LE.SC2Replay|
479 300 40 |[40, 2, 1]| | Terraform LE.SC2Replay|
480 300 40 |[40, 2, 1]| | Terraform LE.SC2Replay|
481 300 40 |[40, 2, 1]| | Terraform LE.SC2Replay|
482 300 40 |[40, 2, 1]| | Terraform LE.SC2Replay|
483 300 40 |[40, 2, 1]| | Terraform LE.SC2Replay|
484 300 40 |[40, 2, 1]| | Terraform LE.SC2Replay|
485 300 40 |[40, 2, 1]| | Terraform LE.SC2Replay|
486 300 40 |[40, 2, 1]| | Terraform LE.SC2Replay|
487 300 40 |[40, 2, 1]| | Terraform LE.SC2Replay|
488 300 40 |[40, 2, 1]| | Terraform LE.SC2Replay|
489 300 41 |[41, 2, 1]| | Terraform LE.SC2Replay|
490 300 41 |[41, 2, 1]| | Terraform LE.SC2Replay|
491 300 41 |[41, 2, 1]| | Terraform LE.SC2Replay|
492 300 41 |[41, 2, 1]| | Terraform LE.SC2Replay|
493 300 41 |[41, 2, 1]| | Terraform LE.SC2Replay|
494 300 41 |[41, 2, 1]| | Terraform LE.SC2Replay|
495 300 41 |[41, 2, 1]| | Terraform LE.SC2Replay|
496 300 41 |[41, 2, 1]| | Terraform LE.SC2Replay|
497 300 41 |[41, 2, 1]| | Terraform LE.SC2Replay|
498 300 41 |[41, 2, 1]| | Terraform LE.SC2Replay|
499 300 41 |[41, 2, 1]| | Terraform LE.SC2Replay|
500 300 41 |[41, 2, 1]| | Terraform LE.SC2Replay|
501 300 41 |[41, 2, 1]| | Terraform LE.SC2Replay|
502 300 41 |[41, 2, 1]| | Terraform LE.SC2Replay|
503 300 41 |[41, 2, 1]| | Terraform LE.SC2Replay|
504 300 41 |[41, 2, 1]| | Terraform LE.SC2Replay|
505 300 41 |[41, 2, 1]| | Terraform LE.SC2Replay|
506 300 41 |[41, 2, 1]| | Terraform LE.SC2Replay|
507 300 41 |[41, 2, 1]| | Terraform LE.SC2Replay|
508 300 41 |[41, 2, 1]| | Terraform LE.SC2Replay|
509 300 41 |[41, 2, 1]| | Terraform LE.SC2Replay|
510 300 41 |[41, 2, 1]| | Terraform LE.SC2Replay|
511 300 41 |[41, 2, 1]| | Terraform LE.SC2Replay|
512 300 41 |[41, 2, 1]| | Terraform LE.SC2Replay|
513 300 41 |[41, 2, 1]| | Terraform LE.SC2Replay|
514 300 41 |[41, 2, 1]| | Terraform LE.SC2Replay|
515 300 41 |[41, 2, 1]| | Terraform LE.SC2Replay|
516 300 42 |[42, 2, 1]| | Terraform LE.SC2Replay|
517 300 43 |[43, 2, 1]| | Terraform LE.SC2Replay|
518 300 44 |[44, 2, 1]| | Terraform LE.SC2Replay|
519 300 44 |[44, 2, 1]| | Terraform LE.SC2Replay|
520 300 44 |[44, 2, 1]| | Terraform LE.SC2Replay|
521 300 44 |[44, 2, 1]| | Terraform LE.SC2Replay|
522 300 44 |[44, 2, 1]| | Terraform LE.SC2Replay|
523 300 44 |[44, 2, 1]| | Terraform LE.SC2Replay|
524 300 44 |[44, 2, 1]| | Terraform LE.SC2Replay|
525 300 44 |[44, 2, 1]| | Terraform LE.SC2Replay|
526 300 44 |[44, 2, 1]| | Terraform LE.SC2Replay|
527 300 44 |[44, 2, 1]| | Terraform LE.SC2Replay|
528 300 44 |[44, 2, 1]| | Terraform LE.SC2Replay|
529 300 45 |[45, 2, 1]| | Terraform LE.SC2Replay|
530 300 45 |[45, 2, 1]| | Terraform LE.SC2Replay|
531 300 45 |[45, 2, 1]| | Terraform LE.SC2Replay|
532 300 45 |[45, 2, 1]| | Terraform LE.SC2Replay|
533 300 45 |[45, 2, 1]| | Terraform LE.SC2Replay|
534 300 45 |[45, 2, 1]| | Terraform LE.SC2Replay|
535 300 45 |[45, 2, 1]| | Terraform LE.SC2Replay|
536 300 45 |[45, 2, 1]| | Terraform LE.SC2Replay|
537 300 45 |[45, 2, 1]| | Terraform LE.SC2Replay|
538 300 45 |[45, 2, 1]| | Terraform LE.SC2Replay|
539 300 45 |[45, 2, 1]| | Terraform LE.SC2Replay|
540 300 45 |[45, 2, 1]| | Terraform LE.SC2Replay|
541 300 45 |[45, 2, 1]| | Terraform LE.SC2Replay|
542 300 45 |[45, 2, 1]| | Terraform LE.SC2Replay|
543 300 45 |[45, 2, 1]| | Terraform LE.SC2Replay|
544 300 45 |[45, 2, 1]| | Terraform LE.SC2Replay|
545 300 45 |[45, 2, 1]| | Terraform LE.SC2Replay|
546 300 45 |[45, 2, 1]| | Terraform LE.SC2Replay|
547 300 45 |[45, 2, 1]| | Terraform LE.SC2Replay|
548 300 45 |[45, 2, 1]| | Terraform LE.SC2Replay|
549 300 45 |[45, 2, 1]| | Terraform LE.SC2Replay|
550 300 45 |[45, 2, 1]| | Terraform LE.SC2Replay|
551 300 45 |[45, 2, 1]| | Terraform LE.SC2Replay|
552 300 45 |[45, 2, 1]| | Terraform LE.SC2Replay|
553 300 45 |[45, 2, 1]| | Terraform LE.SC2Replay|
554 300 45 |[45, 2, 1]| | Terraform LE.SC2Replay|
555 300 45 |[45, 2, 1]| | Terraform LE.SC2Replay|
556 300 45 |[45, 2, 1]| | Terraform LE.SC2Replay|
557 300 45 |[45, 2, 1]| | Terraform LE.SC2Replay|
558 300 45 |[45, 2, 1]| | Terraform LE.SC2Replay|
559 300 45 |[45, 2, 1]| | Terraform LE.SC2Replay|
560 300 45 |[45, 2, 1]| | Terraform LE.SC2Replay|
561 300 46 |[46, 2, 1]| | Terraform LE.SC2Replay|
562 300 47 |[47, 2, 1]| | Terraform LE.SC2Replay|
563 300 48 |[48, 2, 1]| | Terraform LE.SC2Replay|
564 300 49 |[49, 2, 1]| | Terraform LE.SC2Replay|
565 300 49 |[49, 2, 1]| | Terraform LE.SC2Replay|
566 300 49 |[49, 2, 1]| | Terraform LE.SC2Replay|
567 300 49 |[49, 2, 1]| | Terraform LE.SC2Replay|
568 300 49 |[49, 2, 1]| | Terraform LE.SC2Replay|
569 300 49 |[49, 2, 1]| | Terraform LE.SC2Replay|
570 300 49 |[49, 2, 1]| | Terraform LE.SC2Replay|
571 300 50 |[50, 2, 1]| | Terraform LE.SC2Replay|
572 300 50 |[50, 2, 1]| | Terraform LE.SC2Replay|
573 300 51 |[51, 2, 1]| | Terraform LE.SC2Replay|
574 300 51 |[51, 2, 1]| | Terraform LE.SC2Replay|
575 300 51 |[51, 2, 1]| | Terraform LE.SC2Replay|
576 300 51 |[51, 2, 1]| | Terraform LE.SC2Replay|
577 300 51 |[51, 2, 1]| | Terraform LE.SC2Replay|
578 300 51 |[51, 2, 1]| | Terraform LE.SC2Replay|
579 300 51 |[51, 2, 1]| | Terraform LE.SC2Replay|
580 300 51 |[51, 2, 1]| | Terraform LE.SC2Replay|
581 300 51 |[51, 2, 1]| | Terraform LE.SC2Replay|
582 300 51 |[51, 2, 1]| | Terraform LE.SC2Replay|
583 300 51 |[51, 2, 1]| | Terraform LE.SC2Replay|
584 300 51 |[51, 2, 1]| | Terraform LE.SC2Replay|
585 300 51 |[51, 2, 1]| | Terraform LE.SC2Replay|
586 300 51 |[51, 2, 1]| | Terraform LE.SC2Replay|
587 300 51 |[51, 2, 1]| | Terraform LE.SC2Replay|
588 300 51 |[51, 2, 1]| | Terraform LE.SC2Replay|
589 300 51 |[51, 2, 1]| | Terraform LE.SC2Replay|
590 300 51 |[51, 2, 1]| | Terraform LE.SC2Replay|
591 300 51 |[51, 2, 1]| | Terraform LE.SC2Replay|
592 300 51 |[51, 2, 1]| | Terraform LE.SC2Replay|
593 300 51 |[51, 2, 1]| | Terraform LE.SC2Replay|
594 300 51 |[51, 2, 1]| | Terraform LE.SC2Replay|
595 300 51 |[51, 2, 1]| | Terraform LE.SC2Replay|
596 300 51 |[51, 2, 1]| | Terraform LE.SC2Replay|
597 300 51 |[51, 2, 1]| | Terraform LE.SC2Replay|
598 300 51 |[51, 2, 1]| | Terraform LE.SC2Replay|
599 300 51 |[51, 2, 1]| | Terraform LE.SC2Replay|
600 300 51 |[51, 2, 1]| | Terraform LE.SC2Replay|
601 300 51 |[51, 2, 1]| | Terraform LE.SC2Replay|
602 300 51 |[51, 2, 1]| | Terraform LE.SC2Replay|
603 300 51 |[51, 2, 1]| | Terraform LE.SC2Replay|
604 300 51 |[51, 2, 1]| | Terraform LE.SC2Replay|
605 300 51 |[51, 2, 1]| | Terraform LE.SC2Replay|
606 300 51 |[51, 2, 1]| | Terraform LE.SC2Replay|
607 300 51 |[51, 2, 1]| | Terraform LE.SC2Replay|
608 300 51 |[51, 2, 1]| | Terraform LE.SC2Replay|
609 300 51 |[51, 2, 1]| | Terraform LE.SC2Replay|
610 300 51 |[51, 2, 1]| | Terraform LE.SC2Replay|
611 300 51 |[51, 2, 1]| | Terraform LE.SC2Replay|
612 300 51 |[51, 2, 1]| | Terraform LE.SC2Replay|
613 300 51 |[51, 2, 1]| | Terraform LE.SC2Replay|
